unique_fact_id,technical_topic,concise_factual_claim,short_engineering_explanation,application_limitations_or_context,appropriate_destination_page,supporting_source,source_citation,last_reviewed_date,human_technical_review_required,approval_status
PGE-CGMP-0001,"Ventilation, air filtration, air heating and cooling",Adequate ventilation must be provided.,"Engineering implication: implementation evidence should address ventilation, air filtration, air heating and cooling.",U.S. finished-pharmaceutical CGMP requirement; confirm the current text of 21 CFR § 211.46(a) for the regulated product and operation.,knowledge-center/quality-facilities.html,https://www.ecfr.gov/current/title-21/chapter-I/subchapter-C/part-211/section-211.46,21 CFR § 211.46(a),2026-08-07,No,Approved for batch 1
PGE-CGMP-0002,Design and construction features,Storage of drug products after release;,Engineering implication: implementation evidence should address design and construction features.,U.S. finished-pharmaceutical CGMP requirement; confirm the current text of 21 CFR § 211.42(8) for the regulated product and operation.,knowledge-center/quality-facilities.html,https://www.ecfr.gov/current/title-21/chapter-I/subchapter-C/part-211/section-211.42,21 CFR § 211.42(8),2026-08-07,No,Approved for batch 1
PGE-CGMP-0003,Design and construction features,Manufacturing and processing operations;,Engineering implication: implementation evidence should address design and construction features.,U.S. finished-pharmaceutical CGMP requirement; confirm the current text of 21 CFR § 211.42(5) for the regulated product and operation.,knowledge-center/quality-facilities.html,https://www.ecfr.gov/current/title-21/chapter-I/subchapter-C/part-211/section-211.42,21 CFR § 211.42(5),2026-08-07,No,Approved for batch 1
PGE-CGMP-0004,Lighting,Adequate lighting must be provided in all areas.,Engineering implication: implementation evidence should address lighting.,U.S. finished-pharmaceutical CGMP requirement; confirm the current text of 21 CFR § 211.44 for the regulated product and operation.,knowledge-center/quality-facilities.html,https://www.ecfr.gov/current/title-21/chapter-I/subchapter-C/part-211/section-211.44,21 CFR § 211.44,2026-08-07,No,Approved for batch 1
PGE-CGMP-0005,Design and construction features,A system for monitoring environmental conditions;,Engineering implication: implementation evidence should address design and construction features.,U.S. finished-pharmaceutical CGMP requirement; confirm the current text of 21 CFR § 211.42(iv) for the regulated product and operation.,knowledge-center/quality-facilities.html,https://www.ecfr.gov/current/title-21/chapter-I/subchapter-C/part-211/section-211.42,21 CFR § 211.42(iv),2026-08-07,No,Approved for batch 1
PGE-CGMP-0006,Design and construction features,"Aseptic processing, which includes as appropriate:",Engineering implication: implementation evidence should address design and construction features.,U.S. finished-pharmaceutical CGMP requirement; confirm the current text of 21 CFR § 211.42(10) for the regulated product and operation.,knowledge-center/quality-facilities.html,https://www.ecfr.gov/current/title-21/chapter-I/subchapter-C/part-211/section-211.42,21 CFR § 211.42(10),2026-08-07,No,Approved for batch 1
PGE-CGMP-0007,Design and construction features,Quarantine storage before release of drug products;,Engineering implication: implementation evidence should address design and construction features.,U.S. finished-pharmaceutical CGMP requirement; confirm the current text of 21 CFR § 211.42(7) for the regulated product and operation.,knowledge-center/quality-facilities.html,https://www.ecfr.gov/current/title-21/chapter-I/subchapter-C/part-211/section-211.42,21 CFR § 211.42(7),2026-08-07,No,Approved for batch 1
PGE-CGMP-0008,Personnel responsibilities,Personnel must practice good sanitation and health habits.,Engineering implication: implementation evidence should address personnel responsibilities.,U.S. finished-pharmaceutical CGMP requirement; confirm the current text of 21 CFR § 211.28(b) for the regulated product and operation.,knowledge-center/quality-facilities.html,https://www.ecfr.gov/current/title-21/chapter-I/subchapter-C/part-211/section-211.28,21 CFR § 211.28(b),2026-08-07,No,Approved for batch 1
PGE-CGMP-0009,Design and construction features,A system for maintaining any equipment used to control the aseptic conditions.,Engineering implication: implementation evidence should address design and construction features.,U.S. finished-pharmaceutical CGMP requirement; confirm the current text of 21 CFR § 211.42(vi) for the regulated product and operation.,knowledge-center/quality-facilities.html,https://www.ecfr.gov/current/title-21/chapter-I/subchapter-C/part-211/section-211.42,21 CFR § 211.42(vi),2026-08-07,No,Approved for batch 1
PGE-CGMP-0010,Design and construction features,"Floors, walls, and ceilings of smooth, hard surfaces that are easily cleanable;",Engineering implication: implementation evidence should address design and construction features.,U.S. finished-pharmaceutical CGMP requirement; confirm the current text of 21 CFR § 211.42(i) for the regulated product and operation.,knowledge-center/quality-facilities.html,https://www.ecfr.gov/current/title-21/chapter-I/subchapter-C/part-211/section-211.42,21 CFR § 211.42(i),2026-08-07,No,Approved for batch 1
PGE-CGMP-0011,Design and construction features,"Storage of released components, drug product containers, closures, and labeling;",Engineering implication: implementation evidence should address design and construction features.,U.S. finished-pharmaceutical CGMP requirement; confirm the current text of 21 CFR § 211.42(3) for the regulated product and operation.,knowledge-center/quality-facilities.html,https://www.ecfr.gov/current/title-21/chapter-I/subchapter-C/part-211/section-211.42,21 CFR § 211.42(3),2026-08-07,No,Approved for batch 1
PGE-CGMP-0012,Design and construction features,A system for cleaning and disinfecting the room and equipment to produce aseptic conditions;,Engineering implication: implementation evidence should address design and construction features.,U.S. finished-pharmaceutical CGMP requirement; confirm the current text of 21 CFR § 211.42(v) for the regulated product and operation.,knowledge-center/quality-facilities.html,https://www.ecfr.gov/current/title-21/chapter-I/subchapter-C/part-211/section-211.42,21 CFR § 211.42(v),2026-08-07,No,Approved for batch 1
PGE-CGMP-0013,Design and construction features,"Holding rejected components, drug product containers, closures, and labeling before disposition;",Engineering implication: implementation evidence should address design and construction features.,U.S. finished-pharmaceutical CGMP requirement; confirm the current text of 21 CFR § 211.42(2) for the regulated product and operation.,knowledge-center/quality-facilities.html,https://www.ecfr.gov/current/title-21/chapter-I/subchapter-C/part-211/section-211.42,21 CFR § 211.42(2),2026-08-07,No,Approved for batch 1
PGE-CGMP-0014,Sanitation,"Drug-manufacturing buildings must be kept clean, sanitary, free from vermin, and supported by timely, sanitary waste disposal.",Engineering implication: implementation evidence should address sanitation.,U.S. finished-pharmaceutical CGMP requirement; confirm the current text of 21 CFR § 211.56(a) for the regulated product and operation.,knowledge-center/quality-facilities.html,https://www.ecfr.gov/current/title-21/chapter-I/subchapter-C/part-211/section-211.56,21 CFR § 211.56(a),2026-08-07,No,Approved for batch 1
PGE-CGMP-0015,Sewage and refuse,"Sewage, trash, and other refuse in and from the building and immediate premises must be disposed of in a safe and sanitary manner.",Engineering implication: implementation evidence should address sewage and refuse.,U.S. finished-pharmaceutical CGMP requirement; confirm the current text of 21 CFR § 211.50 for the regulated product and operation.,knowledge-center/quality-facilities.html,https://www.ecfr.gov/current/title-21/chapter-I/subchapter-C/part-211/section-211.50,21 CFR § 211.50,2026-08-07,No,Approved for batch 1
PGE-CGMP-0016,Consultants,"Manufacturing consultants must be qualified for their assigned subject, and records must identify their qualifications and services.",Engineering implication: implementation evidence should address consultants.,U.S. finished-pharmaceutical CGMP requirement; confirm the current text of 21 CFR § 211.34 for the regulated product and operation.,knowledge-center/quality-facilities.html,https://www.ecfr.gov/current/title-21/chapter-I/subchapter-C/part-211/section-211.34,21 CFR § 211.34,2026-08-07,No,Approved for batch 1
PGE-CGMP-0017,Personnel qualifications,"Manufacturing supervisors must have education, training, or experience sufficient to perform their assigned quality responsibilities.",Engineering implication: implementation evidence should address personnel qualifications.,U.S. finished-pharmaceutical CGMP requirement; confirm the current text of 21 CFR § 211.25(b) for the regulated product and operation.,knowledge-center/quality-facilities.html,https://www.ecfr.gov/current/title-21/chapter-I/subchapter-C/part-211/section-211.25,21 CFR § 211.25(b),2026-08-07,No,Approved for batch 1
PGE-CGMP-0018,Maintenance,"Any building used in the manufacture, processing, packing, or holding of a drug product must be maintained in a good state of repair.",Engineering implication: implementation evidence should address maintenance.,U.S. finished-pharmaceutical CGMP requirement; confirm the current text of 21 CFR § 211.58 for the regulated product and operation.,knowledge-center/quality-facilities.html,https://www.ecfr.gov/current/title-21/chapter-I/subchapter-C/part-211/section-211.58,21 CFR § 211.58,2026-08-07,No,Approved for batch 1
PGE-CGMP-0019,Responsibilities of quality control unit,The responsibilities and procedures applicable to the quality control unit must be in writing; such written procedures must be followed.,Engineering implication: implementation evidence should address responsibilities of quality control unit.,U.S. finished-pharmaceutical CGMP requirement; confirm the current text of 21 CFR § 211.22(d) for the regulated product and operation.,knowledge-center/quality-facilities.html,https://www.ecfr.gov/current/title-21/chapter-I/subchapter-C/part-211/section-211.22,21 CFR § 211.22(d),2026-08-07,No,Approved for batch 1
PGE-CGMP-0020,Personnel responsibilities,Only personnel authorized by supervisory personnel must enter those areas of the buildings and facilities designated as limited-access areas.,Engineering implication: implementation evidence should address personnel responsibilities.,U.S. finished-pharmaceutical CGMP requirement; confirm the current text of 21 CFR § 211.28(c) for the regulated product and operation.,knowledge-center/quality-facilities.html,https://www.ecfr.gov/current/title-21/chapter-I/subchapter-C/part-211/section-211.28,21 CFR § 211.28(c),2026-08-07,No,Approved for batch 1
PGE-CGMP-0021,Design and construction features,"An air supply filtered through high-efficiency particulate air filters under positive pressure, regardless of whether flow is laminar or nonlaminar;",Engineering implication: implementation evidence should address design and construction features.,U.S. finished-pharmaceutical CGMP requirement; confirm the current text of 21 CFR § 211.42(iii) for the regulated product and operation.,knowledge-center/quality-facilities.html,https://www.ecfr.gov/current/title-21/chapter-I/subchapter-C/part-211/section-211.42,21 CFR § 211.42(iii),2026-08-07,No,Approved for batch 1
PGE-CGMP-0022,"Ventilation, air filtration, air heating and cooling","Air-handling systems for the manufacture, processing, and packing of penicillin must be completely separate from those for other drug products for human use.","Engineering implication: implementation evidence should address ventilation, air filtration, air heating and cooling.",U.S. finished-pharmaceutical CGMP requirement; confirm the current text of 21 CFR § 211.46(d) for the regulated product and operation.,knowledge-center/quality-facilities.html,https://www.ecfr.gov/current/title-21/chapter-I/subchapter-C/part-211/section-211.46,21 CFR § 211.46(d),2026-08-07,No,Approved for batch 1
PGE-CGMP-0023,Personnel qualifications,"Operations must provide an adequate number of qualified personnel to perform and supervise the manufacture, processing, packing, or holding of each drug product.",Engineering implication: implementation evidence should address personnel qualifications.,U.S. finished-pharmaceutical CGMP requirement; confirm the current text of 21 CFR § 211.25(c) for the regulated product and operation.,knowledge-center/quality-facilities.html,https://www.ecfr.gov/current/title-21/chapter-I/subchapter-C/part-211/section-211.25,21 CFR § 211.25(c),2026-08-07,No,Approved for batch 1
PGE-CGMP-0024,Plumbing,"Drains must be of adequate size and, where connected directly to a sewer, must be provided with an air break or other mechanical device to prevent back-siphonage.",Engineering implication: implementation evidence should address plumbing.,U.S. finished-pharmaceutical CGMP requirement; confirm the current text of 21 CFR § 211.48(b) for the regulated product and operation.,knowledge-center/quality-facilities.html,https://www.ecfr.gov/current/title-21/chapter-I/subchapter-C/part-211/section-211.48,21 CFR § 211.48(b),2026-08-07,No,Approved for batch 1
PGE-CGMP-0025,Design and construction features,"Operations relating to the manufacture, processing, and packing of penicillin must be performed in facilities separate from those used for other drug products for human use.",Engineering implication: implementation evidence should address design and construction features.,U.S. finished-pharmaceutical CGMP requirement; confirm the current text of 21 CFR § 211.42(d) for the regulated product and operation.,knowledge-center/quality-facilities.html,https://www.ecfr.gov/current/title-21/chapter-I/subchapter-C/part-211/section-211.42,21 CFR § 211.42(d),2026-08-07,No,Approved for batch 1
PGE-CGMP-0026,Sanitation,Sanitation procedures must apply to work performed by contractors or temporary employees as well as work performed by full-time employees during the ordinary course of operations.,Engineering implication: implementation evidence should address sanitation.,U.S. finished-pharmaceutical CGMP requirement; confirm the current text of 21 CFR § 211.56(d) for the regulated product and operation.,knowledge-center/quality-facilities.html,https://www.ecfr.gov/current/title-21/chapter-I/subchapter-C/part-211/section-211.56,21 CFR § 211.56(d),2026-08-07,No,Approved for batch 1
PGE-CGMP-0027,Responsibilities of quality control unit,"The quality control unit must have the responsibility for approving or rejecting all procedures or specifications impacting on the identity, strength, quality, and purity of the drug product.",Engineering implication: implementation evidence should address responsibilities of quality control unit.,U.S. finished-pharmaceutical CGMP requirement; confirm the current text of 21 CFR § 211.22(c) for the regulated product and operation.,knowledge-center/quality-facilities.html,https://www.ecfr.gov/current/title-21/chapter-I/subchapter-C/part-211/section-211.22,21 CFR § 211.22(c),2026-08-07,No,Approved for batch 1
PGE-CGMP-0028,Washing and toilet facilities,"Adequate washing facilities must be provided, including hot and cold water, soap or detergent, air driers or single-service towels, and clean toilet facilities easily accesible to working areas.",Engineering implication: implementation evidence should address washing and toilet facilities.,U.S. finished-pharmaceutical CGMP requirement; confirm the current text of 21 CFR § 211.52 for the regulated product and operation.,knowledge-center/quality-facilities.html,https://www.ecfr.gov/current/title-21/chapter-I/subchapter-C/part-211/section-211.52,21 CFR § 211.52,2026-08-07,No,Approved for batch 1
PGE-CGMP-0029,"Ventilation, air filtration, air heating and cooling","Equipment for adequate control over air pressure, micro-organisms, dust, humidity, and temperature must be provided when appropriate for the manufacture, processing, packing, or holding of a drug product.","Engineering implication: implementation evidence should address ventilation, air filtration, air heating and cooling.",U.S. finished-pharmaceutical CGMP requirement; confirm the current text of 21 CFR § 211.46(b) for the regulated product and operation.,knowledge-center/quality-facilities.html,https://www.ecfr.gov/current/title-21/chapter-I/subchapter-C/part-211/section-211.46,21 CFR § 211.46(b),2026-08-07,No,Approved for batch 1
PGE-CGMP-0030,Design and construction features,"Any building or buildings used in the manufacture, processing, packing, or holding of a drug product must be of suitable size, construction and location to facilitate cleaning, maintenance, and proper operations.",Engineering implication: implementation evidence should address design and construction features.,U.S. finished-pharmaceutical CGMP requirement; confirm the current text of 21 CFR § 211.42(a) for the regulated product and operation.,knowledge-center/quality-facilities.html,https://www.ecfr.gov/current/title-21/chapter-I/subchapter-C/part-211/section-211.42,21 CFR § 211.42(a),2026-08-07,No,Approved for batch 1
PGE-CGMP-0031,Responsibilities of quality control unit,"Adequate laboratory facilities for the testing and approval (or rejection) of components, drug product containers, closures, packaging materials, in-process materials, and drug products must be available to the quality control unit.",Engineering implication: implementation evidence should address responsibilities of quality control unit.,U.S. finished-pharmaceutical CGMP requirement; confirm the current text of 21 CFR § 211.22(b) for the regulated product and operation.,knowledge-center/quality-facilities.html,https://www.ecfr.gov/current/title-21/chapter-I/subchapter-C/part-211/section-211.22,21 CFR § 211.22(b),2026-08-07,No,Approved for batch 1
PGE-CGMP-0032,Design and construction features,"Receipt, identification, storage, and withholding from use of components, drug product containers, closures, and labeling, pending the appropriate sampling, testing, or examination by the quality control unit before release for manufacturing or packaging;",Engineering implication: implementation evidence should address design and construction features.,U.S. finished-pharmaceutical CGMP requirement; confirm the current text of 21 CFR § 211.42(1) for the regulated product and operation.,knowledge-center/quality-facilities.html,https://www.ecfr.gov/current/title-21/chapter-I/subchapter-C/part-211/section-211.42,21 CFR § 211.42(1),2026-08-07,No,Approved for batch 1
PGE-CGMP-0033,Sanitation,"Operations must provide written procedures assigning responsibility for sanitation and describing in sufficient detail the cleaning schedules, methods, equipment, and materials to be used in cleaning the buildings and facilities; such written procedures must be followed.",Engineering implication: implementation evidence should address sanitation.,U.S. finished-pharmaceutical CGMP requirement; confirm the current text of 21 CFR § 211.56(b) for the regulated product and operation.,knowledge-center/quality-facilities.html,https://www.ecfr.gov/current/title-21/chapter-I/subchapter-C/part-211/section-211.56,21 CFR § 211.56(b),2026-08-07,No,Approved for batch 1
PGE-CGMP-0034,Design and construction features,Operations must be performed within specifically defined areas of adequate size. There must be separate or defined areas or such other control systems for the firm's operations as are necessary to prevent contamination or mixups during the course of the following procedures:,Engineering implication: implementation evidence should address design and construction features.,U.S. finished-pharmaceutical CGMP requirement; confirm the current text of 21 CFR § 211.42(c) for the regulated product and operation.,knowledge-center/quality-facilities.html,https://www.ecfr.gov/current/title-21/chapter-I/subchapter-C/part-211/section-211.42,21 CFR § 211.42(c),2026-08-07,No,Approved for batch 1
PGE-CGMP-0035,Personnel responsibilities,"Personnel engaged in the manufacture, processing, packing, or holding of a drug product must wear clean clothing appropriate for the duties they perform. Protective apparel, such as head, face, hand, and arm coverings, must be worn as necessary to protect drug products from contamination.",Engineering implication: implementation evidence should address personnel responsibilities.,U.S. finished-pharmaceutical CGMP requirement; confirm the current text of 21 CFR § 211.28(a) for the regulated product and operation.,knowledge-center/quality-facilities.html,https://www.ecfr.gov/current/title-21/chapter-I/subchapter-C/part-211/section-211.28,21 CFR § 211.28(a),2026-08-07,No,Approved for batch 1
PGE-CGMP-0036,"Testing and approval or rejection of components, drug product containers, and closures",Samples must be examined and tested as follows:,"Engineering implication: implementation evidence should address testing and approval or rejection of components, drug product containers, and closures.",U.S. finished-pharmaceutical CGMP requirement; confirm the current text of 21 CFR § 211.84(d) for the regulated product and operation.,knowledge-center/equipment-materials.html,https://www.ecfr.gov/current/title-21/chapter-I/subchapter-C/part-211/section-211.84,21 CFR § 211.84(d),2026-08-07,No,Approved for batch 1
PGE-CGMP-0037,Equipment cleaning and maintenance,Removal or obliteration of previous batch identification;,Engineering implication: implementation evidence should address equipment cleaning and maintenance.,U.S. finished-pharmaceutical CGMP requirement; confirm the current text of 21 CFR § 211.67(4) for the regulated product and operation.,knowledge-center/equipment-materials.html,https://www.ecfr.gov/current/title-21/chapter-I/subchapter-C/part-211/section-211.67,21 CFR § 211.67(4),2026-08-07,No,Approved for batch 1
PGE-CGMP-0038,Equipment cleaning and maintenance,Protection of clean equipment from contamination prior to use;,Engineering implication: implementation evidence should address equipment cleaning and maintenance.,U.S. finished-pharmaceutical CGMP requirement; confirm the current text of 21 CFR § 211.67(5) for the regulated product and operation.,knowledge-center/equipment-materials.html,https://www.ecfr.gov/current/title-21/chapter-I/subchapter-C/part-211/section-211.67,21 CFR § 211.67(5),2026-08-07,No,Approved for batch 1
PGE-CGMP-0039,"Testing and approval or rejection of components, drug product containers, and closures","When appropriate, components must be microscopically examined.","Engineering implication: implementation evidence should address testing and approval or rejection of components, drug product containers, and closures.",U.S. finished-pharmaceutical CGMP requirement; confirm the current text of 21 CFR § 211.84(4) for the regulated product and operation.,knowledge-center/equipment-materials.html,https://www.ecfr.gov/current/title-21/chapter-I/subchapter-C/part-211/section-211.84,21 CFR § 211.84(4),2026-08-07,No,Approved for batch 1
PGE-CGMP-0040,Equipment cleaning and maintenance,Inspection of equipment for cleanliness immediately before use.,Engineering implication: implementation evidence should address equipment cleaning and maintenance.,U.S. finished-pharmaceutical CGMP requirement; confirm the current text of 21 CFR § 211.67(6) for the regulated product and operation.,knowledge-center/equipment-materials.html,https://www.ecfr.gov/current/title-21/chapter-I/subchapter-C/part-211/section-211.67,21 CFR § 211.67(6),2026-08-07,No,Approved for batch 1
PGE-CGMP-0041,Equipment cleaning and maintenance,Assignment of responsibility for cleaning and maintaining equipment;,Engineering implication: implementation evidence should address equipment cleaning and maintenance.,U.S. finished-pharmaceutical CGMP requirement; confirm the current text of 21 CFR § 211.67(1) for the regulated product and operation.,knowledge-center/equipment-materials.html,https://www.ecfr.gov/current/title-21/chapter-I/subchapter-C/part-211/section-211.67,21 CFR § 211.67(1),2026-08-07,No,Approved for batch 1
PGE-CGMP-0042,"Testing and approval or rejection of components, drug product containers, and closures",Samples must be collected in accordance with the following procedures:,"Engineering implication: implementation evidence should address testing and approval or rejection of components, drug product containers, and closures.",U.S. finished-pharmaceutical CGMP requirement; confirm the current text of 21 CFR § 211.84(c) for the regulated product and operation.,knowledge-center/equipment-materials.html,https://www.ecfr.gov/current/title-21/chapter-I/subchapter-C/part-211/section-211.84,21 CFR § 211.84(c),2026-08-07,No,Approved for batch 1
PGE-CGMP-0043,"Testing and approval or rejection of components, drug product containers, and closures",Sterile equipment and aseptic sampling techniques must be used when necessary.,"Engineering implication: implementation evidence should address testing and approval or rejection of components, drug product containers, and closures.",U.S. finished-pharmaceutical CGMP requirement; confirm the current text of 21 CFR § 211.84(3) for the regulated product and operation.,knowledge-center/equipment-materials.html,https://www.ecfr.gov/current/title-21/chapter-I/subchapter-C/part-211/section-211.84,21 CFR § 211.84(3),2026-08-07,No,Approved for batch 1
PGE-CGMP-0044,Equipment cleaning and maintenance,"Maintenance and cleaning schedules, including, where appropriate, sanitizing schedules;",Engineering implication: implementation evidence should address equipment cleaning and maintenance.,U.S. finished-pharmaceutical CGMP requirement; confirm the current text of 21 CFR § 211.67(2) for the regulated product and operation.,knowledge-center/equipment-materials.html,https://www.ecfr.gov/current/title-21/chapter-I/subchapter-C/part-211/section-211.67,21 CFR § 211.67(2),2026-08-07,No,Approved for batch 1
PGE-CGMP-0045,"Testing and approval or rejection of components, drug product containers, and closures",Containers from which samples have been taken must be marked to show that samples have been removed from them.,"Engineering implication: implementation evidence should address testing and approval or rejection of components, drug product containers, and closures.",U.S. finished-pharmaceutical CGMP requirement; confirm the current text of 21 CFR § 211.84(6) for the regulated product and operation.,knowledge-center/equipment-materials.html,https://www.ecfr.gov/current/title-21/chapter-I/subchapter-C/part-211/section-211.84,21 CFR § 211.84(6),2026-08-07,No,Approved for batch 1
PGE-CGMP-0046,Equipment cleaning and maintenance,"Records must be kept of maintenance, cleaning, sanitizing, and inspection as specified in §§ 211.180 and 211.182.",Engineering implication: implementation evidence should address equipment cleaning and maintenance.,U.S. finished-pharmaceutical CGMP requirement; confirm the current text of 21 CFR § 211.67(c) for the regulated product and operation.,knowledge-center/equipment-materials.html,https://www.ecfr.gov/current/title-21/chapter-I/subchapter-C/part-211/section-211.67,21 CFR § 211.67(c),2026-08-07,No,Approved for batch 1
PGE-CGMP-0047,General requirements,Components and drug product containers and closures must at all times be handled and stored in a manner to prevent contamination.,Engineering implication: implementation evidence should address general requirements.,U.S. finished-pharmaceutical CGMP requirement; confirm the current text of 21 CFR § 211.80(b) for the regulated product and operation.,knowledge-center/equipment-materials.html,https://www.ecfr.gov/current/title-21/chapter-I/subchapter-C/part-211/section-211.80,21 CFR § 211.80(b),2026-08-07,No,Approved for batch 1
PGE-CGMP-0048,"Testing and approval or rejection of components, drug product containers, and closures",The containers of components selected must be cleaned when necessary in a manner to prevent introduction of contaminants into the component.,"Engineering implication: implementation evidence should address testing and approval or rejection of components, drug product containers, and closures.",U.S. finished-pharmaceutical CGMP requirement; confirm the current text of 21 CFR § 211.84(1) for the regulated product and operation.,knowledge-center/equipment-materials.html,https://www.ecfr.gov/current/title-21/chapter-I/subchapter-C/part-211/section-211.84,21 CFR § 211.84(1),2026-08-07,No,Approved for batch 1
PGE-CGMP-0049,"Testing and approval or rejection of components, drug product containers, and closures","At least one test must be conducted to verify the identity of each component of a drug product. Specific identity tests, if they exist, must be used.","Engineering implication: implementation evidence should address testing and approval or rejection of components, drug product containers, and closures.",U.S. finished-pharmaceutical CGMP requirement; confirm the current text of 21 CFR § 211.84(1) for the regulated product and operation.,knowledge-center/equipment-materials.html,https://www.ecfr.gov/current/title-21/chapter-I/subchapter-C/part-211/section-211.84,21 CFR § 211.84(1),2026-08-07,No,Approved for batch 1
PGE-CGMP-0050,General requirements,"Bagged or boxed components of drug product containers, or closures must be stored off the floor and suitably spaced to permit cleaning and inspection.",Engineering implication: implementation evidence should address general requirements.,U.S. finished-pharmaceutical CGMP requirement; confirm the current text of 21 CFR § 211.80(c) for the regulated product and operation.,knowledge-center/equipment-materials.html,https://www.ecfr.gov/current/title-21/chapter-I/subchapter-C/part-211/section-211.80,21 CFR § 211.80(c),2026-08-07,No,Approved for batch 1
PGE-CGMP-0051,"Testing and approval or rejection of components, drug product containers, and closures","If it is necessary to sample a component from the top, middle, and bottom of its container, such sample subdivisions must not be composited for testing.","Engineering implication: implementation evidence should address testing and approval or rejection of components, drug product containers, and closures.",U.S. finished-pharmaceutical CGMP requirement; confirm the current text of 21 CFR § 211.84(4) for the regulated product and operation.,knowledge-center/equipment-materials.html,https://www.ecfr.gov/current/title-21/chapter-I/subchapter-C/part-211/section-211.84,21 CFR § 211.84(4),2026-08-07,No,Approved for batch 1
PGE-CGMP-0052,Drug product containers and closures,Container closure systems must provide adequate protection against foreseeable external factors in storage and use that can cause deterioration or contamination of the drug product.,Engineering implication: implementation evidence should address drug product containers and closures.,U.S. finished-pharmaceutical CGMP requirement; confirm the current text of 21 CFR § 211.94(b) for the regulated product and operation.,knowledge-center/equipment-materials.html,https://www.ecfr.gov/current/title-21/chapter-I/subchapter-C/part-211/section-211.94,21 CFR § 211.94(b),2026-08-07,No,Approved for batch 1
PGE-CGMP-0053,"Testing and approval or rejection of components, drug product containers, and closures","The containers must be opened, sampled, and resealed in a manner designed to prevent contamination of their contents and contamination of other components, drug product containers, or closures.","Engineering implication: implementation evidence should address testing and approval or rejection of components, drug product containers, and closures.",U.S. finished-pharmaceutical CGMP requirement; confirm the current text of 21 CFR § 211.84(2) for the regulated product and operation.,knowledge-center/equipment-materials.html,https://www.ecfr.gov/current/title-21/chapter-I/subchapter-C/part-211/section-211.84,21 CFR § 211.84(2),2026-08-07,No,Approved for batch 1
PGE-CGMP-0054,"Testing and approval or rejection of components, drug product containers, and closures","Each lot of components, drug product containers, and closures must be withheld from use until the lot has been sampled, tested, or examined, as appropriate, and released for use by the quality control unit.","Engineering implication: implementation evidence should address testing and approval or rejection of components, drug product containers, and closures.",U.S. finished-pharmaceutical CGMP requirement; confirm the current text of 21 CFR § 211.84(a) for the regulated product and operation.,knowledge-center/equipment-materials.html,https://www.ecfr.gov/current/title-21/chapter-I/subchapter-C/part-211/section-211.84,21 CFR § 211.84(a),2026-08-07,No,Approved for batch 1
PGE-CGMP-0055,Drug product containers and closures,"Drug product containers and closures must not be reactive, additive, or absorptive so as to alter the safety, identity, strength, quality, or purity of the drug beyond the official or established requirements.",Engineering implication: implementation evidence should address drug product containers and closures.,U.S. finished-pharmaceutical CGMP requirement; confirm the current text of 21 CFR § 211.94(a) for the regulated product and operation.,knowledge-center/equipment-materials.html,https://www.ecfr.gov/current/title-21/chapter-I/subchapter-C/part-211/section-211.94,21 CFR § 211.94(a),2026-08-07,No,Approved for batch 1
PGE-CGMP-0056,"Testing and approval or rejection of components, drug product containers, and closures","Each lot of a component, drug product container, or closure with potential for microbiological contamination that is objectionable in view of its intended use must be subjected to microbiological tests before use.","Engineering implication: implementation evidence should address testing and approval or rejection of components, drug product containers, and closures.",U.S. finished-pharmaceutical CGMP requirement; confirm the current text of 21 CFR § 211.84(6) for the regulated product and operation.,knowledge-center/equipment-materials.html,https://www.ecfr.gov/current/title-21/chapter-I/subchapter-C/part-211/section-211.84,21 CFR § 211.84(6),2026-08-07,No,Approved for batch 1
PGE-CGMP-0057,"Rejected components, drug product containers, and closures","Rejected components, drug product containers, and closures must be identified and controlled under a quarantine system designed to prevent their use in manufacturing or processing operations for which they are unsuitable.","Engineering implication: implementation evidence should address rejected components, drug product containers, and closures.",U.S. finished-pharmaceutical CGMP requirement; confirm the current text of 21 CFR § 211.89 for the regulated product and operation.,knowledge-center/equipment-materials.html,https://www.ecfr.gov/current/title-21/chapter-I/subchapter-C/part-211/section-211.89,21 CFR § 211.89,2026-08-07,No,Approved for batch 1
PGE-CGMP-0058,Drug product containers and closures,"Standards or specifications, methods of testing, and, where indicated, methods of cleaning, sterilizing, and processing to remove pyrogenic properties must be written and followed for drug product containers and closures.",Engineering implication: implementation evidence should address drug product containers and closures.,U.S. finished-pharmaceutical CGMP requirement; confirm the current text of 21 CFR § 211.94(d) for the regulated product and operation.,knowledge-center/equipment-materials.html,https://www.ecfr.gov/current/title-21/chapter-I/subchapter-C/part-211/section-211.94,21 CFR § 211.94(d),2026-08-07,No,Approved for batch 1
PGE-CGMP-0059,"Use of approved components, drug product containers, and closures","Components, drug product containers, and closures approved for use must be rotated so that the oldest approved stock is used first. Deviation from this requirement is permitted if such deviation is temporary and appropriate.","Engineering implication: implementation evidence should address use of approved components, drug product containers, and closures.",U.S. finished-pharmaceutical CGMP requirement; confirm the current text of 21 CFR § 211.86 for the regulated product and operation.,knowledge-center/equipment-materials.html,https://www.ecfr.gov/current/title-21/chapter-I/subchapter-C/part-211/section-211.86,21 CFR § 211.86,2026-08-07,No,Approved for batch 1
PGE-CGMP-0060,"Testing and approval or rejection of components, drug product containers, and closures","Each lot of a component, drug product container, or closure that is liable to contamination with filth, insect infestation, or other extraneous adulterant must be examined against established specifications for such contamination.","Engineering implication: implementation evidence should address testing and approval or rejection of components, drug product containers, and closures.",U.S. finished-pharmaceutical CGMP requirement; confirm the current text of 21 CFR § 211.84(5) for the regulated product and operation.,knowledge-center/equipment-materials.html,https://www.ecfr.gov/current/title-21/chapter-I/subchapter-C/part-211/section-211.84,21 CFR § 211.84(5),2026-08-07,No,Approved for batch 1
PGE-CGMP-0061,"Receipt and storage of untested components, drug product containers, and closures","Components, drug product containers, and closures must be stored under quarantine until they have been tested or examined, whichever is appropriate, and released. Storage within the area must conform to the requirements of § 211.80.","Engineering implication: implementation evidence should address receipt and storage of untested components, drug product containers, and closures.",U.S. finished-pharmaceutical CGMP requirement; confirm the current text of 21 CFR § 211.82(b) for the regulated product and operation.,knowledge-center/equipment-materials.html,https://www.ecfr.gov/current/title-21/chapter-I/subchapter-C/part-211/section-211.82,21 CFR § 211.82(b),2026-08-07,No,Approved for batch 1
PGE-CGMP-0062,"Equipment design, size, and location","Equipment used in the manufacture, processing, packing, or holding of a drug product must be of appropriate design, adequate size, and suitably located to facilitate operations for its intended use and for its cleaning and maintenance.","Engineering implication: implementation evidence should address equipment design, size, and location.",U.S. finished-pharmaceutical CGMP requirement; confirm the current text of 21 CFR § 211.63 for the regulated product and operation.,knowledge-center/equipment-materials.html,https://www.ecfr.gov/current/title-21/chapter-I/subchapter-C/part-211/section-211.63,21 CFR § 211.63,2026-08-07,No,Approved for batch 1
PGE-CGMP-0063,Equipment cleaning and maintenance,"A description in sufficient detail of the methods, equipment, and materials used in cleaning and maintenance operations, and the methods of disassembling and reassembling equipment as necessary to assure proper cleaning and maintenance;",Engineering implication: implementation evidence should address equipment cleaning and maintenance.,U.S. finished-pharmaceutical CGMP requirement; confirm the current text of 21 CFR § 211.67(3) for the regulated product and operation.,knowledge-center/equipment-materials.html,https://www.ecfr.gov/current/title-21/chapter-I/subchapter-C/part-211/section-211.67,21 CFR § 211.67(3),2026-08-07,No,Approved for batch 1
PGE-CGMP-0064,"Receipt and storage of untested components, drug product containers, and closures","Upon receipt and before acceptance, each container or grouping of containers of components, drug product containers, and closures must be examined visually for appropriate labeling as to contents, container damage or broken seals, and contamination.","Engineering implication: implementation evidence should address receipt and storage of untested components, drug product containers, and closures.",U.S. finished-pharmaceutical CGMP requirement; confirm the current text of 21 CFR § 211.82(a) for the regulated product and operation.,knowledge-center/equipment-materials.html,https://www.ecfr.gov/current/title-21/chapter-I/subchapter-C/part-211/section-211.82,21 CFR § 211.82(a),2026-08-07,No,Approved for batch 1
PGE-CGMP-0065,Drug product containers and closures,"Drug product containers and closures must be clean and, where indicated by the nature of the drug, sterilized and processed to remove pyrogenic properties to assure that they are suitable for their intended use. Such depyrogenation processes must be validated.",Engineering implication: implementation evidence should address drug product containers and closures.,U.S. finished-pharmaceutical CGMP requirement; confirm the current text of 21 CFR § 211.94(c) for the regulated product and operation.,knowledge-center/equipment-materials.html,https://www.ecfr.gov/current/title-21/chapter-I/subchapter-C/part-211/section-211.94,21 CFR § 211.94(c),2026-08-07,No,Approved for batch 1
PGE-CGMP-0066,General requirements,"Operations must provide written procedures describing in sufficient detail the receipt, identification, storage, handling, sampling, testing, and approval or rejection of components and drug product containers and closures; such written procedures must be followed.",Engineering implication: implementation evidence should address general requirements.,U.S. finished-pharmaceutical CGMP requirement; confirm the current text of 21 CFR § 211.80(a) for the regulated product and operation.,knowledge-center/equipment-materials.html,https://www.ecfr.gov/current/title-21/chapter-I/subchapter-C/part-211/section-211.80,21 CFR § 211.80(a),2026-08-07,No,Approved for batch 1
PGE-CGMP-0067,Equipment cleaning and maintenance,"Written procedures must be established and followed for cleaning and maintenance of equipment, including utensils, used in the manufacture, processing, packing, or holding of a drug product. These procedures must include, but are not necessarily limited to, the following:",Engineering implication: implementation evidence should address equipment cleaning and maintenance.,U.S. finished-pharmaceutical CGMP requirement; confirm the current text of 21 CFR § 211.67(b) for the regulated product and operation.,knowledge-center/equipment-materials.html,https://www.ecfr.gov/current/title-21/chapter-I/subchapter-C/part-211/section-211.67,21 CFR § 211.67(b),2026-08-07,No,Approved for batch 1
PGE-CGMP-0068,"Testing and approval or rejection of components, drug product containers, and closures","Sample containers must be identified so that the following information can be determined: name of the material sampled, the lot number, the container from which the sample was taken, the date on which the sample was taken, and the name of the person who collected the sample.","Engineering implication: implementation evidence should address testing and approval or rejection of components, drug product containers, and closures.",U.S. finished-pharmaceutical CGMP requirement; confirm the current text of 21 CFR § 211.84(5) for the regulated product and operation.,knowledge-center/equipment-materials.html,https://www.ecfr.gov/current/title-21/chapter-I/subchapter-C/part-211/section-211.84,21 CFR § 211.84(5),2026-08-07,No,Approved for batch 1
PGE-CGMP-0069,Equipment construction,"Equipment must be constructed so that surfaces that contact components, in-process materials, or drug products must not be reactive, additive, or absorptive so as to alter the safety, identity, strength, quality, or purity of the drug product beyond the official or other established requirements.",Engineering implication: implementation evidence should address equipment construction.,U.S. finished-pharmaceutical CGMP requirement; confirm the current text of 21 CFR § 211.65(a) for the regulated product and operation.,knowledge-center/equipment-materials.html,https://www.ecfr.gov/current/title-21/chapter-I/subchapter-C/part-211/section-211.65,21 CFR § 211.65(a),2026-08-07,No,Approved for batch 1
PGE-CGMP-0070,Charge-in of components,Weight or measure in new container;,Engineering implication: implementation evidence should address charge-in of components.,U.S. finished-pharmaceutical CGMP requirement; confirm the current text of 21 CFR § 211.101(3) for the regulated product and operation.,knowledge-center/production.html,https://www.ecfr.gov/current/title-21/chapter-I/subchapter-C/part-211/section-211.101,21 CFR § 211.101(3),2026-08-07,No,Approved for batch 1
PGE-CGMP-0071,Sampling and testing of in-process materials and drug products,Tablet or capsule weight variation;,Engineering implication: implementation evidence should address sampling and testing of in-process materials and drug products.,U.S. finished-pharmaceutical CGMP requirement; confirm the current text of 21 CFR § 211.110(1) for the regulated product and operation.,knowledge-center/production.html,https://www.ecfr.gov/current/title-21/chapter-I/subchapter-C/part-211/section-211.110,21 CFR § 211.110(1),2026-08-07,No,Approved for batch 1
PGE-CGMP-0072,Sampling and testing of in-process materials and drug products,"Clarity, completeness, or pH of solutions.",Engineering implication: implementation evidence should address sampling and testing of in-process materials and drug products.,U.S. finished-pharmaceutical CGMP requirement; confirm the current text of 21 CFR § 211.110(5) for the regulated product and operation.,knowledge-center/production.html,https://www.ecfr.gov/current/title-21/chapter-I/subchapter-C/part-211/section-211.110,21 CFR § 211.110(5),2026-08-07,No,Approved for batch 1
PGE-CGMP-0073,Charge-in of components,The component was released by the quality control unit;,Engineering implication: implementation evidence should address charge-in of components.,U.S. finished-pharmaceutical CGMP requirement; confirm the current text of 21 CFR § 211.101(1) for the regulated product and operation.,knowledge-center/production.html,https://www.ecfr.gov/current/title-21/chapter-I/subchapter-C/part-211/section-211.101,21 CFR § 211.101(1),2026-08-07,No,Approved for batch 1
PGE-CGMP-0074,Sampling and testing of in-process materials and drug products,Adequacy of mixing to assure uniformity and homogeneity;,Engineering implication: implementation evidence should address sampling and testing of in-process materials and drug products.,U.S. finished-pharmaceutical CGMP requirement; confirm the current text of 21 CFR § 211.110(3) for the regulated product and operation.,knowledge-center/production.html,https://www.ecfr.gov/current/title-21/chapter-I/subchapter-C/part-211/section-211.110,21 CFR § 211.110(3),2026-08-07,No,Approved for batch 1
PGE-CGMP-0075,Charge-in of components,The weight or measure is correct as stated in the batch production records;,Engineering implication: implementation evidence should address charge-in of components.,U.S. finished-pharmaceutical CGMP requirement; confirm the current text of 21 CFR § 211.101(2) for the regulated product and operation.,knowledge-center/production.html,https://www.ecfr.gov/current/title-21/chapter-I/subchapter-C/part-211/section-211.101,21 CFR § 211.101(2),2026-08-07,No,Approved for batch 1
PGE-CGMP-0076,Charge-in of components,"Batch for which component was dispensed, including its product name, strength, and lot number.",Engineering implication: implementation evidence should address charge-in of components.,U.S. finished-pharmaceutical CGMP requirement; confirm the current text of 21 CFR § 211.101(4) for the regulated product and operation.,knowledge-center/production.html,https://www.ecfr.gov/current/title-21/chapter-I/subchapter-C/part-211/section-211.101,21 CFR § 211.101(4),2026-08-07,No,Approved for batch 1
PGE-CGMP-0077,Reprocessing,Reprocessing must not be performed without the review and approval of the quality control unit.,Engineering implication: implementation evidence should address reprocessing.,U.S. finished-pharmaceutical CGMP requirement; confirm the current text of 21 CFR § 211.115(b) for the regulated product and operation.,knowledge-center/production.html,https://www.ecfr.gov/current/title-21/chapter-I/subchapter-C/part-211/section-211.115,21 CFR § 211.115(b),2026-08-07,No,Approved for batch 1
PGE-CGMP-0078,Equipment identification,"Batch records must identify the major equipment used, normally through a distinctive number or code.",Engineering implication: implementation evidence should address equipment identification.,U.S. finished-pharmaceutical CGMP requirement; confirm the current text of 21 CFR § 211.105(b) for the regulated product and operation.,knowledge-center/production.html,https://www.ecfr.gov/current/title-21/chapter-I/subchapter-C/part-211/section-211.105,21 CFR § 211.105(b),2026-08-07,No,Approved for batch 1
PGE-CGMP-0079,Sampling and testing of in-process materials and drug products,Written in-process controls and tests must monitor output and validate manufacturing steps that can create variability.,Engineering implication: implementation evidence should address sampling and testing of in-process materials and drug products.,U.S. finished-pharmaceutical CGMP requirement; confirm the current text of 21 CFR § 211.110(a) for the regulated product and operation.,knowledge-center/production.html,https://www.ecfr.gov/current/title-21/chapter-I/subchapter-C/part-211/section-211.110,21 CFR § 211.110(a),2026-08-07,No,Approved for batch 1
PGE-CGMP-0080,Written procedures; deviations,"Approved written procedures must govern production and process controls needed to assure drug identity, strength, quality, and purity.",Engineering implication: implementation evidence should address written procedures; deviations.,U.S. finished-pharmaceutical CGMP requirement; confirm the current text of 21 CFR § 211.100(a) for the regulated product and operation.,knowledge-center/production.html,https://www.ecfr.gov/current/title-21/chapter-I/subchapter-C/part-211/section-211.100,21 CFR § 211.100(a),2026-08-07,No,Approved for batch 1
PGE-CGMP-0081,Time limitations on production,Appropriate production phases need time limits; any acceptable deviation must protect product quality and be justified and documented.,Engineering implication: implementation evidence should address time limitations on production.,U.S. finished-pharmaceutical CGMP requirement; confirm the current text of 21 CFR § 211.111 for the regulated product and operation.,knowledge-center/production.html,https://www.ecfr.gov/current/title-21/chapter-I/subchapter-C/part-211/section-211.111,21 CFR § 211.111,2026-08-07,No,Approved for batch 1
PGE-CGMP-0082,Charge-in of components,The batch must be formulated with the intent to provide not less than 100 percent of the labeled or established amount of active ingredient.,Engineering implication: implementation evidence should address charge-in of components.,U.S. finished-pharmaceutical CGMP requirement; confirm the current text of 21 CFR § 211.101(a) for the regulated product and operation.,knowledge-center/production.html,https://www.ecfr.gov/current/title-21/chapter-I/subchapter-C/part-211/section-211.101,21 CFR § 211.101(a),2026-08-07,No,Approved for batch 1
PGE-CGMP-0083,Sampling and testing of in-process materials and drug products,In-process specifications must align with final specifications and use suitable process history and statistical procedures where appropriate.,Engineering implication: implementation evidence should address sampling and testing of in-process materials and drug products.,U.S. finished-pharmaceutical CGMP requirement; confirm the current text of 21 CFR § 211.110(b) for the regulated product and operation.,knowledge-center/production.html,https://www.ecfr.gov/current/title-21/chapter-I/subchapter-C/part-211/section-211.110,21 CFR § 211.110(b),2026-08-07,No,Approved for batch 1
PGE-CGMP-0084,Calculation of yield,Actual and theoretical yields must be calculated at appropriate production phases and independently verified under the applicable manual or automated workflow.,Engineering implication: implementation evidence should address calculation of yield.,U.S. finished-pharmaceutical CGMP requirement; confirm the current text of 21 CFR § 211.103 for the regulated product and operation.,knowledge-center/production.html,https://www.ecfr.gov/current/title-21/chapter-I/subchapter-C/part-211/section-211.103,21 CFR § 211.103,2026-08-07,No,Approved for batch 1
PGE-CGMP-0085,Control of microbiological contamination,"Appropriate written procedures, designed to prevent objectionable microorganisms in drug products not required to be sterile, must be established and followed.",Engineering implication: implementation evidence should address control of microbiological contamination.,U.S. finished-pharmaceutical CGMP requirement; confirm the current text of 21 CFR § 211.113(a) for the regulated product and operation.,knowledge-center/production.html,https://www.ecfr.gov/current/title-21/chapter-I/subchapter-C/part-211/section-211.113,21 CFR § 211.113(a),2026-08-07,No,Approved for batch 1
PGE-CGMP-0086,Sampling and testing of in-process materials and drug products,Rejected in-process materials must be identified and controlled under a quarantine system designed to prevent their use in manufacturing or processing operations for which they are unsuitable.,Engineering implication: implementation evidence should address sampling and testing of in-process materials and drug products.,U.S. finished-pharmaceutical CGMP requirement; confirm the current text of 21 CFR § 211.110(d) for the regulated product and operation.,knowledge-center/production.html,https://www.ecfr.gov/current/title-21/chapter-I/subchapter-C/part-211/section-211.110,21 CFR § 211.110(d),2026-08-07,No,Approved for batch 1
PGE-CGMP-0087,Charge-in of components,"Each component must either be added to the batch by one person and verified by a second person or, if the components are added by automated equipment under § 211.68, only verified by one person.",Engineering implication: implementation evidence should address charge-in of components.,U.S. finished-pharmaceutical CGMP requirement; confirm the current text of 21 CFR § 211.101(d) for the regulated product and operation.,knowledge-center/production.html,https://www.ecfr.gov/current/title-21/chapter-I/subchapter-C/part-211/section-211.101,21 CFR § 211.101(d),2026-08-07,No,Approved for batch 1
PGE-CGMP-0088,Charge-in of components,"Weighing, measuring, or subdividing operations for components must be adequately supervised. Each container of component dispensed to manufacturing must be examined by a second person to assure that:",Engineering implication: implementation evidence should address charge-in of components.,U.S. finished-pharmaceutical CGMP requirement; confirm the current text of 21 CFR § 211.101(c) for the regulated product and operation.,knowledge-center/production.html,https://www.ecfr.gov/current/title-21/chapter-I/subchapter-C/part-211/section-211.101,21 CFR § 211.101(c),2026-08-07,No,Approved for batch 1
PGE-CGMP-0089,Charge-in of components,"Written production and control procedures must include the following, which are designed to assure that the drug products produced have the identity, strength, quality, and purity they purport or are represented to possess:",Engineering implication: implementation evidence should address charge-in of components.,U.S. finished-pharmaceutical CGMP requirement; confirm the current text of 21 CFR § 211.101 for the regulated product and operation.,knowledge-center/production.html,https://www.ecfr.gov/current/title-21/chapter-I/subchapter-C/part-211/section-211.101,21 CFR § 211.101,2026-08-07,No,Approved for batch 1
PGE-CGMP-0090,Charge-in of components,"Components for drug product manufacturing must be weighed, measured, or subdivided as appropriate. If a component is removed from the original container to another, the new container must be identified with the following information:",Engineering implication: implementation evidence should address charge-in of components.,U.S. finished-pharmaceutical CGMP requirement; confirm the current text of 21 CFR § 211.101(b) for the regulated product and operation.,knowledge-center/production.html,https://www.ecfr.gov/current/title-21/chapter-I/subchapter-C/part-211/section-211.101,21 CFR § 211.101(b),2026-08-07,No,Approved for batch 1
PGE-CGMP-0091,Charge-in of components,"The containers are properly identified. If the weighing, measuring, or subdividing operations are performed by automated equipment under § 211.68, only one person is needed to assure paragraphs (c)(1), (c)(2), and (c)(3) of this section.",Engineering implication: implementation evidence should address charge-in of components.,U.S. finished-pharmaceutical CGMP requirement; confirm the current text of 21 CFR § 211.101(3) for the regulated product and operation.,knowledge-center/production.html,https://www.ecfr.gov/current/title-21/chapter-I/subchapter-C/part-211/section-211.101,21 CFR § 211.101(3),2026-08-07,No,Approved for batch 1
PGE-CGMP-0092,Control of microbiological contamination,"Appropriate written procedures, designed to prevent microbiological contamination of drug products purporting to be sterile, must be established and followed. Such procedures must include validation of all aseptic and sterilization processes.",Engineering implication: implementation evidence should address control of microbiological contamination.,U.S. finished-pharmaceutical CGMP requirement; confirm the current text of 21 CFR § 211.113(b) for the regulated product and operation.,knowledge-center/production.html,https://www.ecfr.gov/current/title-21/chapter-I/subchapter-C/part-211/section-211.113,21 CFR § 211.113(b),2026-08-07,No,Approved for batch 1
PGE-CGMP-0093,Equipment identification,"All compounding and storage containers, processing lines, and major equipment used during the production of a batch of a drug product must be properly identified at all times to indicate their contents and, when necessary, the phase of processing of the batch.",Engineering implication: implementation evidence should address equipment identification.,U.S. finished-pharmaceutical CGMP requirement; confirm the current text of 21 CFR § 211.105(a) for the regulated product and operation.,knowledge-center/production.html,https://www.ecfr.gov/current/title-21/chapter-I/subchapter-C/part-211/section-211.105,21 CFR § 211.105(a),2026-08-07,No,Approved for batch 1
PGE-CGMP-0094,Written procedures; deviations,Written production and process control procedures must be followed in the execution of the various production and process control functions and must be documented at the time of performance. Any deviation from the written procedures must be recorded and justified.,Engineering implication: implementation evidence should address written procedures; deviations.,U.S. finished-pharmaceutical CGMP requirement; confirm the current text of 21 CFR § 211.100(b) for the regulated product and operation.,knowledge-center/production.html,https://www.ecfr.gov/current/title-21/chapter-I/subchapter-C/part-211/section-211.100,21 CFR § 211.100(b),2026-08-07,No,Approved for batch 1
PGE-CGMP-0095,Sampling and testing of in-process materials and drug products,"In-process materials must be tested for identity, strength, quality, and purity as appropriate, and approved or rejected by the quality control unit, during the production process, e.g., at commencement or completion of significant phases or after storage for long periods.",Engineering implication: implementation evidence should address sampling and testing of in-process materials and drug products.,U.S. finished-pharmaceutical CGMP requirement; confirm the current text of 21 CFR § 211.110(c) for the regulated product and operation.,knowledge-center/production.html,https://www.ecfr.gov/current/title-21/chapter-I/subchapter-C/part-211/section-211.110,21 CFR § 211.110(c),2026-08-07,No,Approved for batch 1
PGE-CGMP-0096,Reprocessing,"Written procedures must be established and followed prescribing a system for reprocessing batches that do not conform to standards or specifications and the steps to be taken to insure that the reprocessed batches will conform with all established standards, specifications, and characteristics.",Engineering implication: implementation evidence should address reprocessing.,U.S. finished-pharmaceutical CGMP requirement; confirm the current text of 21 CFR § 211.115(a) for the regulated product and operation.,knowledge-center/production.html,https://www.ecfr.gov/current/title-21/chapter-I/subchapter-C/part-211/section-211.115,21 CFR § 211.115(a),2026-08-07,No,Approved for batch 1
PGE-CGMP-0097,Tamper-evident packaging requirements for over-the-counter (OTC) human drug products,Is prominently placed on the package; and,Engineering implication: implementation evidence should address tamper-evident packaging requirements for over-the-counter (otc) human drug products.,U.S. finished-pharmaceutical CGMP requirement; confirm the current text of 21 CFR § 211.132(ii) for the regulated product and operation.,knowledge-center/packaging-holding.html,https://www.ecfr.gov/current/title-21/chapter-I/subchapter-C/part-211/section-211.132,21 CFR § 211.132(ii),2026-08-07,No,Approved for batch 1
PGE-CGMP-0098,Tamper-evident packaging requirements for over-the-counter (OTC) human drug products,Other information justifying an exemption.,Engineering implication: implementation evidence should address tamper-evident packaging requirements for over-the-counter (otc) human drug products.,U.S. finished-pharmaceutical CGMP requirement; confirm the current text of 21 CFR § 211.132(4) for the regulated product and operation.,knowledge-center/packaging-holding.html,https://www.ecfr.gov/current/title-21/chapter-I/subchapter-C/part-211/section-211.132,21 CFR § 211.132(4),2026-08-07,No,Approved for batch 1
PGE-CGMP-0099,Labeling issuance,All excess labeling bearing lot or control numbers must be destroyed.,Engineering implication: implementation evidence should address labeling issuance.,U.S. finished-pharmaceutical CGMP requirement; confirm the current text of 21 CFR § 211.125(d) for the regulated product and operation.,knowledge-center/packaging-holding.html,https://www.ecfr.gov/current/title-21/chapter-I/subchapter-C/part-211/section-211.125,21 CFR § 211.125(d),2026-08-07,No,Approved for batch 1
PGE-CGMP-0100,Warehousing procedures,Quarantine of drug products before release by the quality control unit.,Engineering implication: implementation evidence should address warehousing procedures.,U.S. finished-pharmaceutical CGMP requirement; confirm the current text of 21 CFR § 211.142(a) for the regulated product and operation.,knowledge-center/packaging-holding.html,https://www.ecfr.gov/current/title-21/chapter-I/subchapter-C/part-211/section-211.142,21 CFR § 211.142(a),2026-08-07,No,Approved for batch 1
PGE-CGMP-0101,Expiration dating,Homeopathic drug products must be exempt from the requirements of this section.,Engineering implication: implementation evidence should address expiration dating.,U.S. finished-pharmaceutical CGMP requirement; confirm the current text of 21 CFR § 211.137(e) for the regulated product and operation.,knowledge-center/packaging-holding.html,https://www.ecfr.gov/current/title-21/chapter-I/subchapter-C/part-211/section-211.137,21 CFR § 211.137(e),2026-08-07,No,Approved for batch 1
PGE-CGMP-0102,Materials examination and usage criteria,"Obsolete and outdated labels, labeling, and other packaging materials must be destroyed.",Engineering implication: implementation evidence should address materials examination and usage criteria.,U.S. finished-pharmaceutical CGMP requirement; confirm the current text of 21 CFR § 211.122(e) for the regulated product and operation.,knowledge-center/packaging-holding.html,https://www.ecfr.gov/current/title-21/chapter-I/subchapter-C/part-211/section-211.122,21 CFR § 211.122(e),2026-08-07,No,Approved for batch 1
PGE-CGMP-0103,Drug product inspection,Results of these examinations must be recorded in the batch production or control records.,Engineering implication: implementation evidence should address drug product inspection.,U.S. finished-pharmaceutical CGMP requirement; confirm the current text of 21 CFR § 211.134(c) for the regulated product and operation.,knowledge-center/packaging-holding.html,https://www.ecfr.gov/current/title-21/chapter-I/subchapter-C/part-211/section-211.134,21 CFR § 211.134(c),2026-08-07,No,Approved for batch 1
PGE-CGMP-0104,Labeling issuance,Strict control must be exercised over labeling issued for use in drug product labeling operations.,Engineering implication: implementation evidence should address labeling issuance.,U.S. finished-pharmaceutical CGMP requirement; confirm the current text of 21 CFR § 211.125(a) for the regulated product and operation.,knowledge-center/packaging-holding.html,https://www.ecfr.gov/current/title-21/chapter-I/subchapter-C/part-211/section-211.125,21 CFR § 211.125(a),2026-08-07,No,Approved for batch 1
PGE-CGMP-0105,Materials examination and usage criteria,Dedication of labeling and packaging lines to each different strength of each different drug product;,Engineering implication: implementation evidence should address materials examination and usage criteria.,U.S. finished-pharmaceutical CGMP requirement; confirm the current text of 21 CFR § 211.122(1) for the regulated product and operation.,knowledge-center/packaging-holding.html,https://www.ecfr.gov/current/title-21/chapter-I/subchapter-C/part-211/section-211.122,21 CFR § 211.122(1),2026-08-07,No,Approved for batch 1
PGE-CGMP-0106,Expiration dating,Expiration dates must appear on labeling in accordance with the requirements of § 201.17 of this chapter.,Engineering implication: implementation evidence should address expiration dating.,U.S. finished-pharmaceutical CGMP requirement; confirm the current text of 21 CFR § 211.137(d) for the regulated product and operation.,knowledge-center/packaging-holding.html,https://www.ecfr.gov/current/title-21/chapter-I/subchapter-C/part-211/section-211.137,21 CFR § 211.137(d),2026-08-07,No,Approved for batch 1
PGE-CGMP-0107,Tamper-evident packaging requirements for over-the-counter (OTC) human drug products,Is so placed that it will be unaffected if the tamper-evident feature of the package is breached or missing.,Engineering implication: implementation evidence should address tamper-evident packaging requirements for over-the-counter (otc) human drug products.,U.S. finished-pharmaceutical CGMP requirement; confirm the current text of 21 CFR § 211.132(iii) for the regulated product and operation.,knowledge-center/packaging-holding.html,https://www.ecfr.gov/current/title-21/chapter-I/subchapter-C/part-211/section-211.132,21 CFR § 211.132(iii),2026-08-07,No,Approved for batch 1
PGE-CGMP-0108,Labeling issuance,Returned labeling must be maintained and stored in a manner to prevent mixups and provide proper identification.,Engineering implication: implementation evidence should address labeling issuance.,U.S. finished-pharmaceutical CGMP requirement; confirm the current text of 21 CFR § 211.125(e) for the regulated product and operation.,knowledge-center/packaging-holding.html,https://www.ecfr.gov/current/title-21/chapter-I/subchapter-C/part-211/section-211.125,21 CFR § 211.125(e),2026-08-07,No,Approved for batch 1
PGE-CGMP-0109,Warehousing procedures,Written procedures describing the warehousing of drug products must be established and followed. They must include:,Engineering implication: implementation evidence should address warehousing procedures.,U.S. finished-pharmaceutical CGMP requirement; confirm the current text of 21 CFR § 211.142 for the regulated product and operation.,knowledge-center/packaging-holding.html,https://www.ecfr.gov/current/title-21/chapter-I/subchapter-C/part-211/section-211.142,21 CFR § 211.142,2026-08-07,No,Approved for batch 1
PGE-CGMP-0110,Expiration dating,Allergenic extracts that are labeled “No U.S. Standard of Potency” are exempt from the requirements of this section.,Engineering implication: implementation evidence should address expiration dating.,U.S. finished-pharmaceutical CGMP requirement; confirm the current text of 21 CFR § 211.137(f) for the regulated product and operation.,knowledge-center/packaging-holding.html,https://www.ecfr.gov/current/title-21/chapter-I/subchapter-C/part-211/section-211.137,21 CFR § 211.137(f),2026-08-07,No,Approved for batch 1
PGE-CGMP-0111,Packaging and labeling operations,Prevention of mixups and cross-contamination by physical or spatial separation from operations on other drug products.,Engineering implication: implementation evidence should address packaging and labeling operations.,U.S. finished-pharmaceutical CGMP requirement; confirm the current text of 21 CFR § 211.130(a) for the regulated product and operation.,knowledge-center/packaging-holding.html,https://www.ecfr.gov/current/title-21/chapter-I/subchapter-C/part-211/section-211.130,21 CFR § 211.130(a),2026-08-07,No,Approved for batch 1
PGE-CGMP-0112,Distribution procedures,"Written procedures must be established, and followed, describing the distribution of drug products. They must include:",Engineering implication: implementation evidence should address distribution procedures.,U.S. finished-pharmaceutical CGMP requirement; confirm the current text of 21 CFR § 211.150 for the regulated product and operation.,knowledge-center/packaging-holding.html,https://www.ecfr.gov/current/title-21/chapter-I/subchapter-C/part-211/section-211.150,21 CFR § 211.150,2026-08-07,No,Approved for batch 1
PGE-CGMP-0113,Distribution procedures,A system by which the distribution of each lot of drug product can be readily determined to facilitate its recall if necessary.,Engineering implication: implementation evidence should address distribution procedures.,U.S. finished-pharmaceutical CGMP requirement; confirm the current text of 21 CFR § 211.150(b) for the regulated product and operation.,knowledge-center/packaging-holding.html,https://www.ecfr.gov/current/title-21/chapter-I/subchapter-C/part-211/section-211.150,21 CFR § 211.150(b),2026-08-07,No,Approved for batch 1
PGE-CGMP-0114,Tamper-evident packaging requirements for over-the-counter (OTC) human drug products,Identifies all tamper-evident feature(s) and any capsule sealing technologies used to comply with paragraph (b) of this section;,Engineering implication: implementation evidence should address tamper-evident packaging requirements for over-the-counter (otc) human drug products.,U.S. finished-pharmaceutical CGMP requirement; confirm the current text of 21 CFR § 211.132(i) for the regulated product and operation.,knowledge-center/packaging-holding.html,https://www.ecfr.gov/current/title-21/chapter-I/subchapter-C/part-211/section-211.132,21 CFR § 211.132(i),2026-08-07,No,Approved for batch 1
PGE-CGMP-0115,Expiration dating,"Expiration dates must be related to any storage conditions stated on the labeling, as determined by stability studies described in § 211.166.",Engineering implication: implementation evidence should address expiration dating.,U.S. finished-pharmaceutical CGMP requirement; confirm the current text of 21 CFR § 211.137(b) for the regulated product and operation.,knowledge-center/packaging-holding.html,https://www.ecfr.gov/current/title-21/chapter-I/subchapter-C/part-211/section-211.137,21 CFR § 211.137(b),2026-08-07,No,Approved for batch 1
PGE-CGMP-0116,Drug product inspection,A representative sample of units must be collected at the completion of finishing operations and must be visually examined for correct labeling.,Engineering implication: implementation evidence should address drug product inspection.,U.S. finished-pharmaceutical CGMP requirement; confirm the current text of 21 CFR § 211.134(b) for the regulated product and operation.,knowledge-center/packaging-holding.html,https://www.ecfr.gov/current/title-21/chapter-I/subchapter-C/part-211/section-211.134,21 CFR § 211.134(b),2026-08-07,No,Approved for batch 1
PGE-CGMP-0117,Packaging and labeling operations,Identification of the drug product with a lot or control number that permits determination of the history of the manufacture and control of the batch.,Engineering implication: implementation evidence should address packaging and labeling operations.,U.S. finished-pharmaceutical CGMP requirement; confirm the current text of 21 CFR § 211.130(c) for the regulated product and operation.,knowledge-center/packaging-holding.html,https://www.ecfr.gov/current/title-21/chapter-I/subchapter-C/part-211/section-211.130,21 CFR § 211.130(c),2026-08-07,No,Approved for batch 1
PGE-CGMP-0118,Tamper-evident packaging requirements for over-the-counter (OTC) human drug products,"The name of the drug product or, if the petition seeks an exemption for a drug class, the name of the drug class, and a list of products within that class.",Engineering implication: implementation evidence should address tamper-evident packaging requirements for over-the-counter (otc) human drug products.,U.S. finished-pharmaceutical CGMP requirement; confirm the current text of 21 CFR § 211.132(1) for the regulated product and operation.,knowledge-center/packaging-holding.html,https://www.ecfr.gov/current/title-21/chapter-I/subchapter-C/part-211/section-211.132,21 CFR § 211.132(1),2026-08-07,No,Approved for batch 1
PGE-CGMP-0119,Tamper-evident packaging requirements for over-the-counter (OTC) human drug products,The reasons that the drug product's compliance with the tamper-evident packaging or labeling requirements of this section is unnecessary or cannot be achieved.,Engineering implication: implementation evidence should address tamper-evident packaging requirements for over-the-counter (otc) human drug products.,U.S. finished-pharmaceutical CGMP requirement; confirm the current text of 21 CFR § 211.132(2) for the regulated product and operation.,knowledge-center/packaging-holding.html,https://www.ecfr.gov/current/title-21/chapter-I/subchapter-C/part-211/section-211.132,21 CFR § 211.132(2),2026-08-07,No,Approved for batch 1
PGE-CGMP-0120,Drug product inspection,Packaged and labeled products must be examined during finishing operations to provide assurance that containers and packages in the lot have the correct label.,Engineering implication: implementation evidence should address drug product inspection.,U.S. finished-pharmaceutical CGMP requirement; confirm the current text of 21 CFR § 211.134(a) for the regulated product and operation.,knowledge-center/packaging-holding.html,https://www.ecfr.gov/current/title-21/chapter-I/subchapter-C/part-211/section-211.134,21 CFR § 211.134(a),2026-08-07,No,Approved for batch 1
PGE-CGMP-0121,Labeling issuance,Labeling materials issued for a batch must be carefully examined for identity and conformity to the labeling specified in the master or batch production records.,Engineering implication: implementation evidence should address labeling issuance.,U.S. finished-pharmaceutical CGMP requirement; confirm the current text of 21 CFR § 211.125(b) for the regulated product and operation.,knowledge-center/packaging-holding.html,https://www.ecfr.gov/current/title-21/chapter-I/subchapter-C/part-211/section-211.125,21 CFR § 211.125(b),2026-08-07,No,Approved for batch 1
PGE-CGMP-0122,Labeling issuance,Procedures must be written describing in sufficient detail the control procedures employed for the issuance of labeling; such written procedures must be followed.,Engineering implication: implementation evidence should address labeling issuance.,U.S. finished-pharmaceutical CGMP requirement; confirm the current text of 21 CFR § 211.125(f) for the regulated product and operation.,knowledge-center/packaging-holding.html,https://www.ecfr.gov/current/title-21/chapter-I/subchapter-C/part-211/section-211.125,21 CFR § 211.125(f),2026-08-07,No,Approved for batch 1
PGE-CGMP-0123,Materials examination and usage criteria,Use of appropriate electronic or electromechanical equipment to conduct a 100-percent examination for correct labeling during or after completion of finishing operations; or,Engineering implication: implementation evidence should address materials examination and usage criteria.,U.S. finished-pharmaceutical CGMP requirement; confirm the current text of 21 CFR § 211.122(2) for the regulated product and operation.,knowledge-center/packaging-holding.html,https://www.ecfr.gov/current/title-21/chapter-I/subchapter-C/part-211/section-211.122,21 CFR § 211.122(2),2026-08-07,No,Approved for batch 1
PGE-CGMP-0124,Expiration dating,"If the drug product is to be reconstituted at the time of dispensing, its labeling must bear expiration information for both the reconstituted and unreconstituted drug products.",Engineering implication: implementation evidence should address expiration dating.,U.S. finished-pharmaceutical CGMP requirement; confirm the current text of 21 CFR § 211.137(c) for the regulated product and operation.,knowledge-center/packaging-holding.html,https://www.ecfr.gov/current/title-21/chapter-I/subchapter-C/part-211/section-211.137,21 CFR § 211.137(c),2026-08-07,No,Approved for batch 1
PGE-CGMP-0125,Packaging and labeling operations,"Examination of packaging and labeling materials for suitability and correctness before packaging operations, and documentation of such examination in the batch production record.",Engineering implication: implementation evidence should address packaging and labeling operations.,U.S. finished-pharmaceutical CGMP requirement; confirm the current text of 21 CFR § 211.130(d) for the regulated product and operation.,knowledge-center/packaging-holding.html,https://www.ecfr.gov/current/title-21/chapter-I/subchapter-C/part-211/section-211.130,21 CFR § 211.130(d),2026-08-07,No,Approved for batch 1
PGE-CGMP-0126,Distribution procedures,A procedure whereby the oldest approved stock of a drug product is distributed first. Deviation from this requirement is permitted if such deviation is temporary and appropriate.,Engineering implication: implementation evidence should address distribution procedures.,U.S. finished-pharmaceutical CGMP requirement; confirm the current text of 21 CFR § 211.150(a) for the regulated product and operation.,knowledge-center/packaging-holding.html,https://www.ecfr.gov/current/title-21/chapter-I/subchapter-C/part-211/section-211.150,21 CFR § 211.150(a),2026-08-07,No,Approved for batch 1
PGE-CGMP-0127,Warehousing procedures,"Storage of drug products under appropriate conditions of temperature, humidity, and light so that the identity, strength, quality, and purity of the drug products are not affected.",Engineering implication: implementation evidence should address warehousing procedures.,U.S. finished-pharmaceutical CGMP requirement; confirm the current text of 21 CFR § 211.142(b) for the regulated product and operation.,knowledge-center/packaging-holding.html,https://www.ecfr.gov/current/title-21/chapter-I/subchapter-C/part-211/section-211.142,21 CFR § 211.142(b),2026-08-07,No,Approved for batch 1
PGE-CGMP-0128,Materials examination and usage criteria,"Records must be maintained for each shipment received of each different labeling and packaging material indicating receipt, examination or testing, and whether accepted or rejected.",Engineering implication: implementation evidence should address materials examination and usage criteria.,U.S. finished-pharmaceutical CGMP requirement; confirm the current text of 21 CFR § 211.122(c) for the regulated product and operation.,knowledge-center/packaging-holding.html,https://www.ecfr.gov/current/title-21/chapter-I/subchapter-C/part-211/section-211.122,21 CFR § 211.122(c),2026-08-07,No,Approved for batch 1
PGE-CGMP-0129,Materials examination and usage criteria,"Use of any automated technique, including differentiation by labeling size and shape, that physically prevents incorrect labeling from being processed by labeling and packaging equipment.",Engineering implication: implementation evidence should address materials examination and usage criteria.,U.S. finished-pharmaceutical CGMP requirement; confirm the current text of 21 CFR § 211.122(4) for the regulated product and operation.,knowledge-center/packaging-holding.html,https://www.ecfr.gov/current/title-21/chapter-I/subchapter-C/part-211/section-211.122,21 CFR § 211.122(4),2026-08-07,No,Approved for batch 1
PGE-CGMP-0130,Tamper-evident packaging requirements for over-the-counter (OTC) human drug products,"A description of alternative steps that are available, or that the petitioner has already taken, to reduce the likelihood that the product or drug class will be the subject of malicious adulteration.",Engineering implication: implementation evidence should address tamper-evident packaging requirements for over-the-counter (otc) human drug products.,U.S. finished-pharmaceutical CGMP requirement; confirm the current text of 21 CFR § 211.132(3) for the regulated product and operation.,knowledge-center/packaging-holding.html,https://www.ecfr.gov/current/title-21/chapter-I/subchapter-C/part-211/section-211.132,21 CFR § 211.132(3),2026-08-07,No,Approved for batch 1
PGE-CGMP-0131,Tamper-evident packaging requirements for over-the-counter (OTC) human drug products,Poison Prevention Packaging Act of 1970. This section does not affect any requirements for “special packaging” as defined under § 310.3(l) of this chapter and required under the Poison Prevention Packaging Act of 1970.,Engineering implication: implementation evidence should address tamper-evident packaging requirements for over-the-counter (otc) human drug products.,U.S. finished-pharmaceutical CGMP requirement; confirm the current text of 21 CFR § 211.132(f) for the regulated product and operation.,knowledge-center/packaging-holding.html,https://www.ecfr.gov/current/title-21/chapter-I/subchapter-C/part-211/section-211.132,21 CFR § 211.132(f),2026-08-07,No,Approved for batch 1
PGE-CGMP-0132,Expiration dating,"To assure that a drug product meets applicable standards of identity, strength, quality, and purity at the time of use, it must bear an expiration date determined by appropriate stability testing described in § 211.166.",Engineering implication: implementation evidence should address expiration dating.,U.S. finished-pharmaceutical CGMP requirement; confirm the current text of 21 CFR § 211.137(a) for the regulated product and operation.,knowledge-center/packaging-holding.html,https://www.ecfr.gov/current/title-21/chapter-I/subchapter-C/part-211/section-211.137,21 CFR § 211.137(a),2026-08-07,No,Approved for batch 1
PGE-CGMP-0133,Tamper-evident packaging requirements for over-the-counter (OTC) human drug products,"In addition to the tamper-evident packaging feature described in paragraph (b)(1) of this section, any two-piece, hard gelatin capsule covered by this section must be sealed using an acceptable tamper-evident technology.",Engineering implication: implementation evidence should address tamper-evident packaging requirements for over-the-counter (otc) human drug products.,U.S. finished-pharmaceutical CGMP requirement; confirm the current text of 21 CFR § 211.132(2) for the regulated product and operation.,knowledge-center/packaging-holding.html,https://www.ecfr.gov/current/title-21/chapter-I/subchapter-C/part-211/section-211.132,21 CFR § 211.132(2),2026-08-07,No,Approved for batch 1
PGE-CGMP-0134,Stability testing,"Reliable, meaningful, and specific test methods;",Engineering implication: implementation evidence should address stability testing.,U.S. finished-pharmaceutical CGMP requirement; confirm the current text of 21 CFR § 211.166(3) for the regulated product and operation.,knowledge-center/laboratory.html,https://www.ecfr.gov/current/title-21/chapter-I/subchapter-C/part-211/section-211.166,21 CFR § 211.166(3),2026-08-07,No,Approved for batch 1
PGE-CGMP-0135,Stability testing,Storage conditions for samples retained for testing;,Engineering implication: implementation evidence should address stability testing.,U.S. finished-pharmaceutical CGMP requirement; confirm the current text of 21 CFR § 211.166(2) for the regulated product and operation.,knowledge-center/laboratory.html,https://www.ecfr.gov/current/title-21/chapter-I/subchapter-C/part-211/section-211.166,21 CFR § 211.166(2),2026-08-07,No,Approved for batch 1
PGE-CGMP-0136,Stability testing,"For homeopathic drug products, the requirements of this section are as follows:",Engineering implication: implementation evidence should address stability testing.,U.S. finished-pharmaceutical CGMP requirement; confirm the current text of 21 CFR § 211.166(c) for the regulated product and operation.,knowledge-center/laboratory.html,https://www.ecfr.gov/current/title-21/chapter-I/subchapter-C/part-211/section-211.166,21 CFR § 211.166(c),2026-08-07,No,Approved for batch 1
PGE-CGMP-0137,Stability testing,Testing of the drug product in the same container-closure system as that in which the drug product is marketed;,Engineering implication: implementation evidence should address stability testing.,U.S. finished-pharmaceutical CGMP requirement; confirm the current text of 21 CFR § 211.166(4) for the regulated product and operation.,knowledge-center/laboratory.html,https://www.ecfr.gov/current/title-21/chapter-I/subchapter-C/part-211/section-211.166,21 CFR § 211.166(4),2026-08-07,No,Approved for batch 1
PGE-CGMP-0138,Reserve samples,"For a radioactive drug product, except for nonradioactive reagent kits, the reserve sample must be retained for:",Engineering implication: implementation evidence should address reserve samples.,U.S. finished-pharmaceutical CGMP requirement; confirm the current text of 21 CFR § 211.170(2) for the regulated product and operation.,knowledge-center/laboratory.html,https://www.ecfr.gov/current/title-21/chapter-I/subchapter-C/part-211/section-211.170,21 CFR § 211.170(2),2026-08-07,No,Approved for batch 1
PGE-CGMP-0139,Stability testing,Evaluation of stability must be based on the same container-closure system in which the drug product is being marketed.,Engineering implication: implementation evidence should address stability testing.,U.S. finished-pharmaceutical CGMP requirement; confirm the current text of 21 CFR § 211.166(2) for the regulated product and operation.,knowledge-center/laboratory.html,https://www.ecfr.gov/current/title-21/chapter-I/subchapter-C/part-211/section-211.166,21 CFR § 211.166(2),2026-08-07,No,Approved for batch 1
PGE-CGMP-0140,Laboratory animals,"Laboratory animals used for specification testing must remain suitable, identifiable, and supported by use-history records.",Engineering implication: implementation evidence should address laboratory animals.,U.S. finished-pharmaceutical CGMP requirement; confirm the current text of 21 CFR § 211.173 for the regulated product and operation.,knowledge-center/laboratory.html,https://www.ecfr.gov/current/title-21/chapter-I/subchapter-C/part-211/section-211.173,21 CFR § 211.173,2026-08-07,No,Approved for batch 1
PGE-CGMP-0141,Stability testing,"A written stability assessment must consider ingredient compatibility, testing or examination, and relevant product experience.",Engineering implication: implementation evidence should address stability testing.,U.S. finished-pharmaceutical CGMP requirement; confirm the current text of 21 CFR § 211.166(1) for the regulated product and operation.,knowledge-center/laboratory.html,https://www.ecfr.gov/current/title-21/chapter-I/subchapter-C/part-211/section-211.166,21 CFR § 211.166(1),2026-08-07,No,Approved for batch 1
PGE-CGMP-0142,Reserve samples,Six months after the expiration date of the drug product if the expiration dating period of the drug product is more than 30 days.,Engineering implication: implementation evidence should address reserve samples.,U.S. finished-pharmaceutical CGMP requirement; confirm the current text of 21 CFR § 211.170(ii) for the regulated product and operation.,knowledge-center/laboratory.html,https://www.ecfr.gov/current/title-21/chapter-I/subchapter-C/part-211/section-211.170,21 CFR § 211.170(ii),2026-08-07,No,Approved for batch 1
PGE-CGMP-0143,Reserve samples,Three months after the expiration date of the drug product if the expiration dating period of the drug product is 30 days or less; or,Engineering implication: implementation evidence should address reserve samples.,U.S. finished-pharmaceutical CGMP requirement; confirm the current text of 21 CFR § 211.170(i) for the regulated product and operation.,knowledge-center/laboratory.html,https://www.ecfr.gov/current/title-21/chapter-I/subchapter-C/part-211/section-211.170,21 CFR § 211.170(i),2026-08-07,No,Approved for batch 1
PGE-CGMP-0144,Stability testing,Testing of drug products for reconstitution at the time of dispensing (as directed in the labeling) as well as after they are reconstituted.,Engineering implication: implementation evidence should address stability testing.,U.S. finished-pharmaceutical CGMP requirement; confirm the current text of 21 CFR § 211.166(5) for the regulated product and operation.,knowledge-center/laboratory.html,https://www.ecfr.gov/current/title-21/chapter-I/subchapter-C/part-211/section-211.166,21 CFR § 211.166(5),2026-08-07,No,Approved for batch 1
PGE-CGMP-0145,Testing and release for distribution,"Operations must provide appropriate laboratory testing, as necessary, of each batch of drug product required to be free of objectionable microorganisms.",Engineering implication: implementation evidence should address testing and release for distribution.,U.S. finished-pharmaceutical CGMP requirement; confirm the current text of 21 CFR § 211.165(b) for the regulated product and operation.,knowledge-center/laboratory.html,https://www.ecfr.gov/current/title-21/chapter-I/subchapter-C/part-211/section-211.165,21 CFR § 211.165(b),2026-08-07,No,Approved for batch 1
PGE-CGMP-0146,General requirements,"Laboratory controls must use scientifically sound specifications, standards, sampling plans, and test procedures appropriate to the materials and products evaluated.",Engineering implication: implementation evidence should address general requirements.,U.S. finished-pharmaceutical CGMP requirement; confirm the current text of 21 CFR § 211.160(b) for the regulated product and operation.,knowledge-center/laboratory.html,https://www.ecfr.gov/current/title-21/chapter-I/subchapter-C/part-211/section-211.160,21 CFR § 211.160(b),2026-08-07,No,Approved for batch 1
PGE-CGMP-0147,Reserve samples,Six months after the expiration date of the last lot of the drug product containing the active ingredient if the expiration dating period of the drug product is more than 30 days.,Engineering implication: implementation evidence should address reserve samples.,U.S. finished-pharmaceutical CGMP requirement; confirm the current text of 21 CFR § 211.170(ii) for the regulated product and operation.,knowledge-center/laboratory.html,https://www.ecfr.gov/current/title-21/chapter-I/subchapter-C/part-211/section-211.170,21 CFR § 211.170(ii),2026-08-07,No,Approved for batch 1
PGE-CGMP-0148,General requirements,Determination of conformance to written descriptions of sampling procedures and appropriate specifications for drug products. Such samples must be representative and properly identified.,Engineering implication: implementation evidence should address general requirements.,U.S. finished-pharmaceutical CGMP requirement; confirm the current text of 21 CFR § 211.160(3) for the regulated product and operation.,knowledge-center/laboratory.html,https://www.ecfr.gov/current/title-21/chapter-I/subchapter-C/part-211/section-211.160,21 CFR § 211.160(3),2026-08-07,No,Approved for batch 1
PGE-CGMP-0149,Reserve samples,"For a drug product other than those described in paragraphs (b) (2) and (3) of this section, the reserve sample must be retained for 1 year after the expiration date of the drug product.",Engineering implication: implementation evidence should address reserve samples.,U.S. finished-pharmaceutical CGMP requirement; confirm the current text of 21 CFR § 211.170(1) for the regulated product and operation.,knowledge-center/laboratory.html,https://www.ecfr.gov/current/title-21/chapter-I/subchapter-C/part-211/section-211.170,21 CFR § 211.170(1),2026-08-07,No,Approved for batch 1
PGE-CGMP-0150,Reserve samples,"For an OTC drug product that is exempt for bearing an expiration date under § 211.137, the reserve sample must be retained for 3 years after the lot or batch of drug product is distributed.",Engineering implication: implementation evidence should address reserve samples.,U.S. finished-pharmaceutical CGMP requirement; confirm the current text of 21 CFR § 211.170(3) for the regulated product and operation.,knowledge-center/laboratory.html,https://www.ecfr.gov/current/title-21/chapter-I/subchapter-C/part-211/section-211.170,21 CFR § 211.170(3),2026-08-07,No,Approved for batch 1
PGE-CGMP-0151,Reserve samples,"Each active-ingredient shipment lot requires an identified, representative reserve sample sized for twice the required specification-testing quantity, excluding sterility and pyrogen tests.",Engineering implication: implementation evidence should address reserve samples.,U.S. finished-pharmaceutical CGMP requirement; confirm the current text of 21 CFR § 211.170(a) for the regulated product and operation.,knowledge-center/laboratory.html,https://www.ecfr.gov/current/title-21/chapter-I/subchapter-C/part-211/section-211.170,21 CFR § 211.170(a),2026-08-07,No,Approved for batch 1
PGE-CGMP-0152,General requirements,Determination of conformance to written specifications and a description of sampling and testing procedures for in-process materials. Such samples must be representative and properly identified.,Engineering implication: implementation evidence should address general requirements.,U.S. finished-pharmaceutical CGMP requirement; confirm the current text of 21 CFR § 211.160(2) for the regulated product and operation.,knowledge-center/laboratory.html,https://www.ecfr.gov/current/title-21/chapter-I/subchapter-C/part-211/section-211.160,21 CFR § 211.160(2),2026-08-07,No,Approved for batch 1
PGE-CGMP-0153,Testing and release for distribution,Any sampling and testing plans must be described in written procedures that must include the method of sampling and the number of units per batch to be tested; such written procedure must be followed.,Engineering implication: implementation evidence should address testing and release for distribution.,U.S. finished-pharmaceutical CGMP requirement; confirm the current text of 21 CFR § 211.165(c) for the regulated product and operation.,knowledge-center/laboratory.html,https://www.ecfr.gov/current/title-21/chapter-I/subchapter-C/part-211/section-211.165,21 CFR § 211.165(c),2026-08-07,No,Approved for batch 1
PGE-CGMP-0154,Testing and release for distribution,"The accuracy, sensitivity, specificity, and reproducibility of test methods employed by the firm must be established and documented. Such validation and documentation may be accomplished in accordance with § 211.194(a)(2).",Engineering implication: implementation evidence should address testing and release for distribution.,U.S. finished-pharmaceutical CGMP requirement; confirm the current text of 21 CFR § 211.165(e) for the regulated product and operation.,knowledge-center/laboratory.html,https://www.ecfr.gov/current/title-21/chapter-I/subchapter-C/part-211/section-211.165,21 CFR § 211.165(e),2026-08-07,No,Approved for batch 1
PGE-CGMP-0155,Special testing requirements,"For each batch of drug product purporting to be sterile and/or pyrogen-free, there must be appropriate laboratory testing to determine conformance to such requirements. The test procedures must be in writing and must be followed.",Engineering implication: implementation evidence should address special testing requirements.,U.S. finished-pharmaceutical CGMP requirement; confirm the current text of 21 CFR § 211.167(a) for the regulated product and operation.,knowledge-center/laboratory.html,https://www.ecfr.gov/current/title-21/chapter-I/subchapter-C/part-211/section-211.167,21 CFR § 211.167(a),2026-08-07,No,Approved for batch 1
PGE-CGMP-0156,Reserve samples,"For an active ingredient in an OTC drug product that is exempt from bearing an expiration date under § 211.137, the reserve sample must be retained for 3 years after distribution of the last lot of the drug product containing the active ingredient.",Engineering implication: implementation evidence should address reserve samples.,U.S. finished-pharmaceutical CGMP requirement; confirm the current text of 21 CFR § 211.170(3) for the regulated product and operation.,knowledge-center/laboratory.html,https://www.ecfr.gov/current/title-21/chapter-I/subchapter-C/part-211/section-211.170,21 CFR § 211.170(3),2026-08-07,No,Approved for batch 1
PGE-CGMP-0157,Special testing requirements,"For each batch of controlled-release dosage form, there must be appropriate laboratory testing to determine conformance to the specifications for the rate of release of each active ingredient. The test procedures must be in writing and must be followed.",Engineering implication: implementation evidence should address special testing requirements.,U.S. finished-pharmaceutical CGMP requirement; confirm the current text of 21 CFR § 211.167(c) for the regulated product and operation.,knowledge-center/laboratory.html,https://www.ecfr.gov/current/title-21/chapter-I/subchapter-C/part-211/section-211.167,21 CFR § 211.167(c),2026-08-07,No,Approved for batch 1
PGE-CGMP-0158,Special testing requirements,"For each batch of ophthalmic ointment, there must be appropriate testing to determine conformance to specifications regarding the presence of foreign particles and harsh or abrasive substances. The test procedures must be in writing and must be followed.",Engineering implication: implementation evidence should address special testing requirements.,U.S. finished-pharmaceutical CGMP requirement; confirm the current text of 21 CFR § 211.167(b) for the regulated product and operation.,knowledge-center/laboratory.html,https://www.ecfr.gov/current/title-21/chapter-I/subchapter-C/part-211/section-211.167,21 CFR § 211.167(b),2026-08-07,No,Approved for batch 1
PGE-CGMP-0159,Reserve samples,"For an active ingredient in a drug product other than those described in paragraphs (a) (2) and (3) of this section, the reserve sample must be retained for 1 year after the expiration date of the last lot of the drug product containing the active ingredient.",Engineering implication: implementation evidence should address reserve samples.,U.S. finished-pharmaceutical CGMP requirement; confirm the current text of 21 CFR § 211.170(1) for the regulated product and operation.,knowledge-center/laboratory.html,https://www.ecfr.gov/current/title-21/chapter-I/subchapter-C/part-211/section-211.170,21 CFR § 211.170(1),2026-08-07,No,Approved for batch 1
PGE-CGMP-0160,Stability testing,Operations must provide a written testing program designed to assess the stability characteristics of drug products. The results of such stability testing must be used in determining appropriate storage conditions and expiration dates. The written program must be followed and must include:,Engineering implication: implementation evidence should address stability testing.,U.S. finished-pharmaceutical CGMP requirement; confirm the current text of 21 CFR § 211.166(a) for the regulated product and operation.,knowledge-center/laboratory.html,https://www.ecfr.gov/current/title-21/chapter-I/subchapter-C/part-211/section-211.166,21 CFR § 211.166(a),2026-08-07,No,Approved for batch 1
PGE-CGMP-0161,Testing and release for distribution,"Drug products failing to meet established standards or specifications and any other relevant quality control criteria must be rejected. Reprocessing may be performed. Prior to acceptance and use, reprocessed material must meet appropriate standards, specifications, and any other relevant criteria.",Engineering implication: implementation evidence should address testing and release for distribution.,U.S. finished-pharmaceutical CGMP requirement; confirm the current text of 21 CFR § 211.165(f) for the regulated product and operation.,knowledge-center/laboratory.html,https://www.ecfr.gov/current/title-21/chapter-I/subchapter-C/part-211/section-211.165,21 CFR § 211.165(f),2026-08-07,No,Approved for batch 1
PGE-CGMP-0162,Testing and release for distribution,Acceptance criteria for the sampling and testing conducted by the quality control unit must be adequate to assure that batches of drug products meet each appropriate specification and appropriate statistical quality control criteria as a condition for their approval and release. The statistical quality control criteria must include appropriate acceptance levels and/or appropriate rejection levels.,Engineering implication: implementation evidence should address testing and release for distribution.,U.S. finished-pharmaceutical CGMP requirement; confirm the current text of 21 CFR § 211.165(d) for the regulated product and operation.,knowledge-center/laboratory.html,https://www.ecfr.gov/current/title-21/chapter-I/subchapter-C/part-211/section-211.165,21 CFR § 211.165(d),2026-08-07,No,Approved for batch 1
PGE-CGMP-0163,General requirements,"The calibration of instruments, apparatus, gauges, and recording devices at suitable intervals in accordance with an established written program containing specific directions, schedules, limits for accuracy and precision, and provisions for remedial action in the event accuracy and/or precision limits are not met. Instruments, apparatus, gauges, and recording devices not meeting established specifications must not be used.",Engineering implication: implementation evidence should address general requirements.,U.S. finished-pharmaceutical CGMP requirement; confirm the current text of 21 CFR § 211.160(4) for the regulated product and operation.,knowledge-center/laboratory.html,https://www.ecfr.gov/current/title-21/chapter-I/subchapter-C/part-211/section-211.160,21 CFR § 211.160(4),2026-08-07,No,Approved for batch 1
PGE-CGMP-0164,"Component, drug product container, closure, and labeling records",These records must include the following:,"Engineering implication: implementation evidence should address component, drug product container, closure, and labeling records.",U.S. finished-pharmaceutical CGMP requirement; confirm the current text of 21 CFR § 211.184 for the regulated product and operation.,knowledge-center/records-returns.html,https://www.ecfr.gov/current/title-21/chapter-I/subchapter-C/part-211/section-211.184,21 CFR § 211.184,2026-08-07,No,Approved for batch 1
PGE-CGMP-0165,Batch production and control records,In-process and laboratory control results;,Engineering implication: implementation evidence should address batch production and control records.,U.S. finished-pharmaceutical CGMP requirement; confirm the current text of 21 CFR § 211.188(5) for the regulated product and operation.,knowledge-center/records-returns.html,https://www.ecfr.gov/current/title-21/chapter-I/subchapter-C/part-211/section-211.188,21 CFR § 211.188(5),2026-08-07,No,Approved for batch 1
PGE-CGMP-0166,Batch production and control records,Any investigation made according to § 211.192.,Engineering implication: implementation evidence should address batch production and control records.,U.S. finished-pharmaceutical CGMP requirement; confirm the current text of 21 CFR § 211.188(12) for the regulated product and operation.,knowledge-center/records-returns.html,https://www.ecfr.gov/current/title-21/chapter-I/subchapter-C/part-211/section-211.188,21 CFR § 211.188(12),2026-08-07,No,Approved for batch 1
PGE-CGMP-0167,Master production and control records,Master production and control records must include:,Engineering implication: implementation evidence should address master production and control records.,U.S. finished-pharmaceutical CGMP requirement; confirm the current text of 21 CFR § 211.186(b) for the regulated product and operation.,knowledge-center/records-returns.html,https://www.ecfr.gov/current/title-21/chapter-I/subchapter-C/part-211/section-211.186,21 CFR § 211.186(b),2026-08-07,No,Approved for batch 1
PGE-CGMP-0168,Batch production and control records,Description of drug product containers and closures;,Engineering implication: implementation evidence should address batch production and control records.,U.S. finished-pharmaceutical CGMP requirement; confirm the current text of 21 CFR § 211.188(9) for the regulated product and operation.,knowledge-center/records-returns.html,https://www.ecfr.gov/current/title-21/chapter-I/subchapter-C/part-211/section-211.188,21 CFR § 211.188(9),2026-08-07,No,Approved for batch 1
PGE-CGMP-0169,Batch production and control records,Identity of individual major equipment and lines used;,Engineering implication: implementation evidence should address batch production and control records.,U.S. finished-pharmaceutical CGMP requirement; confirm the current text of 21 CFR § 211.188(2) for the regulated product and operation.,knowledge-center/records-returns.html,https://www.ecfr.gov/current/title-21/chapter-I/subchapter-C/part-211/section-211.188,21 CFR § 211.188(2),2026-08-07,No,Approved for batch 1
PGE-CGMP-0170,Master production and control records,A statement concerning any calculated excess of component;,Engineering implication: implementation evidence should address master production and control records.,U.S. finished-pharmaceutical CGMP requirement; confirm the current text of 21 CFR § 211.186(5) for the regulated product and operation.,knowledge-center/records-returns.html,https://www.ecfr.gov/current/title-21/chapter-I/subchapter-C/part-211/section-211.186,21 CFR § 211.186(5),2026-08-07,No,Approved for batch 1
PGE-CGMP-0171,Batch production and control records,Results of examinations made in accordance with § 211.134.,Engineering implication: implementation evidence should address batch production and control records.,U.S. finished-pharmaceutical CGMP requirement; confirm the current text of 21 CFR § 211.188(13) for the regulated product and operation.,knowledge-center/records-returns.html,https://www.ecfr.gov/current/title-21/chapter-I/subchapter-C/part-211/section-211.188,21 CFR § 211.188(13),2026-08-07,No,Approved for batch 1
PGE-CGMP-0172,Batch production and control records,Inspection of the packaging and labeling area before and after use;,Engineering implication: implementation evidence should address batch production and control records.,U.S. finished-pharmaceutical CGMP requirement; confirm the current text of 21 CFR § 211.188(6) for the regulated product and operation.,knowledge-center/records-returns.html,https://www.ecfr.gov/current/title-21/chapter-I/subchapter-C/part-211/section-211.188,21 CFR § 211.188(6),2026-08-07,No,Approved for batch 1
PGE-CGMP-0173,Batch production and control records,Weights and measures of components used in the course of processing;,Engineering implication: implementation evidence should address batch production and control records.,U.S. finished-pharmaceutical CGMP requirement; confirm the current text of 21 CFR § 211.188(4) for the regulated product and operation.,knowledge-center/records-returns.html,https://www.ecfr.gov/current/title-21/chapter-I/subchapter-C/part-211/section-211.188,21 CFR § 211.188(4),2026-08-07,No,Approved for batch 1
PGE-CGMP-0174,Master production and control records,The name and strength of the product and a description of the dosage form;,Engineering implication: implementation evidence should address master production and control records.,U.S. finished-pharmaceutical CGMP requirement; confirm the current text of 21 CFR § 211.186(1) for the regulated product and operation.,knowledge-center/records-returns.html,https://www.ecfr.gov/current/title-21/chapter-I/subchapter-C/part-211/section-211.186,21 CFR § 211.186(1),2026-08-07,No,Approved for batch 1
PGE-CGMP-0175,Batch production and control records,Specific identification of each batch of component or in-process material used;,Engineering implication: implementation evidence should address batch production and control records.,U.S. finished-pharmaceutical CGMP requirement; confirm the current text of 21 CFR § 211.188(3) for the regulated product and operation.,knowledge-center/records-returns.html,https://www.ecfr.gov/current/title-21/chapter-I/subchapter-C/part-211/section-211.188,21 CFR § 211.188(3),2026-08-07,No,Approved for batch 1
PGE-CGMP-0176,Master production and control records,A statement of theoretical weight or measure at appropriate phases of processing;,Engineering implication: implementation evidence should address master production and control records.,U.S. finished-pharmaceutical CGMP requirement; confirm the current text of 21 CFR § 211.186(6) for the regulated product and operation.,knowledge-center/records-returns.html,https://www.ecfr.gov/current/title-21/chapter-I/subchapter-C/part-211/section-211.186,21 CFR § 211.186(6),2026-08-07,No,Approved for batch 1
PGE-CGMP-0177,Laboratory records,"A statement of the weight or measure of sample used for each test, where appropriate.",Engineering implication: implementation evidence should address laboratory records.,U.S. finished-pharmaceutical CGMP requirement; confirm the current text of 21 CFR § 211.194(3) for the regulated product and operation.,knowledge-center/records-returns.html,https://www.ecfr.gov/current/title-21/chapter-I/subchapter-C/part-211/section-211.194,21 CFR § 211.194(3),2026-08-07,No,Approved for batch 1
PGE-CGMP-0178,Batch production and control records,"Complete labeling control records, including specimens or copies of all labeling used;",Engineering implication: implementation evidence should address batch production and control records.,U.S. finished-pharmaceutical CGMP requirement; confirm the current text of 21 CFR § 211.188(8) for the regulated product and operation.,knowledge-center/records-returns.html,https://www.ecfr.gov/current/title-21/chapter-I/subchapter-C/part-211/section-211.188,21 CFR § 211.188(8),2026-08-07,No,Approved for batch 1
PGE-CGMP-0179,"Component, drug product container, closure, and labeling records","The disposition of rejected components, drug product containers, closure, and labeling.","Engineering implication: implementation evidence should address component, drug product container, closure, and labeling records.",U.S. finished-pharmaceutical CGMP requirement; confirm the current text of 21 CFR § 211.184(e) for the regulated product and operation.,knowledge-center/records-returns.html,https://www.ecfr.gov/current/title-21/chapter-I/subchapter-C/part-211/section-211.184,21 CFR § 211.184(e),2026-08-07,No,Approved for batch 1
PGE-CGMP-0180,Laboratory records,Complete records must be maintained of all stability testing performed in accordance with § 211.166.,Engineering implication: implementation evidence should address laboratory records.,U.S. finished-pharmaceutical CGMP requirement; confirm the current text of 21 CFR § 211.194(e) for the regulated product and operation.,knowledge-center/records-returns.html,https://www.ecfr.gov/current/title-21/chapter-I/subchapter-C/part-211/section-211.194,21 CFR § 211.194(e),2026-08-07,No,Approved for batch 1
PGE-CGMP-0181,Laboratory records,The initials or signature of the person who performs each test and the date(s) the tests were performed.,Engineering implication: implementation evidence should address laboratory records.,U.S. finished-pharmaceutical CGMP requirement; confirm the current text of 21 CFR § 211.194(7) for the regulated product and operation.,knowledge-center/records-returns.html,https://www.ecfr.gov/current/title-21/chapter-I/subchapter-C/part-211/section-211.194,21 CFR § 211.194(7),2026-08-07,No,Approved for batch 1
PGE-CGMP-0182,Batch production and control records,"An accurate reproduction of the appropriate master production or control record, checked for accuracy, dated, and signed;",Engineering implication: implementation evidence should address batch production and control records.,U.S. finished-pharmaceutical CGMP requirement; confirm the current text of 21 CFR § 211.188(a) for the regulated product and operation.,knowledge-center/records-returns.html,https://www.ecfr.gov/current/title-21/chapter-I/subchapter-C/part-211/section-211.188,21 CFR § 211.188(a),2026-08-07,No,Approved for batch 1
PGE-CGMP-0183,Batch production and control records,A statement of the actual yield and a statement of the percentage of theoretical yield at appropriate phases of processing;,Engineering implication: implementation evidence should address batch production and control records.,U.S. finished-pharmaceutical CGMP requirement; confirm the current text of 21 CFR § 211.188(7) for the regulated product and operation.,knowledge-center/records-returns.html,https://www.ecfr.gov/current/title-21/chapter-I/subchapter-C/part-211/section-211.188,21 CFR § 211.188(7),2026-08-07,No,Approved for batch 1
PGE-CGMP-0184,Master production and control records,A complete list of components designated by names or codes sufficiently specific to indicate any special quality characteristic;,Engineering implication: implementation evidence should address master production and control records.,U.S. finished-pharmaceutical CGMP requirement; confirm the current text of 21 CFR § 211.186(3) for the regulated product and operation.,knowledge-center/records-returns.html,https://www.ecfr.gov/current/title-21/chapter-I/subchapter-C/part-211/section-211.186,21 CFR § 211.186(3),2026-08-07,No,Approved for batch 1
PGE-CGMP-0185,Batch production and control records,"Documentation that each significant step in the manufacture, processing, packing, or holding of the batch was accomplished, including:",Engineering implication: implementation evidence should address batch production and control records.,U.S. finished-pharmaceutical CGMP requirement; confirm the current text of 21 CFR § 211.188(b) for the regulated product and operation.,knowledge-center/records-returns.html,https://www.ecfr.gov/current/title-21/chapter-I/subchapter-C/part-211/section-211.188,21 CFR § 211.188(b),2026-08-07,No,Approved for batch 1
PGE-CGMP-0186,General requirements,"A review of a representative number of batches, whether approved or rejected, and, where applicable, records associated with the batch.",Engineering implication: implementation evidence should address general requirements.,U.S. finished-pharmaceutical CGMP requirement; confirm the current text of 21 CFR § 211.180(1) for the regulated product and operation.,knowledge-center/records-returns.html,https://www.ecfr.gov/current/title-21/chapter-I/subchapter-C/part-211/section-211.180,21 CFR § 211.180(1),2026-08-07,No,Approved for batch 1
PGE-CGMP-0187,General requirements,"A review of complaints, recalls, returned or salvaged drug products, and investigations conducted under § 211.192 for each drug product.",Engineering implication: implementation evidence should address general requirements.,U.S. finished-pharmaceutical CGMP requirement; confirm the current text of 21 CFR § 211.180(2) for the regulated product and operation.,knowledge-center/records-returns.html,https://www.ecfr.gov/current/title-21/chapter-I/subchapter-C/part-211/section-211.180,21 CFR § 211.180(2),2026-08-07,No,Approved for batch 1
PGE-CGMP-0188,Laboratory records,"Complete records must be maintained of any testing and standardization of laboratory reference standards, reagents, and standard solutions.",Engineering implication: implementation evidence should address laboratory records.,U.S. finished-pharmaceutical CGMP requirement; confirm the current text of 21 CFR § 211.194(c) for the regulated product and operation.,knowledge-center/records-returns.html,https://www.ecfr.gov/current/title-21/chapter-I/subchapter-C/part-211/section-211.194,21 CFR § 211.194(c),2026-08-07,No,Approved for batch 1
PGE-CGMP-0189,Laboratory records,"A record of all calculations performed in connection with the test, including units of measure, conversion factors, and equivalency factors.",Engineering implication: implementation evidence should address laboratory records.,U.S. finished-pharmaceutical CGMP requirement; confirm the current text of 21 CFR § 211.194(5) for the regulated product and operation.,knowledge-center/records-returns.html,https://www.ecfr.gov/current/title-21/chapter-I/subchapter-C/part-211/section-211.194,21 CFR § 211.194(5),2026-08-07,No,Approved for batch 1
PGE-CGMP-0190,Master production and control records,"Complete manufacturing and control instructions, sampling and testing procedures, specifications, special notations, and precautions to be followed.",Engineering implication: implementation evidence should address master production and control records.,U.S. finished-pharmaceutical CGMP requirement; confirm the current text of 21 CFR § 211.186(9) for the regulated product and operation.,knowledge-center/records-returns.html,https://www.ecfr.gov/current/title-21/chapter-I/subchapter-C/part-211/section-211.186,21 CFR § 211.186(9),2026-08-07,No,Approved for batch 1
PGE-CGMP-0191,"Component, drug product container, closure, and labeling records",Documentation of the examination and review of labels and labeling for conformity with established specifications in accord with §§ 211.122(c) and 211.130(c).,"Engineering implication: implementation evidence should address component, drug product container, closure, and labeling records.",U.S. finished-pharmaceutical CGMP requirement; confirm the current text of 21 CFR § 211.184(d) for the regulated product and operation.,knowledge-center/records-returns.html,https://www.ecfr.gov/current/title-21/chapter-I/subchapter-C/part-211/section-211.184,21 CFR § 211.184(d),2026-08-07,No,Approved for batch 1
PGE-CGMP-0192,Laboratory records,"Complete records must be maintained of the periodic calibration of laboratory instruments, apparatus, gauges, and recording devices required by § 211.160(b)(4).",Engineering implication: implementation evidence should address laboratory records.,U.S. finished-pharmaceutical CGMP requirement; confirm the current text of 21 CFR § 211.194(d) for the regulated product and operation.,knowledge-center/records-returns.html,https://www.ecfr.gov/current/title-21/chapter-I/subchapter-C/part-211/section-211.194,21 CFR § 211.194(d),2026-08-07,No,Approved for batch 1
PGE-CGMP-0193,Master production and control records,"A statement of theoretical yield, including the maximum and minimum percentages of theoretical yield beyond which investigation according to § 211.192 is required;",Engineering implication: implementation evidence should address master production and control records.,U.S. finished-pharmaceutical CGMP requirement; confirm the current text of 21 CFR § 211.186(7) for the regulated product and operation.,knowledge-center/records-returns.html,https://www.ecfr.gov/current/title-21/chapter-I/subchapter-C/part-211/section-211.186,21 CFR § 211.186(7),2026-08-07,No,Approved for batch 1
PGE-CGMP-0194,Laboratory records,"The initials or signature of a second person showing that the original records have been reviewed for accuracy, completeness, and compliance with established standards.",Engineering implication: implementation evidence should address laboratory records.,U.S. finished-pharmaceutical CGMP requirement; confirm the current text of 21 CFR § 211.194(8) for the regulated product and operation.,knowledge-center/records-returns.html,https://www.ecfr.gov/current/title-21/chapter-I/subchapter-C/part-211/section-211.194,21 CFR § 211.194(8),2026-08-07,No,Approved for batch 1
PGE-CGMP-0195,"Component, drug product container, closure, and labeling records","The results of any test or examination performed (including those performed as required by § 211.82(a), § 211.84(d), or § 211.122(a)) and the conclusions derived therefrom.","Engineering implication: implementation evidence should address component, drug product container, closure, and labeling records.",U.S. finished-pharmaceutical CGMP requirement; confirm the current text of 21 CFR § 211.184(b) for the regulated product and operation.,knowledge-center/records-returns.html,https://www.ecfr.gov/current/title-21/chapter-I/subchapter-C/part-211/section-211.184,21 CFR § 211.184(b),2026-08-07,No,Approved for batch 1
PGE-CGMP-0196,Master production and control records,"The name and weight or measure of each active ingredient per dosage unit or per unit of weight or measure of the drug product, and a statement of the total weight or measure of any dosage unit;",Engineering implication: implementation evidence should address master production and control records.,U.S. finished-pharmaceutical CGMP requirement; confirm the current text of 21 CFR § 211.186(2) for the regulated product and operation.,knowledge-center/records-returns.html,https://www.ecfr.gov/current/title-21/chapter-I/subchapter-C/part-211/section-211.186,21 CFR § 211.186(2),2026-08-07,No,Approved for batch 1
PGE-CGMP-0197,Laboratory records,"Laboratory records must include complete data derived from all tests necessary to assure compliance with established specifications and standards, including examinations and assays, as follows:",Engineering implication: implementation evidence should address laboratory records.,U.S. finished-pharmaceutical CGMP requirement; confirm the current text of 21 CFR § 211.194(a) for the regulated product and operation.,knowledge-center/records-returns.html,https://www.ecfr.gov/current/title-21/chapter-I/subchapter-C/part-211/section-211.194,21 CFR § 211.194(a),2026-08-07,No,Approved for batch 1
PGE-CGMP-0198,Complaint files,"The written record must include the following information, where known: the name and strength of the drug product, lot number, name of complainant, nature of complaint, and reply to complainant.",Engineering implication: implementation evidence should address complaint files.,U.S. finished-pharmaceutical CGMP requirement; confirm the current text of 21 CFR § 211.198(1) for the regulated product and operation.,knowledge-center/records-returns.html,https://www.ecfr.gov/current/title-21/chapter-I/subchapter-C/part-211/section-211.198,21 CFR § 211.198(1),2026-08-07,No,Approved for batch 1
PGE-CGMP-0199,Batch production and control records,Batch production and control records must be prepared for each batch of drug product produced and must include complete information relating to the production and control of each batch. These records must include:,Engineering implication: implementation evidence should address batch production and control records.,U.S. finished-pharmaceutical CGMP requirement; confirm the current text of 21 CFR § 211.188 for the regulated product and operation.,knowledge-center/records-returns.html,https://www.ecfr.gov/current/title-21/chapter-I/subchapter-C/part-211/section-211.188,21 CFR § 211.188,2026-08-07,No,Approved for batch 1
PGE-CGMP-0200,Complaint files,"Where an investigation under § 211.192 is not conducted, the written record must include the reason that an investigation was found not to be necessary and the name of the responsible person making such a determination.",Engineering implication: implementation evidence should address complaint files.,U.S. finished-pharmaceutical CGMP requirement; confirm the current text of 21 CFR § 211.198(3) for the regulated product and operation.,knowledge-center/records-returns.html,https://www.ecfr.gov/current/title-21/chapter-I/subchapter-C/part-211/section-211.198,21 CFR § 211.198(3),2026-08-07,No,Approved for batch 1
