legacy_fact_id,technical_topic,concise_factual_claim,classification,classification_reason,short_engineering_explanation,application_limitations_or_context,appropriate_destination_page,supporting_source,last_reviewed_date,human_technical_review_required,approved_for_publication
LEGACY-0001,Die Identification,Die Identification must be evaluated in context.,Generic filler,"The card substitutes a topic label into a repeated template; it does not state a discrete, source-supported engineering fact.",Rejected during recovery audit; not approved for publication.,"A page-specific, source-supported claim would be required.",services/die-maintenance.html,No source supplied in legacy card,2026-08-07,Yes,No
LEGACY-0002,Set Traceability,Set Traceability must be evaluated in context.,Generic filler,"The card substitutes a topic label into a repeated template; it does not state a discrete, source-supported engineering fact.",Rejected during recovery audit; not approved for publication.,"A page-specific, source-supported claim would be required.",services/die-maintenance.html,No source supplied in legacy card,2026-08-07,Yes,No
LEGACY-0003,Clean-Before-Inspection,Clean-Before-Inspection must be evaluated in context.,Generic filler,"The card substitutes a topic label into a repeated template; it does not state a discrete, source-supported engineering fact.",Rejected during recovery audit; not approved for publication.,"A page-specific, source-supported claim would be required.",services/die-maintenance.html,No source supplied in legacy card,2026-08-07,Yes,No
LEGACY-0004,Die-Bore Visual Inspection,Die-Bore Visual Inspection must be evaluated in context.,Generic filler,"The card substitutes a topic label into a repeated template; it does not state a discrete, source-supported engineering fact.",Rejected during recovery audit; not approved for publication.,"A page-specific, source-supported claim would be required.",services/die-maintenance.html,No source supplied in legacy card,2026-08-07,Yes,No
LEGACY-0005,Directional Lighting,Directional Lighting must be evaluated in context.,Generic filler,"The card substitutes a topic label into a repeated template; it does not state a discrete, source-supported engineering fact.",Rejected during recovery audit; not approved for publication.,"A page-specific, source-supported claim would be required.",services/die-maintenance.html,No source supplied in legacy card,2026-08-07,Yes,No
LEGACY-0006,Magnification,Magnification must be evaluated in context.,Generic filler,"The card substitutes a topic label into a repeated template; it does not state a discrete, source-supported engineering fact.",Rejected during recovery audit; not approved for publication.,"A page-specific, source-supported claim would be required.",services/die-maintenance.html,No source supplied in legacy card,2026-08-07,Yes,No
LEGACY-0007,Bore Roughness,Bore Roughness must be evaluated in context.,Generic filler,"The card substitutes a topic label into a repeated template; it does not state a discrete, source-supported engineering fact.",Rejected during recovery audit; not approved for publication.,"A page-specific, source-supported claim would be required.",services/die-maintenance.html,No source supplied in legacy card,2026-08-07,Yes,No
LEGACY-0008,Ra Limitations,Ra Limitations must be evaluated in context.,Generic filler,"The card substitutes a topic label into a repeated template; it does not state a discrete, source-supported engineering fact.",Rejected during recovery audit; not approved for publication.,"A page-specific, source-supported claim would be required.",services/die-maintenance.html,No source supplied in legacy card,2026-08-07,Yes,No
LEGACY-0009,Bore Scratches,Bore Scratches must be evaluated in context.,Generic filler,"The card substitutes a topic label into a repeated template; it does not state a discrete, source-supported engineering fact.",Rejected during recovery audit; not approved for publication.,"A page-specific, source-supported claim would be required.",services/die-maintenance.html,No source supplied in legacy card,2026-08-07,Yes,No
LEGACY-0010,Corrosion Pits,Corrosion Pits must be evaluated in context.,Generic filler,"The card substitutes a topic label into a repeated template; it does not state a discrete, source-supported engineering fact.",Rejected during recovery audit; not approved for publication.,"A page-specific, source-supported claim would be required.",services/die-maintenance.html,No source supplied in legacy card,2026-08-07,Yes,No
LEGACY-0011,Die Entry Condition,Die Entry Condition must be evaluated in context.,Generic filler,"The card substitutes a topic label into a repeated template; it does not state a discrete, source-supported engineering fact.",Rejected during recovery audit; not approved for publication.,"A page-specific, source-supported claim would be required.",services/die-maintenance.html,No source supplied in legacy card,2026-08-07,Yes,No
LEGACY-0012,Die Exit Condition,Die Exit Condition must be evaluated in context.,Generic filler,"The card substitutes a topic label into a repeated template; it does not state a discrete, source-supported engineering fact.",Rejected during recovery audit; not approved for publication.,"A page-specific, source-supported claim would be required.",services/die-maintenance.html,No source supplied in legacy card,2026-08-07,Yes,No
LEGACY-0013,Bore Diameter,Bore Diameter must be evaluated in context.,Generic filler,"The card substitutes a topic label into a repeated template; it does not state a discrete, source-supported engineering fact.",Rejected during recovery audit; not approved for publication.,"A page-specific, source-supported claim would be required.",services/die-maintenance.html,No source supplied in legacy card,2026-08-07,Yes,No
LEGACY-0014,Ovality,Ovality must be evaluated in context.,Generic filler,"The card substitutes a topic label into a repeated template; it does not state a discrete, source-supported engineering fact.",Rejected during recovery audit; not approved for publication.,"A page-specific, source-supported claim would be required.",services/die-maintenance.html,No source supplied in legacy card,2026-08-07,Yes,No
LEGACY-0015,Taper,Taper must be evaluated in context.,Generic filler,"The card substitutes a topic label into a repeated template; it does not state a discrete, source-supported engineering fact.",Rejected during recovery audit; not approved for publication.,"A page-specific, source-supported claim would be required.",services/die-maintenance.html,No source supplied in legacy card,2026-08-07,Yes,No
LEGACY-0016,Dimensional Records,Dimensional Records must be evaluated in context.,Generic filler,"The card substitutes a topic label into a repeated template; it does not state a discrete, source-supported engineering fact.",Rejected during recovery audit; not approved for publication.,"A page-specific, source-supported claim would be required.",services/die-maintenance.html,No source supplied in legacy card,2026-08-07,Yes,No
LEGACY-0017,Ejection Force,Ejection Force must be evaluated in context.,Generic filler,"The card substitutes a topic label into a repeated template; it does not state a discrete, source-supported engineering fact.",Rejected during recovery audit; not approved for publication.,"A page-specific, source-supported claim would be required.",services/die-maintenance.html,No source supplied in legacy card,2026-08-07,Yes,No
LEGACY-0018,Die-Wall Friction,Die-Wall Friction must be evaluated in context.,Generic filler,"The card substitutes a topic label into a repeated template; it does not state a discrete, source-supported engineering fact.",Rejected during recovery audit; not approved for publication.,"A page-specific, source-supported claim would be required.",services/die-maintenance.html,No source supplied in legacy card,2026-08-07,Yes,No
LEGACY-0019,Tablet Sidewall Marks,Tablet Sidewall Marks must be evaluated in context.,Generic filler,"The card substitutes a topic label into a repeated template; it does not state a discrete, source-supported engineering fact.",Rejected during recovery audit; not approved for publication.,"A page-specific, source-supported claim would be required.",services/die-maintenance.html,No source supplied in legacy card,2026-08-07,Yes,No
LEGACY-0020,Binding,Binding must be evaluated in context.,Generic filler,"The card substitutes a topic label into a repeated template; it does not state a discrete, source-supported engineering fact.",Rejected during recovery audit; not approved for publication.,"A page-specific, source-supported claim would be required.",services/die-maintenance.html,No source supplied in legacy card,2026-08-07,Yes,No
LEGACY-0021,Lubrication,Lubrication must be evaluated in context.,Generic filler,"The card substitutes a topic label into a repeated template; it does not state a discrete, source-supported engineering fact.",Rejected during recovery audit; not approved for publication.,"A page-specific, source-supported claim would be required.",services/die-maintenance.html,No source supplied in legacy card,2026-08-07,Yes,No
LEGACY-0022,Cleaning Chemistry,Cleaning Chemistry must be evaluated in context.,Generic filler,"The card substitutes a topic label into a repeated template; it does not state a discrete, source-supported engineering fact.",Rejected during recovery audit; not approved for publication.,"A page-specific, source-supported claim would be required.",services/die-maintenance.html,No source supplied in legacy card,2026-08-07,Yes,No
LEGACY-0023,Abrasive Cleaning,Abrasive Cleaning must be evaluated in context.,Generic filler,"The card substitutes a topic label into a repeated template; it does not state a discrete, source-supported engineering fact.",Rejected during recovery audit; not approved for publication.,"A page-specific, source-supported claim would be required.",services/die-maintenance.html,No source supplied in legacy card,2026-08-07,Yes,No
LEGACY-0024,Drying,Drying must be evaluated in context.,Generic filler,"The card substitutes a topic label into a repeated template; it does not state a discrete, source-supported engineering fact.",Rejected during recovery audit; not approved for publication.,"A page-specific, source-supported claim would be required.",services/die-maintenance.html,No source supplied in legacy card,2026-08-07,Yes,No
LEGACY-0025,Storage Humidity,Storage Humidity must be evaluated in context.,Generic filler,"The card substitutes a topic label into a repeated template; it does not state a discrete, source-supported engineering fact.",Rejected during recovery audit; not approved for publication.,"A page-specific, source-supported claim would be required.",services/die-maintenance.html,No source supplied in legacy card,2026-08-07,Yes,No
LEGACY-0026,Protective Packaging,Protective Packaging must be evaluated in context.,Generic filler,"The card substitutes a topic label into a repeated template; it does not state a discrete, source-supported engineering fact.",Rejected during recovery audit; not approved for publication.,"A page-specific, source-supported claim would be required.",services/die-maintenance.html,No source supplied in legacy card,2026-08-07,Yes,No
LEGACY-0027,Handling Damage,Handling Damage must be evaluated in context.,Generic filler,"The card substitutes a topic label into a repeated template; it does not state a discrete, source-supported engineering fact.",Rejected during recovery audit; not approved for publication.,"A page-specific, source-supported claim would be required.",services/die-maintenance.html,No source supplied in legacy card,2026-08-07,Yes,No
LEGACY-0028,Installation Damage,Installation Damage must be evaluated in context.,Generic filler,"The card substitutes a topic label into a repeated template; it does not state a discrete, source-supported engineering fact.",Rejected during recovery audit; not approved for publication.,"A page-specific, source-supported claim would be required.",services/die-maintenance.html,No source supplied in legacy card,2026-08-07,Yes,No
LEGACY-0029,Press Alignment,Press Alignment must be evaluated in context.,Generic filler,"The card substitutes a topic label into a repeated template; it does not state a discrete, source-supported engineering fact.",Rejected during recovery audit; not approved for publication.,"A page-specific, source-supported claim would be required.",services/die-maintenance.html,No source supplied in legacy card,2026-08-07,Yes,No
LEGACY-0030,Station Mapping,Station Mapping must be evaluated in context.,Generic filler,"The card substitutes a topic label into a repeated template; it does not state a discrete, source-supported engineering fact.",Rejected during recovery audit; not approved for publication.,"A page-specific, source-supported claim would be required.",services/die-maintenance.html,No source supplied in legacy card,2026-08-07,Yes,No
LEGACY-0031,Coated Dies,Coated Dies must be evaluated in context.,Generic filler,"The card substitutes a topic label into a repeated template; it does not state a discrete, source-supported engineering fact.",Rejected during recovery audit; not approved for publication.,"A page-specific, source-supported claim would be required.",services/die-maintenance.html,No source supplied in legacy card,2026-08-07,Yes,No
LEGACY-0032,Coating Damage,Coating Damage must be evaluated in context.,Generic filler,"The card substitutes a topic label into a repeated template; it does not state a discrete, source-supported engineering fact.",Rejected during recovery audit; not approved for publication.,"A page-specific, source-supported claim would be required.",services/die-maintenance.html,No source supplied in legacy card,2026-08-07,Yes,No
LEGACY-0033,Polishing Limits,Polishing Limits must be evaluated in context.,Generic filler,"The card substitutes a topic label into a repeated template; it does not state a discrete, source-supported engineering fact.",Rejected during recovery audit; not approved for publication.,"A page-specific, source-supported claim would be required.",services/die-maintenance.html,No source supplied in legacy card,2026-08-07,Yes,No
LEGACY-0034,Restoration Feasibility,Restoration Feasibility must be evaluated in context.,Generic filler,"The card substitutes a topic label into a repeated template; it does not state a discrete, source-supported engineering fact.",Rejected during recovery audit; not approved for publication.,"A page-specific, source-supported claim would be required.",services/die-maintenance.html,No source supplied in legacy card,2026-08-07,Yes,No
LEGACY-0035,Replacement Criteria,Replacement Criteria must be evaluated in context.,Generic filler,"The card substitutes a topic label into a repeated template; it does not state a discrete, source-supported engineering fact.",Rejected during recovery audit; not approved for publication.,"A page-specific, source-supported claim would be required.",services/die-maintenance.html,No source supplied in legacy card,2026-08-07,Yes,No
LEGACY-0036,Production-Volume Tracking,Production-Volume Tracking must be evaluated in context.,Generic filler,"The card substitutes a topic label into a repeated template; it does not state a discrete, source-supported engineering fact.",Rejected during recovery audit; not approved for publication.,"A page-specific, source-supported claim would be required.",services/die-maintenance.html,No source supplied in legacy card,2026-08-07,Yes,No
LEGACY-0037,Abrasive Formulations,Abrasive Formulations must be evaluated in context.,Generic filler,"The card substitutes a topic label into a repeated template; it does not state a discrete, source-supported engineering fact.",Rejected during recovery audit; not approved for publication.,"A page-specific, source-supported claim would be required.",services/die-maintenance.html,No source supplied in legacy card,2026-08-07,Yes,No
LEGACY-0038,Corrosive Formulations,Corrosive Formulations must be evaluated in context.,Generic filler,"The card substitutes a topic label into a repeated template; it does not state a discrete, source-supported engineering fact.",Rejected during recovery audit; not approved for publication.,"A page-specific, source-supported claim would be required.",services/die-maintenance.html,No source supplied in legacy card,2026-08-07,Yes,No
LEGACY-0039,Maintenance Intervals,Maintenance Intervals must be evaluated in context.,Generic filler,"The card substitutes a topic label into a repeated template; it does not state a discrete, source-supported engineering fact.",Rejected during recovery audit; not approved for publication.,"A page-specific, source-supported claim would be required.",services/die-maintenance.html,No source supplied in legacy card,2026-08-07,Yes,No
LEGACY-0040,Good-Die Comparison,Good-Die Comparison must be evaluated in context.,Generic filler,"The card substitutes a topic label into a repeated template; it does not state a discrete, source-supported engineering fact.",Rejected during recovery audit; not approved for publication.,"A page-specific, source-supported claim would be required.",services/die-maintenance.html,No source supplied in legacy card,2026-08-07,Yes,No
LEGACY-0041,Before-And-After Photography,Before-And-After Photography must be evaluated in context.,Generic filler,"The card substitutes a topic label into a repeated template; it does not state a discrete, source-supported engineering fact.",Rejected during recovery audit; not approved for publication.,"A page-specific, source-supported claim would be required.",services/die-maintenance.html,No source supplied in legacy card,2026-08-07,Yes,No
LEGACY-0042,Inspection Reports,Inspection Reports must be evaluated in context.,Generic filler,"The card substitutes a topic label into a repeated template; it does not state a discrete, source-supported engineering fact.",Rejected during recovery audit; not approved for publication.,"A page-specific, source-supported claim would be required.",services/die-maintenance.html,No source supplied in legacy card,2026-08-07,Yes,No
LEGACY-0043,International Shipping,International Shipping must be evaluated in context.,Generic filler,"The card substitutes a topic label into a repeated template; it does not state a discrete, source-supported engineering fact.",Rejected during recovery audit; not approved for publication.,"A page-specific, source-supported claim would be required.",services/die-maintenance.html,No source supplied in legacy card,2026-08-07,Yes,No
LEGACY-0044,Return-To-Service Approval,Return-To-Service Approval must be evaluated in context.,Generic filler,"The card substitutes a topic label into a repeated template; it does not state a discrete, source-supported engineering fact.",Rejected during recovery audit; not approved for publication.,"A page-specific, source-supported claim would be required.",services/die-maintenance.html,No source supplied in legacy card,2026-08-07,Yes,No
LEGACY-0045,Lifecycle Management,Lifecycle Management must be evaluated in context.,Generic filler,"The card substitutes a topic label into a repeated template; it does not state a discrete, source-supported engineering fact.",Rejected during recovery audit; not approved for publication.,"A page-specific, source-supported claim would be required.",services/die-maintenance.html,No source supplied in legacy card,2026-08-07,Yes,No
LEGACY-0046,Microfinish™ is an engineered surface-refinement approach.,Microfinish™ is an engineered surface-refinement approach.,Generic filler,"The card substitutes a topic label into a repeated template; it does not state a discrete, source-supported engineering fact.",Rejected during recovery audit; not approved for publication.,"A page-specific, source-supported claim would be required.",services/microfinish-surface-engineering.html,No source supplied in legacy card,2026-08-07,Yes,No
LEGACY-0047,Microfinish™ is not simply polishing.,Microfinish™ is not simply polishing.,Generic filler,"The card substitutes a topic label into a repeated template; it does not state a discrete, source-supported engineering fact.",Rejected during recovery audit; not approved for publication.,"A page-specific, source-supported claim would be required.",services/microfinish-surface-engineering.html,No source supplied in legacy card,2026-08-07,Yes,No
LEGACY-0048,Application review comes before surface refinement.,Application review comes before surface refinement.,Generic filler,"The card substitutes a topic label into a repeated template; it does not state a discrete, source-supported engineering fact.",Rejected during recovery audit; not approved for publication.,"A page-specific, source-supported claim would be required.",services/microfinish-surface-engineering.html,No source supplied in legacy card,2026-08-07,Yes,No
LEGACY-0049,Critical geometry must be protected.,Critical geometry must be protected.,Generic filler,"The card substitutes a topic label into a repeated template; it does not state a discrete, source-supported engineering fact.",Rejected during recovery audit; not approved for publication.,"A page-specific, source-supported claim would be required.",services/microfinish-surface-engineering.html,No source supplied in legacy card,2026-08-07,Yes,No
LEGACY-0050,Localized defects can drive the process.,Localized defects can drive the process.,Generic filler,"The card substitutes a topic label into a repeated template; it does not state a discrete, source-supported engineering fact.",Rejected during recovery audit; not approved for publication.,"A page-specific, source-supported claim would be required.",services/microfinish-surface-engineering.html,No source supplied in legacy card,2026-08-07,Yes,No
LEGACY-0051,Microfinish™ may support tablet release.,Microfinish™ may support tablet release.,Generic filler,"The card substitutes a topic label into a repeated template; it does not state a discrete, source-supported engineering fact.",Rejected during recovery audit; not approved for publication.,"A page-specific, source-supported claim would be required.",services/microfinish-surface-engineering.html,No source supplied in legacy card,2026-08-07,Yes,No
LEGACY-0052,Microfinish™ cannot correct unstable moisture.,Microfinish™ cannot correct unstable moisture.,Generic filler,"The card substitutes a topic label into a repeated template; it does not state a discrete, source-supported engineering fact.",Rejected during recovery audit; not approved for publication.,"A page-specific, source-supported claim would be required.",services/microfinish-surface-engineering.html,No source supplied in legacy card,2026-08-07,Yes,No
LEGACY-0053,Microfinish™ cannot correct excessive binder tackiness.,Microfinish™ cannot correct excessive binder tackiness.,Generic filler,"The card substitutes a topic label into a repeated template; it does not state a discrete, source-supported engineering fact.",Rejected during recovery audit; not approved for publication.,"A page-specific, source-supported claim would be required.",services/microfinish-surface-engineering.html,No source supplied in legacy card,2026-08-07,Yes,No
LEGACY-0054,Microfinish™ cannot repair cracks.,Microfinish™ cannot repair cracks.,Generic filler,"The card substitutes a topic label into a repeated template; it does not state a discrete, source-supported engineering fact.",Rejected during recovery audit; not approved for publication.,"A page-specific, source-supported claim would be required.",services/microfinish-surface-engineering.html,No source supplied in legacy card,2026-08-07,Yes,No
LEGACY-0055,Microfinish™ performance should be documented.,Microfinish™ performance should be documented.,Generic filler,"The card substitutes a topic label into a repeated template; it does not state a discrete, source-supported engineering fact.",Rejected during recovery audit; not approved for publication.,"A page-specific, source-supported claim would be required.",services/microfinish-surface-engineering.html,No source supplied in legacy card,2026-08-07,Yes,No
LEGACY-0056,Surface roughness should be measured with context.,Surface roughness should be measured with context.,Generic filler,"The card substitutes a topic label into a repeated template; it does not state a discrete, source-supported engineering fact.",Rejected during recovery audit; not approved for publication.,"A page-specific, source-supported claim would be required.",services/microfinish-surface-engineering.html,No source supplied in legacy card,2026-08-07,Yes,No
LEGACY-0057,The lowest Ra is not always the best target.,The lowest Ra is not always the best target.,Generic filler,"The card substitutes a topic label into a repeated template; it does not state a discrete, source-supported engineering fact.",Rejected during recovery audit; not approved for publication.,"A page-specific, source-supported claim would be required.",services/microfinish-surface-engineering.html,No source supplied in legacy card,2026-08-07,Yes,No
LEGACY-0058,Directionality can influence performance.,Directionality can influence performance.,Generic filler,"The card substitutes a topic label into a repeated template; it does not state a discrete, source-supported engineering fact.",Rejected during recovery audit; not approved for publication.,"A page-specific, source-supported claim would be required.",services/microfinish-surface-engineering.html,No source supplied in legacy card,2026-08-07,Yes,No
LEGACY-0059,Engraving requires special protection.,Engraving requires special protection.,Generic filler,"The card substitutes a topic label into a repeated template; it does not state a discrete, source-supported engineering fact.",Rejected during recovery audit; not approved for publication.,"A page-specific, source-supported claim would be required.",services/microfinish-surface-engineering.html,No source supplied in legacy card,2026-08-07,Yes,No
LEGACY-0060,Deep cups require controlled access.,Deep cups require controlled access.,Generic filler,"The card substitutes a topic label into a repeated template; it does not state a discrete, source-supported engineering fact.",Rejected during recovery audit; not approved for publication.,"A page-specific, source-supported claim would be required.",services/microfinish-surface-engineering.html,No source supplied in legacy card,2026-08-07,Yes,No
LEGACY-0061,Edges and lands require preservation.,Edges and lands require preservation.,Generic filler,"The card substitutes a topic label into a repeated template; it does not state a discrete, source-supported engineering fact.",Rejected during recovery audit; not approved for publication.,"A page-specific, source-supported claim would be required.",services/microfinish-surface-engineering.html,No source supplied in legacy card,2026-08-07,Yes,No
LEGACY-0062,Microfinish™ may improve cleanability.,Microfinish™ may improve cleanability.,Generic filler,"The card substitutes a topic label into a repeated template; it does not state a discrete, source-supported engineering fact.",Rejected during recovery audit; not approved for publication.,"A page-specific, source-supported claim would be required.",services/microfinish-surface-engineering.html,No source supplied in legacy card,2026-08-07,Yes,No
LEGACY-0063,Cleaning compatibility remains important.,Cleaning compatibility remains important.,Generic filler,"The card substitutes a topic label into a repeated template; it does not state a discrete, source-supported engineering fact.",Rejected during recovery audit; not approved for publication.,"A page-specific, source-supported claim would be required.",services/microfinish-surface-engineering.html,No source supplied in legacy card,2026-08-07,Yes,No
LEGACY-0064,Substrate material influences results.,Substrate material influences results.,Generic filler,"The card substitutes a topic label into a repeated template; it does not state a discrete, source-supported engineering fact.",Rejected during recovery audit; not approved for publication.,"A page-specific, source-supported claim would be required.",services/microfinish-surface-engineering.html,No source supplied in legacy card,2026-08-07,Yes,No
LEGACY-0065,Coated tooling requires a different route.,Coated tooling requires a different route.,Generic filler,"The card substitutes a topic label into a repeated template; it does not state a discrete, source-supported engineering fact.",Rejected during recovery audit; not approved for publication.,"A page-specific, source-supported claim would be required.",services/microfinish-surface-engineering.html,No source supplied in legacy card,2026-08-07,Yes,No
LEGACY-0066,Recoating should follow substrate approval.,Recoating should follow substrate approval.,Generic filler,"The card substitutes a topic label into a repeated template; it does not state a discrete, source-supported engineering fact.",Rejected during recovery audit; not approved for publication.,"A page-specific, source-supported claim would be required.",services/microfinish-surface-engineering.html,No source supplied in legacy card,2026-08-07,Yes,No
LEGACY-0067,Microfinish™ may be organized into performance levels.,Microfinish™ may be organized into performance levels.,Generic filler,"The card substitutes a topic label into a repeated template; it does not state a discrete, source-supported engineering fact.",Rejected during recovery audit; not approved for publication.,"A page-specific, source-supported claim would be required.",services/microfinish-surface-engineering.html,No source supplied in legacy card,2026-08-07,Yes,No
LEGACY-0068,Performance levels should not be marketing labels alone.,Performance levels should not be marketing labels alone.,Generic filler,"The card substitutes a topic label into a repeated template; it does not state a discrete, source-supported engineering fact.",Rejected during recovery audit; not approved for publication.,"A page-specific, source-supported claim would be required.",services/microfinish-surface-engineering.html,No source supplied in legacy card,2026-08-07,Yes,No
LEGACY-0069,Standard applications still require inspection.,Standard applications still require inspection.,Generic filler,"The card substitutes a topic label into a repeated template; it does not state a discrete, source-supported engineering fact.",Rejected during recovery audit; not approved for publication.,"A page-specific, source-supported claim would be required.",services/microfinish-surface-engineering.html,No source supplied in legacy card,2026-08-07,Yes,No
LEGACY-0070,High-speed applications increase wear and heat concerns.,High-speed applications increase wear and heat concerns.,Generic filler,"The card substitutes a topic label into a repeated template; it does not state a discrete, source-supported engineering fact.",Rejected during recovery audit; not approved for publication.,"A page-specific, source-supported claim would be required.",services/microfinish-surface-engineering.html,No source supplied in legacy card,2026-08-07,Yes,No
LEGACY-0071,Adhesive products require system review.,Adhesive products require system review.,Generic filler,"The card substitutes a topic label into a repeated template; it does not state a discrete, source-supported engineering fact.",Rejected during recovery audit; not approved for publication.,"A page-specific, source-supported claim would be required.",services/microfinish-surface-engineering.html,No source supplied in legacy card,2026-08-07,Yes,No
LEGACY-0072,Corrosive products require chemistry review.,Corrosive products require chemistry review.,Generic filler,"The card substitutes a topic label into a repeated template; it does not state a discrete, source-supported engineering fact.",Rejected during recovery audit; not approved for publication.,"A page-specific, source-supported claim would be required.",services/microfinish-surface-engineering.html,No source supplied in legacy card,2026-08-07,Yes,No
LEGACY-0073,Extreme applications need stricter acceptance criteria.,Extreme applications need stricter acceptance criteria.,Generic filler,"The card substitutes a topic label into a repeated template; it does not state a discrete, source-supported engineering fact.",Rejected during recovery audit; not approved for publication.,"A page-specific, source-supported claim would be required.",services/microfinish-surface-engineering.html,No source supplied in legacy card,2026-08-07,Yes,No
LEGACY-0074,Before-and-after photographs improve transparency.,Before-and-after photographs improve transparency.,Generic filler,"The card substitutes a topic label into a repeated template; it does not state a discrete, source-supported engineering fact.",Rejected during recovery audit; not approved for publication.,"A page-specific, source-supported claim would be required.",services/microfinish-surface-engineering.html,No source supplied in legacy card,2026-08-07,Yes,No
LEGACY-0075,Dimensional records protect repeated service cycles.,Dimensional records protect repeated service cycles.,Generic filler,"The card substitutes a topic label into a repeated template; it does not state a discrete, source-supported engineering fact.",Rejected during recovery audit; not approved for publication.,"A page-specific, source-supported claim would be required.",services/microfinish-surface-engineering.html,No source supplied in legacy card,2026-08-07,Yes,No
LEGACY-0076,Surface appearance should not be the only release criterion.,Surface appearance should not be the only release criterion.,Generic filler,"The card substitutes a topic label into a repeated template; it does not state a discrete, source-supported engineering fact.",Rejected during recovery audit; not approved for publication.,"A page-specific, source-supported claim would be required.",services/microfinish-surface-engineering.html,No source supplied in legacy card,2026-08-07,Yes,No
LEGACY-0077,Microfinish™ may reduce picking when local roughness contributes.,Microfinish™ may reduce picking when local roughness contributes.,Generic filler,"The card substitutes a topic label into a repeated template; it does not state a discrete, source-supported engineering fact.",Rejected during recovery audit; not approved for publication.,"A page-specific, source-supported claim would be required.",services/microfinish-surface-engineering.html,No source supplied in legacy card,2026-08-07,Yes,No
LEGACY-0078,Microfinish™ may reduce sticking when broad surface damage contributes.,Microfinish™ may reduce sticking when broad surface damage contributes.,Generic filler,"The card substitutes a topic label into a repeated template; it does not state a discrete, source-supported engineering fact.",Rejected during recovery audit; not approved for publication.,"A page-specific, source-supported claim would be required.",services/microfinish-surface-engineering.html,No source supplied in legacy card,2026-08-07,Yes,No
LEGACY-0079,Microfinish™ may extend service life in suitable cases.,Microfinish™ may extend service life in suitable cases.,Generic filler,"The card substitutes a topic label into a repeated template; it does not state a discrete, source-supported engineering fact.",Rejected during recovery audit; not approved for publication.,"A page-specific, source-supported claim would be required.",services/microfinish-surface-engineering.html,No source supplied in legacy card,2026-08-07,Yes,No
LEGACY-0080,Microfinish™ should include final cleaning.,Microfinish™ should include final cleaning.,Generic filler,"The card substitutes a topic label into a repeated template; it does not state a discrete, source-supported engineering fact.",Rejected during recovery audit; not approved for publication.,"A page-specific, source-supported claim would be required.",services/microfinish-surface-engineering.html,No source supplied in legacy card,2026-08-07,Yes,No
LEGACY-0081,Packaging protects the finished surface.,Packaging protects the finished surface.,Generic filler,"The card substitutes a topic label into a repeated template; it does not state a discrete, source-supported engineering fact.",Rejected during recovery audit; not approved for publication.,"A page-specific, source-supported claim would be required.",services/microfinish-surface-engineering.html,No source supplied in legacy card,2026-08-07,Yes,No
LEGACY-0082,Production trials should confirm performance.,Production trials should confirm performance.,Generic filler,"The card substitutes a topic label into a repeated template; it does not state a discrete, source-supported engineering fact.",Rejected during recovery audit; not approved for publication.,"A page-specific, source-supported claim would be required.",services/microfinish-surface-engineering.html,No source supplied in legacy card,2026-08-07,Yes,No
LEGACY-0083,A baseline is needed for comparison.,A baseline is needed for comparison.,Generic filler,"The card substitutes a topic label into a repeated template; it does not state a discrete, source-supported engineering fact.",Rejected during recovery audit; not approved for publication.,"A page-specific, source-supported claim would be required.",services/microfinish-surface-engineering.html,No source supplied in legacy card,2026-08-07,Yes,No
LEGACY-0084,Failure review improves future processing.,Failure review improves future processing.,Generic filler,"The card substitutes a topic label into a repeated template; it does not state a discrete, source-supported engineering fact.",Rejected during recovery audit; not approved for publication.,"A page-specific, source-supported claim would be required.",services/microfinish-surface-engineering.html,No source supplied in legacy card,2026-08-07,Yes,No
LEGACY-0085,Microfinish™ and coating are separate decisions.,Microfinish™ and coating are separate decisions.,Generic filler,"The card substitutes a topic label into a repeated template; it does not state a discrete, source-supported engineering fact.",Rejected during recovery audit; not approved for publication.,"A page-specific, source-supported claim would be required.",services/microfinish-surface-engineering.html,No source supplied in legacy card,2026-08-07,Yes,No
LEGACY-0086,Coating thickness must be included in geometry planning.,Coating thickness must be included in geometry planning.,Generic filler,"The card substitutes a topic label into a repeated template; it does not state a discrete, source-supported engineering fact.",Rejected during recovery audit; not approved for publication.,"A page-specific, source-supported claim would be required.",services/microfinish-surface-engineering.html,No source supplied in legacy card,2026-08-07,Yes,No
LEGACY-0087,International projects require clear terminology.,International projects require clear terminology.,Generic filler,"The card substitutes a topic label into a repeated template; it does not state a discrete, source-supported engineering fact.",Rejected during recovery audit; not approved for publication.,"A page-specific, source-supported claim would be required.",services/microfinish-surface-engineering.html,No source supplied in legacy card,2026-08-07,Yes,No
LEGACY-0088,Technical claims should remain supportable.,Technical claims should remain supportable.,Generic filler,"The card substitutes a topic label into a repeated template; it does not state a discrete, source-supported engineering fact.",Rejected during recovery audit; not approved for publication.,"A page-specific, source-supported claim would be required.",services/microfinish-surface-engineering.html,No source supplied in legacy card,2026-08-07,Yes,No
LEGACY-0089,Microfinish™ belongs within tooling lifecycle management.,Microfinish™ belongs within tooling lifecycle management.,Generic filler,"The card substitutes a topic label into a repeated template; it does not state a discrete, source-supported engineering fact.",Rejected during recovery audit; not approved for publication.,"A page-specific, source-supported claim would be required.",services/microfinish-surface-engineering.html,No source supplied in legacy card,2026-08-07,Yes,No
LEGACY-0090,The best Microfinish™ recommendation is evidence-based.,The best Microfinish™ recommendation is evidence-based.,Generic filler,"The card substitutes a topic label into a repeated template; it does not state a discrete, source-supported engineering fact.",Rejected during recovery audit; not approved for publication.,"A page-specific, source-supported claim would be required.",services/microfinish-surface-engineering.html,No source supplied in legacy card,2026-08-07,Yes,No
LEGACY-0091,Tablet compression tooling includes punches and dies.,Tablet compression tooling includes punches and dies.,Generic filler,"The card substitutes a topic label into a repeated template; it does not state a discrete, source-supported engineering fact.",Rejected during recovery audit; not approved for publication.,"A page-specific, source-supported claim would be required.",services/pharmaceutical-tablet-compression-tooling.html,No source supplied in legacy card,2026-08-07,Yes,No
LEGACY-0092,Upper and lower punches perform different roles.,Upper and lower punches perform different roles.,Generic filler,"The card substitutes a topic label into a repeated template; it does not state a discrete, source-supported engineering fact.",Rejected during recovery audit; not approved for publication.,"A page-specific, source-supported claim would be required.",services/pharmaceutical-tablet-compression-tooling.html,No source supplied in legacy card,2026-08-07,Yes,No
LEGACY-0093,The die controls the compression boundary.,The die controls the compression boundary.,Generic filler,"The card substitutes a topic label into a repeated template; it does not state a discrete, source-supported engineering fact.",Rejected during recovery audit; not approved for publication.,"A page-specific, source-supported claim would be required.",services/pharmaceutical-tablet-compression-tooling.html,No source supplied in legacy card,2026-08-07,Yes,No
LEGACY-0094,Tooling geometry affects manufacturability.,Tooling geometry affects manufacturability.,Generic filler,"The card substitutes a topic label into a repeated template; it does not state a discrete, source-supported engineering fact.",Rejected during recovery audit; not approved for publication.,"A page-specific, source-supported claim would be required.",services/pharmaceutical-tablet-compression-tooling.html,No source supplied in legacy card,2026-08-07,Yes,No
LEGACY-0095,Tooling material affects lifecycle performance.,Tooling material affects lifecycle performance.,Generic filler,"The card substitutes a topic label into a repeated template; it does not state a discrete, source-supported engineering fact.",Rejected during recovery audit; not approved for publication.,"A page-specific, source-supported claim would be required.",services/pharmaceutical-tablet-compression-tooling.html,No source supplied in legacy card,2026-08-07,Yes,No
LEGACY-0096,Tooling tolerances protect tablet consistency.,Tooling tolerances protect tablet consistency.,Generic filler,"The card substitutes a topic label into a repeated template; it does not state a discrete, source-supported engineering fact.",Rejected during recovery audit; not approved for publication.,"A page-specific, source-supported claim would be required.",services/pharmaceutical-tablet-compression-tooling.html,No source supplied in legacy card,2026-08-07,Yes,No
LEGACY-0097,Punch heads influence dwell and load transfer.,Punch heads influence dwell and load transfer.,Generic filler,"The card substitutes a topic label into a repeated template; it does not state a discrete, source-supported engineering fact.",Rejected during recovery audit; not approved for publication.,"A page-specific, source-supported claim would be required.",services/pharmaceutical-tablet-compression-tooling.html,No source supplied in legacy card,2026-08-07,Yes,No
LEGACY-0098,Punch barrels require condition control.,Punch barrels require condition control.,Generic filler,"The card substitutes a topic label into a repeated template; it does not state a discrete, source-supported engineering fact.",Rejected during recovery audit; not approved for publication.,"A page-specific, source-supported claim would be required.",services/pharmaceutical-tablet-compression-tooling.html,No source supplied in legacy card,2026-08-07,Yes,No
LEGACY-0099,Keys and keyways affect orientation.,Keys and keyways affect orientation.,Generic filler,"The card substitutes a topic label into a repeated template; it does not state a discrete, source-supported engineering fact.",Rejected during recovery audit; not approved for publication.,"A page-specific, source-supported claim would be required.",services/pharmaceutical-tablet-compression-tooling.html,No source supplied in legacy card,2026-08-07,Yes,No
LEGACY-0100,Punch tips carry critical tablet geometry.,Punch tips carry critical tablet geometry.,Generic filler,"The card substitutes a topic label into a repeated template; it does not state a discrete, source-supported engineering fact.",Rejected during recovery audit; not approved for publication.,"A page-specific, source-supported claim would be required.",services/pharmaceutical-tablet-compression-tooling.html,No source supplied in legacy card,2026-08-07,Yes,No
LEGACY-0101,Die entry condition affects filling and ejection.,Die entry condition affects filling and ejection.,Generic filler,"The card substitutes a topic label into a repeated template; it does not state a discrete, source-supported engineering fact.",Rejected during recovery audit; not approved for publication.,"A page-specific, source-supported claim would be required.",services/pharmaceutical-tablet-compression-tooling.html,No source supplied in legacy card,2026-08-07,Yes,No
LEGACY-0102,Tooling sets should remain traceable.,Tooling sets should remain traceable.,Generic filler,"The card substitutes a topic label into a repeated template; it does not state a discrete, source-supported engineering fact.",Rejected during recovery audit; not approved for publication.,"A page-specific, source-supported claim would be required.",services/pharmaceutical-tablet-compression-tooling.html,No source supplied in legacy card,2026-08-07,Yes,No
LEGACY-0103,Station mapping reveals localized problems.,Station mapping reveals localized problems.,Generic filler,"The card substitutes a topic label into a repeated template; it does not state a discrete, source-supported engineering fact.",Rejected during recovery audit; not approved for publication.,"A page-specific, source-supported claim would be required.",services/pharmaceutical-tablet-compression-tooling.html,No source supplied in legacy card,2026-08-07,Yes,No
LEGACY-0104,Tooling wear can change tablet appearance.,Tooling wear can change tablet appearance.,Generic filler,"The card substitutes a topic label into a repeated template; it does not state a discrete, source-supported engineering fact.",Rejected during recovery audit; not approved for publication.,"A page-specific, source-supported claim would be required.",services/pharmaceutical-tablet-compression-tooling.html,No source supplied in legacy card,2026-08-07,Yes,No
LEGACY-0105,Tooling wear can change release behavior.,Tooling wear can change release behavior.,Generic filler,"The card substitutes a topic label into a repeated template; it does not state a discrete, source-supported engineering fact.",Rejected during recovery audit; not approved for publication.,"A page-specific, source-supported claim would be required.",services/pharmaceutical-tablet-compression-tooling.html,No source supplied in legacy card,2026-08-07,Yes,No
LEGACY-0106,Corrosion can begin during cleaning or storage.,Corrosion can begin during cleaning or storage.,Generic filler,"The card substitutes a topic label into a repeated template; it does not state a discrete, source-supported engineering fact.",Rejected during recovery audit; not approved for publication.,"A page-specific, source-supported claim would be required.",services/pharmaceutical-tablet-compression-tooling.html,No source supplied in legacy card,2026-08-07,Yes,No
LEGACY-0107,Coatings change the surface system.,Coatings change the surface system.,Generic filler,"The card substitutes a topic label into a repeated template; it does not state a discrete, source-supported engineering fact.",Rejected during recovery audit; not approved for publication.,"A page-specific, source-supported claim would be required.",services/pharmaceutical-tablet-compression-tooling.html,No source supplied in legacy card,2026-08-07,Yes,No
LEGACY-0108,Coated tooling still needs maintenance.,Coated tooling still needs maintenance.,Generic filler,"The card substitutes a topic label into a repeated template; it does not state a discrete, source-supported engineering fact.",Rejected during recovery audit; not approved for publication.,"A page-specific, source-supported claim would be required.",services/pharmaceutical-tablet-compression-tooling.html,No source supplied in legacy card,2026-08-07,Yes,No
LEGACY-0109,Polishing should be controlled and documented.,Polishing should be controlled and documented.,Generic filler,"The card substitutes a topic label into a repeated template; it does not state a discrete, source-supported engineering fact.",Rejected during recovery audit; not approved for publication.,"A page-specific, source-supported claim would be required.",services/pharmaceutical-tablet-compression-tooling.html,No source supplied in legacy card,2026-08-07,Yes,No
LEGACY-0110,Mirror appearance does not prove tooling quality.,Mirror appearance does not prove tooling quality.,Generic filler,"The card substitutes a topic label into a repeated template; it does not state a discrete, source-supported engineering fact.",Rejected during recovery audit; not approved for publication.,"A page-specific, source-supported claim would be required.",services/pharmaceutical-tablet-compression-tooling.html,No source supplied in legacy card,2026-08-07,Yes,No
LEGACY-0111,Ra is not a complete surface description.,Ra is not a complete surface description.,Generic filler,"The card substitutes a topic label into a repeated template; it does not state a discrete, source-supported engineering fact.",Rejected during recovery audit; not approved for publication.,"A page-specific, source-supported claim would be required.",services/pharmaceutical-tablet-compression-tooling.html,No source supplied in legacy card,2026-08-07,Yes,No
LEGACY-0112,Tooling cleaning methods must be compatible.,Tooling cleaning methods must be compatible.,Generic filler,"The card substitutes a topic label into a repeated template; it does not state a discrete, source-supported engineering fact.",Rejected during recovery audit; not approved for publication.,"A page-specific, source-supported claim would be required.",services/pharmaceutical-tablet-compression-tooling.html,No source supplied in legacy card,2026-08-07,Yes,No
LEGACY-0113,Tooling storage prevents avoidable damage.,Tooling storage prevents avoidable damage.,Generic filler,"The card substitutes a topic label into a repeated template; it does not state a discrete, source-supported engineering fact.",Rejected during recovery audit; not approved for publication.,"A page-specific, source-supported claim would be required.",services/pharmaceutical-tablet-compression-tooling.html,No source supplied in legacy card,2026-08-07,Yes,No
LEGACY-0114,Tablet design should consider picking risk.,Tablet design should consider picking risk.,Generic filler,"The card substitutes a topic label into a repeated template; it does not state a discrete, source-supported engineering fact.",Rejected during recovery audit; not approved for publication.,"A page-specific, source-supported claim would be required.",services/pharmaceutical-tablet-compression-tooling.html,No source supplied in legacy card,2026-08-07,Yes,No
LEGACY-0115,Score-line design affects strength and release.,Score-line design affects strength and release.,Generic filler,"The card substitutes a topic label into a repeated template; it does not state a discrete, source-supported engineering fact.",Rejected during recovery audit; not approved for publication.,"A page-specific, source-supported claim would be required.",services/pharmaceutical-tablet-compression-tooling.html,No source supplied in legacy card,2026-08-07,Yes,No
LEGACY-0116,Land design affects tablet edges.,Land design affects tablet edges.,Generic filler,"The card substitutes a topic label into a repeated template; it does not state a discrete, source-supported engineering fact.",Rejected during recovery audit; not approved for publication.,"A page-specific, source-supported claim would be required.",services/pharmaceutical-tablet-compression-tooling.html,No source supplied in legacy card,2026-08-07,Yes,No
LEGACY-0117,Multi-tip tooling increases complexity.,Multi-tip tooling increases complexity.,Generic filler,"The card substitutes a topic label into a repeated template; it does not state a discrete, source-supported engineering fact.",Rejected during recovery audit; not approved for publication.,"A page-specific, source-supported claim would be required.",services/pharmaceutical-tablet-compression-tooling.html,No source supplied in legacy card,2026-08-07,Yes,No
LEGACY-0118,Segmented tooling uses different geometry and maintenance logic.,Segmented tooling uses different geometry and maintenance logic.,Generic filler,"The card substitutes a topic label into a repeated template; it does not state a discrete, source-supported engineering fact.",Rejected during recovery audit; not approved for publication.,"A page-specific, source-supported claim would be required.",services/pharmaceutical-tablet-compression-tooling.html,No source supplied in legacy card,2026-08-07,Yes,No
LEGACY-0119,Tooling alignment affects load and wear.,Tooling alignment affects load and wear.,Generic filler,"The card substitutes a topic label into a repeated template; it does not state a discrete, source-supported engineering fact.",Rejected during recovery audit; not approved for publication.,"A page-specific, source-supported claim would be required.",services/pharmaceutical-tablet-compression-tooling.html,No source supplied in legacy card,2026-08-07,Yes,No
LEGACY-0120,Press lubrication affects tooling movement.,Press lubrication affects tooling movement.,Generic filler,"The card substitutes a topic label into a repeated template; it does not state a discrete, source-supported engineering fact.",Rejected during recovery audit; not approved for publication.,"A page-specific, source-supported claim would be required.",services/pharmaceutical-tablet-compression-tooling.html,No source supplied in legacy card,2026-08-07,Yes,No
LEGACY-0121,Tooling temperature can rise during production.,Tooling temperature can rise during production.,Generic filler,"The card substitutes a topic label into a repeated template; it does not state a discrete, source-supported engineering fact.",Rejected during recovery audit; not approved for publication.,"A page-specific, source-supported claim would be required.",services/pharmaceutical-tablet-compression-tooling.html,No source supplied in legacy card,2026-08-07,Yes,No
LEGACY-0122,Tooling inspection frequency should be risk-based.,Tooling inspection frequency should be risk-based.,Generic filler,"The card substitutes a topic label into a repeated template; it does not state a discrete, source-supported engineering fact.",Rejected during recovery audit; not approved for publication.,"A page-specific, source-supported claim would be required.",services/pharmaceutical-tablet-compression-tooling.html,No source supplied in legacy card,2026-08-07,Yes,No
LEGACY-0123,Tooling acceptance criteria should be written.,Tooling acceptance criteria should be written.,Generic filler,"The card substitutes a topic label into a repeated template; it does not state a discrete, source-supported engineering fact.",Rejected during recovery audit; not approved for publication.,"A page-specific, source-supported claim would be required.",services/pharmaceutical-tablet-compression-tooling.html,No source supplied in legacy card,2026-08-07,Yes,No
LEGACY-0124,Restoration consumes dimensional allowance.,Restoration consumes dimensional allowance.,Generic filler,"The card substitutes a topic label into a repeated template; it does not state a discrete, source-supported engineering fact.",Rejected during recovery audit; not approved for publication.,"A page-specific, source-supported claim would be required.",services/pharmaceutical-tablet-compression-tooling.html,No source supplied in legacy card,2026-08-07,Yes,No
LEGACY-0125,Replacement should follow technical limits.,Replacement should follow technical limits.,Generic filler,"The card substitutes a topic label into a repeated template; it does not state a discrete, source-supported engineering fact.",Rejected during recovery audit; not approved for publication.,"A page-specific, source-supported claim would be required.",services/pharmaceutical-tablet-compression-tooling.html,No source supplied in legacy card,2026-08-07,Yes,No
LEGACY-0126,Tooling evaluation supports spare planning.,Tooling evaluation supports spare planning.,Generic filler,"The card substitutes a topic label into a repeated template; it does not state a discrete, source-supported engineering fact.",Rejected during recovery audit; not approved for publication.,"A page-specific, source-supported claim would be required.",services/pharmaceutical-tablet-compression-tooling.html,No source supplied in legacy card,2026-08-07,Yes,No
LEGACY-0127,Photographs strengthen tooling records.,Photographs strengthen tooling records.,Generic filler,"The card substitutes a topic label into a repeated template; it does not state a discrete, source-supported engineering fact.",Rejected during recovery audit; not approved for publication.,"A page-specific, source-supported claim would be required.",services/pharmaceutical-tablet-compression-tooling.html,No source supplied in legacy card,2026-08-07,Yes,No
LEGACY-0128,Measurement location must match the risk.,Measurement location must match the risk.,Generic filler,"The card substitutes a topic label into a repeated template; it does not state a discrete, source-supported engineering fact.",Rejected during recovery audit; not approved for publication.,"A page-specific, source-supported claim would be required.",services/pharmaceutical-tablet-compression-tooling.html,No source supplied in legacy card,2026-08-07,Yes,No
LEGACY-0129,Good tooling cannot fix every formulation problem.,Good tooling cannot fix every formulation problem.,Generic filler,"The card substitutes a topic label into a repeated template; it does not state a discrete, source-supported engineering fact.",Rejected during recovery audit; not approved for publication.,"A page-specific, source-supported claim would be required.",services/pharmaceutical-tablet-compression-tooling.html,No source supplied in legacy card,2026-08-07,Yes,No
LEGACY-0130,Formulation changes can alter tooling performance.,Formulation changes can alter tooling performance.,Generic filler,"The card substitutes a topic label into a repeated template; it does not state a discrete, source-supported engineering fact.",Rejected during recovery audit; not approved for publication.,"A page-specific, source-supported claim would be required.",services/pharmaceutical-tablet-compression-tooling.html,No source supplied in legacy card,2026-08-07,Yes,No
LEGACY-0131,Tooling design should support cleaning.,Tooling design should support cleaning.,Generic filler,"The card substitutes a topic label into a repeated template; it does not state a discrete, source-supported engineering fact.",Rejected during recovery audit; not approved for publication.,"A page-specific, source-supported claim would be required.",services/pharmaceutical-tablet-compression-tooling.html,No source supplied in legacy card,2026-08-07,Yes,No
LEGACY-0132,International tooling projects need identity control.,International tooling projects need identity control.,Generic filler,"The card substitutes a topic label into a repeated template; it does not state a discrete, source-supported engineering fact.",Rejected during recovery audit; not approved for publication.,"A page-specific, source-supported claim would be required.",services/pharmaceutical-tablet-compression-tooling.html,No source supplied in legacy card,2026-08-07,Yes,No
LEGACY-0133,Tooling reports should serve multiple teams.,Tooling reports should serve multiple teams.,Generic filler,"The card substitutes a topic label into a repeated template; it does not state a discrete, source-supported engineering fact.",Rejected during recovery audit; not approved for publication.,"A page-specific, source-supported claim would be required.",services/pharmaceutical-tablet-compression-tooling.html,No source supplied in legacy card,2026-08-07,Yes,No
LEGACY-0134,Production validation remains the manufacturer’s responsibility.,Production validation remains the manufacturer’s responsibility.,Generic filler,"The card substitutes a topic label into a repeated template; it does not state a discrete, source-supported engineering fact.",Rejected during recovery audit; not approved for publication.,"A page-specific, source-supported claim would be required.",services/pharmaceutical-tablet-compression-tooling.html,No source supplied in legacy card,2026-08-07,Yes,No
LEGACY-0135,The strongest tooling decisions are application-specific.,The strongest tooling decisions are application-specific.,Generic filler,"The card substitutes a topic label into a repeated template; it does not state a discrete, source-supported engineering fact.",Rejected during recovery audit; not approved for publication.,"A page-specific, source-supported claim would be required.",services/pharmaceutical-tablet-compression-tooling.html,No source supplied in legacy card,2026-08-07,Yes,No
LEGACY-0136,Daily Visual Checks,Daily Visual Checks must be evaluated in context.,Generic filler,"The card substitutes a topic label into a repeated template; it does not state a discrete, source-supported engineering fact.",Rejected during recovery audit; not approved for publication.,"A page-specific, source-supported claim would be required.",services/punch-die-maintenance.html,No source supplied in legacy card,2026-08-07,Yes,No
LEGACY-0137,Campaign Inspection,Campaign Inspection must be evaluated in context.,Generic filler,"The card substitutes a topic label into a repeated template; it does not state a discrete, source-supported engineering fact.",Rejected during recovery audit; not approved for publication.,"A page-specific, source-supported claim would be required.",services/punch-die-maintenance.html,No source supplied in legacy card,2026-08-07,Yes,No
LEGACY-0138,Risk-Based Intervals,Risk-Based Intervals must be evaluated in context.,Generic filler,"The card substitutes a topic label into a repeated template; it does not state a discrete, source-supported engineering fact.",Rejected during recovery audit; not approved for publication.,"A page-specific, source-supported claim would be required.",services/punch-die-maintenance.html,No source supplied in legacy card,2026-08-07,Yes,No
LEGACY-0139,Set Traceability,Set Traceability must be evaluated in context.,Generic filler,"The card substitutes a topic label into a repeated template; it does not state a discrete, source-supported engineering fact.",Rejected during recovery audit; not approved for publication.,"A page-specific, source-supported claim would be required.",services/punch-die-maintenance.html,No source supplied in legacy card,2026-08-07,Yes,No
LEGACY-0140,Station Identity,Station Identity must be evaluated in context.,Generic filler,"The card substitutes a topic label into a repeated template; it does not state a discrete, source-supported engineering fact.",Rejected during recovery audit; not approved for publication.,"A page-specific, source-supported claim would be required.",services/punch-die-maintenance.html,No source supplied in legacy card,2026-08-07,Yes,No
LEGACY-0141,Cleaning Procedures,Cleaning Procedures must be evaluated in context.,Generic filler,"The card substitutes a topic label into a repeated template; it does not state a discrete, source-supported engineering fact.",Rejected during recovery audit; not approved for publication.,"A page-specific, source-supported claim would be required.",services/punch-die-maintenance.html,No source supplied in legacy card,2026-08-07,Yes,No
LEGACY-0142,Approved Chemistry,Approved Chemistry must be evaluated in context.,Generic filler,"The card substitutes a topic label into a repeated template; it does not state a discrete, source-supported engineering fact.",Rejected during recovery audit; not approved for publication.,"A page-specific, source-supported claim would be required.",services/punch-die-maintenance.html,No source supplied in legacy card,2026-08-07,Yes,No
LEGACY-0143,Abrasive-Control Methods,Abrasive-Control Methods must be evaluated in context.,Generic filler,"The card substitutes a topic label into a repeated template; it does not state a discrete, source-supported engineering fact.",Rejected during recovery audit; not approved for publication.,"A page-specific, source-supported claim would be required.",services/punch-die-maintenance.html,No source supplied in legacy card,2026-08-07,Yes,No
LEGACY-0144,Final Rinse,Final Rinse must be evaluated in context.,Generic filler,"The card substitutes a topic label into a repeated template; it does not state a discrete, source-supported engineering fact.",Rejected during recovery audit; not approved for publication.,"A page-specific, source-supported claim would be required.",services/punch-die-maintenance.html,No source supplied in legacy card,2026-08-07,Yes,No
LEGACY-0145,Complete Drying,Complete Drying must be evaluated in context.,Generic filler,"The card substitutes a topic label into a repeated template; it does not state a discrete, source-supported engineering fact.",Rejected during recovery audit; not approved for publication.,"A page-specific, source-supported claim would be required.",services/punch-die-maintenance.html,No source supplied in legacy card,2026-08-07,Yes,No
LEGACY-0146,Storage Humidity,Storage Humidity must be evaluated in context.,Generic filler,"The card substitutes a topic label into a repeated template; it does not state a discrete, source-supported engineering fact.",Rejected during recovery audit; not approved for publication.,"A page-specific, source-supported claim would be required.",services/punch-die-maintenance.html,No source supplied in legacy card,2026-08-07,Yes,No
LEGACY-0147,Protective Packaging,Protective Packaging must be evaluated in context.,Generic filler,"The card substitutes a topic label into a repeated template; it does not state a discrete, source-supported engineering fact.",Rejected during recovery audit; not approved for publication.,"A page-specific, source-supported claim would be required.",services/punch-die-maintenance.html,No source supplied in legacy card,2026-08-07,Yes,No
LEGACY-0148,Tool Separation,Tool Separation must be evaluated in context.,Generic filler,"The card substitutes a topic label into a repeated template; it does not state a discrete, source-supported engineering fact.",Rejected during recovery audit; not approved for publication.,"A page-specific, source-supported claim would be required.",services/punch-die-maintenance.html,No source supplied in legacy card,2026-08-07,Yes,No
LEGACY-0149,Handling Controls,Handling Controls must be evaluated in context.,Generic filler,"The card substitutes a topic label into a repeated template; it does not state a discrete, source-supported engineering fact.",Rejected during recovery audit; not approved for publication.,"A page-specific, source-supported claim would be required.",services/punch-die-maintenance.html,No source supplied in legacy card,2026-08-07,Yes,No
LEGACY-0150,Installation Procedures,Installation Procedures must be evaluated in context.,Generic filler,"The card substitutes a topic label into a repeated template; it does not state a discrete, source-supported engineering fact.",Rejected during recovery audit; not approved for publication.,"A page-specific, source-supported claim would be required.",services/punch-die-maintenance.html,No source supplied in legacy card,2026-08-07,Yes,No
LEGACY-0151,Punch-Head Inspection,Punch-Head Inspection must be evaluated in context.,Generic filler,"The card substitutes a topic label into a repeated template; it does not state a discrete, source-supported engineering fact.",Rejected during recovery audit; not approved for publication.,"A page-specific, source-supported claim would be required.",services/punch-die-maintenance.html,No source supplied in legacy card,2026-08-07,Yes,No
LEGACY-0152,Barrel Inspection,Barrel Inspection must be evaluated in context.,Generic filler,"The card substitutes a topic label into a repeated template; it does not state a discrete, source-supported engineering fact.",Rejected during recovery audit; not approved for publication.,"A page-specific, source-supported claim would be required.",services/punch-die-maintenance.html,No source supplied in legacy card,2026-08-07,Yes,No
LEGACY-0153,Key Inspection,Key Inspection must be evaluated in context.,Generic filler,"The card substitutes a topic label into a repeated template; it does not state a discrete, source-supported engineering fact.",Rejected during recovery audit; not approved for publication.,"A page-specific, source-supported claim would be required.",services/punch-die-maintenance.html,No source supplied in legacy card,2026-08-07,Yes,No
LEGACY-0154,Punch-Tip Inspection,Punch-Tip Inspection must be evaluated in context.,Generic filler,"The card substitutes a topic label into a repeated template; it does not state a discrete, source-supported engineering fact.",Rejected during recovery audit; not approved for publication.,"A page-specific, source-supported claim would be required.",services/punch-die-maintenance.html,No source supplied in legacy card,2026-08-07,Yes,No
LEGACY-0155,Cup Inspection,Cup Inspection must be evaluated in context.,Generic filler,"The card substitutes a topic label into a repeated template; it does not state a discrete, source-supported engineering fact.",Rejected during recovery audit; not approved for publication.,"A page-specific, source-supported claim would be required.",services/punch-die-maintenance.html,No source supplied in legacy card,2026-08-07,Yes,No
LEGACY-0156,Land Inspection,Land Inspection must be evaluated in context.,Generic filler,"The card substitutes a topic label into a repeated template; it does not state a discrete, source-supported engineering fact.",Rejected during recovery audit; not approved for publication.,"A page-specific, source-supported claim would be required.",services/punch-die-maintenance.html,No source supplied in legacy card,2026-08-07,Yes,No
LEGACY-0157,Engraving Inspection,Engraving Inspection must be evaluated in context.,Generic filler,"The card substitutes a topic label into a repeated template; it does not state a discrete, source-supported engineering fact.",Rejected during recovery audit; not approved for publication.,"A page-specific, source-supported claim would be required.",services/punch-die-maintenance.html,No source supplied in legacy card,2026-08-07,Yes,No
LEGACY-0158,Score-Line Inspection,Score-Line Inspection must be evaluated in context.,Generic filler,"The card substitutes a topic label into a repeated template; it does not state a discrete, source-supported engineering fact.",Rejected during recovery audit; not approved for publication.,"A page-specific, source-supported claim would be required.",services/punch-die-maintenance.html,No source supplied in legacy card,2026-08-07,Yes,No
LEGACY-0159,Die-Bore Inspection,Die-Bore Inspection must be evaluated in context.,Generic filler,"The card substitutes a topic label into a repeated template; it does not state a discrete, source-supported engineering fact.",Rejected during recovery audit; not approved for publication.,"A page-specific, source-supported claim would be required.",services/punch-die-maintenance.html,No source supplied in legacy card,2026-08-07,Yes,No
LEGACY-0160,Die Entry Inspection,Die Entry Inspection must be evaluated in context.,Generic filler,"The card substitutes a topic label into a repeated template; it does not state a discrete, source-supported engineering fact.",Rejected during recovery audit; not approved for publication.,"A page-specific, source-supported claim would be required.",services/punch-die-maintenance.html,No source supplied in legacy card,2026-08-07,Yes,No
LEGACY-0161,Surface Roughness,Surface Roughness must be evaluated in context.,Generic filler,"The card substitutes a topic label into a repeated template; it does not state a discrete, source-supported engineering fact.",Rejected during recovery audit; not approved for publication.,"A page-specific, source-supported claim would be required.",services/punch-die-maintenance.html,No source supplied in legacy card,2026-08-07,Yes,No
LEGACY-0162,Dimensional Verification,Dimensional Verification must be evaluated in context.,Generic filler,"The card substitutes a topic label into a repeated template; it does not state a discrete, source-supported engineering fact.",Rejected during recovery audit; not approved for publication.,"A page-specific, source-supported claim would be required.",services/punch-die-maintenance.html,No source supplied in legacy card,2026-08-07,Yes,No
LEGACY-0163,Coating Inspection,Coating Inspection must be evaluated in context.,Generic filler,"The card substitutes a topic label into a repeated template; it does not state a discrete, source-supported engineering fact.",Rejected during recovery audit; not approved for publication.,"A page-specific, source-supported claim would be required.",services/punch-die-maintenance.html,No source supplied in legacy card,2026-08-07,Yes,No
LEGACY-0164,Corrosion Monitoring,Corrosion Monitoring must be evaluated in context.,Generic filler,"The card substitutes a topic label into a repeated template; it does not state a discrete, source-supported engineering fact.",Rejected during recovery audit; not approved for publication.,"A page-specific, source-supported claim would be required.",services/punch-die-maintenance.html,No source supplied in legacy card,2026-08-07,Yes,No
LEGACY-0165,Wear Monitoring,Wear Monitoring must be evaluated in context.,Generic filler,"The card substitutes a topic label into a repeated template; it does not state a discrete, source-supported engineering fact.",Rejected during recovery audit; not approved for publication.,"A page-specific, source-supported claim would be required.",services/punch-die-maintenance.html,No source supplied in legacy card,2026-08-07,Yes,No
LEGACY-0166,Crack Inspection,Crack Inspection must be evaluated in context.,Generic filler,"The card substitutes a topic label into a repeated template; it does not state a discrete, source-supported engineering fact.",Rejected during recovery audit; not approved for publication.,"A page-specific, source-supported claim would be required.",services/punch-die-maintenance.html,No source supplied in legacy card,2026-08-07,Yes,No
LEGACY-0167,Press Lubrication,Press Lubrication must be evaluated in context.,Generic filler,"The card substitutes a topic label into a repeated template; it does not state a discrete, source-supported engineering fact.",Rejected during recovery audit; not approved for publication.,"A page-specific, source-supported claim would be required.",services/punch-die-maintenance.html,No source supplied in legacy card,2026-08-07,Yes,No
LEGACY-0168,Guide Inspection,Guide Inspection must be evaluated in context.,Generic filler,"The card substitutes a topic label into a repeated template; it does not state a discrete, source-supported engineering fact.",Rejected during recovery audit; not approved for publication.,"A page-specific, source-supported claim would be required.",services/punch-die-maintenance.html,No source supplied in legacy card,2026-08-07,Yes,No
LEGACY-0169,Cam Inspection,Cam Inspection must be evaluated in context.,Generic filler,"The card substitutes a topic label into a repeated template; it does not state a discrete, source-supported engineering fact.",Rejected during recovery audit; not approved for publication.,"A page-specific, source-supported claim would be required.",services/punch-die-maintenance.html,No source supplied in legacy card,2026-08-07,Yes,No
LEGACY-0170,Restoration Planning,Restoration Planning must be evaluated in context.,Generic filler,"The card substitutes a topic label into a repeated template; it does not state a discrete, source-supported engineering fact.",Rejected during recovery audit; not approved for publication.,"A page-specific, source-supported claim would be required.",services/punch-die-maintenance.html,No source supplied in legacy card,2026-08-07,Yes,No
LEGACY-0171,Replacement Planning,Replacement Planning must be evaluated in context.,Generic filler,"The card substitutes a topic label into a repeated template; it does not state a discrete, source-supported engineering fact.",Rejected during recovery audit; not approved for publication.,"A page-specific, source-supported claim would be required.",services/punch-die-maintenance.html,No source supplied in legacy card,2026-08-07,Yes,No
LEGACY-0172,Spare Inventory,Spare Inventory must be evaluated in context.,Generic filler,"The card substitutes a topic label into a repeated template; it does not state a discrete, source-supported engineering fact.",Rejected during recovery audit; not approved for publication.,"A page-specific, source-supported claim would be required.",services/punch-die-maintenance.html,No source supplied in legacy card,2026-08-07,Yes,No
LEGACY-0173,Supplier Lead Time,Supplier Lead Time must be evaluated in context.,Generic filler,"The card substitutes a topic label into a repeated template; it does not state a discrete, source-supported engineering fact.",Rejected during recovery audit; not approved for publication.,"A page-specific, source-supported claim would be required.",services/punch-die-maintenance.html,No source supplied in legacy card,2026-08-07,Yes,No
LEGACY-0174,Production Scheduling,Production Scheduling must be evaluated in context.,Generic filler,"The card substitutes a topic label into a repeated template; it does not state a discrete, source-supported engineering fact.",Rejected during recovery audit; not approved for publication.,"A page-specific, source-supported claim would be required.",services/punch-die-maintenance.html,No source supplied in legacy card,2026-08-07,Yes,No
LEGACY-0175,Lifecycle Records,Lifecycle Records must be evaluated in context.,Generic filler,"The card substitutes a topic label into a repeated template; it does not state a discrete, source-supported engineering fact.",Rejected during recovery audit; not approved for publication.,"A page-specific, source-supported claim would be required.",services/punch-die-maintenance.html,No source supplied in legacy card,2026-08-07,Yes,No
LEGACY-0176,Photographic Records,Photographic Records must be evaluated in context.,Generic filler,"The card substitutes a topic label into a repeated template; it does not state a discrete, source-supported engineering fact.",Rejected during recovery audit; not approved for publication.,"A page-specific, source-supported claim would be required.",services/punch-die-maintenance.html,No source supplied in legacy card,2026-08-07,Yes,No
LEGACY-0177,Maintenance Checklists,Maintenance Checklists must be evaluated in context.,Generic filler,"The card substitutes a topic label into a repeated template; it does not state a discrete, source-supported engineering fact.",Rejected during recovery audit; not approved for publication.,"A page-specific, source-supported claim would be required.",services/punch-die-maintenance.html,No source supplied in legacy card,2026-08-07,Yes,No
LEGACY-0178,Operator Training,Operator Training must be evaluated in context.,Generic filler,"The card substitutes a topic label into a repeated template; it does not state a discrete, source-supported engineering fact.",Rejected during recovery audit; not approved for publication.,"A page-specific, source-supported claim would be required.",services/punch-die-maintenance.html,No source supplied in legacy card,2026-08-07,Yes,No
LEGACY-0179,International Logistics,International Logistics must be evaluated in context.,Generic filler,"The card substitutes a topic label into a repeated template; it does not state a discrete, source-supported engineering fact.",Rejected during recovery audit; not approved for publication.,"A page-specific, source-supported claim would be required.",services/punch-die-maintenance.html,No source supplied in legacy card,2026-08-07,Yes,No
LEGACY-0180,Continuous Improvement,Continuous Improvement must be evaluated in context.,Generic filler,"The card substitutes a topic label into a repeated template; it does not state a discrete, source-supported engineering fact.",Rejected during recovery audit; not approved for publication.,"A page-specific, source-supported claim would be required.",services/punch-die-maintenance.html,No source supplied in legacy card,2026-08-07,Yes,No
LEGACY-0181,Surface engineering is broader than polishing.,Surface engineering is broader than polishing.,Generic filler,"The card substitutes a topic label into a repeated template; it does not state a discrete, source-supported engineering fact.",Rejected during recovery audit; not approved for publication.,"A page-specific, source-supported claim would be required.",services/surface-engineering.html,No source supplied in legacy card,2026-08-07,Yes,No
LEGACY-0182,Surface performance depends on the complete system.,Surface performance depends on the complete system.,Generic filler,"The card substitutes a topic label into a repeated template; it does not state a discrete, source-supported engineering fact.",Rejected during recovery audit; not approved for publication.,"A page-specific, source-supported claim would be required.",services/surface-engineering.html,No source supplied in legacy card,2026-08-07,Yes,No
LEGACY-0183,Ra is only one surface parameter.,Ra is only one surface parameter.,Generic filler,"The card substitutes a topic label into a repeated template; it does not state a discrete, source-supported engineering fact.",Rejected during recovery audit; not approved for publication.,"A page-specific, source-supported claim would be required.",services/surface-engineering.html,No source supplied in legacy card,2026-08-07,Yes,No
LEGACY-0184,Surface directionality can affect product movement.,Surface directionality can affect product movement.,Generic filler,"The card substitutes a topic label into a repeated template; it does not state a discrete, source-supported engineering fact.",Rejected during recovery audit; not approved for publication.,"A page-specific, source-supported claim would be required.",services/surface-engineering.html,No source supplied in legacy card,2026-08-07,Yes,No
LEGACY-0185,Localized defects can dominate performance.,Localized defects can dominate performance.,Generic filler,"The card substitutes a topic label into a repeated template; it does not state a discrete, source-supported engineering fact.",Rejected during recovery audit; not approved for publication.,"A page-specific, source-supported claim would be required.",services/surface-engineering.html,No source supplied in legacy card,2026-08-07,Yes,No
LEGACY-0186,Surface chemistry influences adhesion.,Surface chemistry influences adhesion.,Generic filler,"The card substitutes a topic label into a repeated template; it does not state a discrete, source-supported engineering fact.",Rejected during recovery audit; not approved for publication.,"A page-specific, source-supported claim would be required.",services/surface-engineering.html,No source supplied in legacy card,2026-08-07,Yes,No
LEGACY-0187,Friction and adhesion are related but different.,Friction and adhesion are related but different.,Generic filler,"The card substitutes a topic label into a repeated template; it does not state a discrete, source-supported engineering fact.",Rejected during recovery audit; not approved for publication.,"A page-specific, source-supported claim would be required.",services/surface-engineering.html,No source supplied in legacy card,2026-08-07,Yes,No
LEGACY-0188,Surface energy is not a standalone selection rule.,Surface energy is not a standalone selection rule.,Generic filler,"The card substitutes a topic label into a repeated template; it does not state a discrete, source-supported engineering fact.",Rejected during recovery audit; not approved for publication.,"A page-specific, source-supported claim would be required.",services/surface-engineering.html,No source supplied in legacy card,2026-08-07,Yes,No
LEGACY-0189,Substrate hardness affects surface durability.,Substrate hardness affects surface durability.,Generic filler,"The card substitutes a topic label into a repeated template; it does not state a discrete, source-supported engineering fact.",Rejected during recovery audit; not approved for publication.,"A page-specific, source-supported claim would be required.",services/surface-engineering.html,No source supplied in legacy card,2026-08-07,Yes,No
LEGACY-0190,Corrosion resistance depends on exposure and defects.,Corrosion resistance depends on exposure and defects.,Generic filler,"The card substitutes a topic label into a repeated template; it does not state a discrete, source-supported engineering fact.",Rejected during recovery audit; not approved for publication.,"A page-specific, source-supported claim would be required.",services/surface-engineering.html,No source supplied in legacy card,2026-08-07,Yes,No
LEGACY-0191,Wear mechanisms should be identified.,Wear mechanisms should be identified.,Generic filler,"The card substitutes a topic label into a repeated template; it does not state a discrete, source-supported engineering fact.",Rejected during recovery audit; not approved for publication.,"A page-specific, source-supported claim would be required.",services/surface-engineering.html,No source supplied in legacy card,2026-08-07,Yes,No
LEGACY-0192,Coating thickness changes geometry.,Coating thickness changes geometry.,Generic filler,"The card substitutes a topic label into a repeated template; it does not state a discrete, source-supported engineering fact.",Rejected during recovery audit; not approved for publication.,"A page-specific, source-supported claim would be required.",services/surface-engineering.html,No source supplied in legacy card,2026-08-07,Yes,No
LEGACY-0193,Edge condition influences coating life.,Edge condition influences coating life.,Generic filler,"The card substitutes a topic label into a repeated template; it does not state a discrete, source-supported engineering fact.",Rejected during recovery audit; not approved for publication.,"A page-specific, source-supported claim would be required.",services/surface-engineering.html,No source supplied in legacy card,2026-08-07,Yes,No
LEGACY-0194,Engraving is a complex surface zone.,Engraving is a complex surface zone.,Generic filler,"The card substitutes a topic label into a repeated template; it does not state a discrete, source-supported engineering fact.",Rejected during recovery audit; not approved for publication.,"A page-specific, source-supported claim would be required.",services/surface-engineering.html,No source supplied in legacy card,2026-08-07,Yes,No
LEGACY-0195,Cleaning compatibility is part of surface design.,Cleaning compatibility is part of surface design.,Generic filler,"The card substitutes a topic label into a repeated template; it does not state a discrete, source-supported engineering fact.",Rejected during recovery audit; not approved for publication.,"A page-specific, source-supported claim would be required.",services/surface-engineering.html,No source supplied in legacy card,2026-08-07,Yes,No
LEGACY-0196,A mirror finish is not a universal goal.,A mirror finish is not a universal goal.,Generic filler,"The card substitutes a topic label into a repeated template; it does not state a discrete, source-supported engineering fact.",Rejected during recovery audit; not approved for publication.,"A page-specific, source-supported claim would be required.",services/surface-engineering.html,No source supplied in legacy card,2026-08-07,Yes,No
LEGACY-0197,Very smooth surfaces can still stick.,Very smooth surfaces can still stick.,Generic filler,"The card substitutes a topic label into a repeated template; it does not state a discrete, source-supported engineering fact.",Rejected during recovery audit; not approved for publication.,"A page-specific, source-supported claim would be required.",services/surface-engineering.html,No source supplied in legacy card,2026-08-07,Yes,No
LEGACY-0198,Rough surfaces can increase retention.,Rough surfaces can increase retention.,Generic filler,"The card substitutes a topic label into a repeated template; it does not state a discrete, source-supported engineering fact.",Rejected during recovery audit; not approved for publication.,"A page-specific, source-supported claim would be required.",services/surface-engineering.html,No source supplied in legacy card,2026-08-07,Yes,No
LEGACY-0199,Microfinish™ should be application-defined.,Microfinish™ should be application-defined.,Generic filler,"The card substitutes a topic label into a repeated template; it does not state a discrete, source-supported engineering fact.",Rejected during recovery audit; not approved for publication.,"A page-specific, source-supported claim would be required.",services/surface-engineering.html,No source supplied in legacy card,2026-08-07,Yes,No
LEGACY-0200,Surface engineering can support cleanability.,Surface engineering can support cleanability.,Generic filler,"The card substitutes a topic label into a repeated template; it does not state a discrete, source-supported engineering fact.",Rejected during recovery audit; not approved for publication.,"A page-specific, source-supported claim would be required.",services/surface-engineering.html,No source supplied in legacy card,2026-08-07,Yes,No
LEGACY-0201,Surface treatments can change maintenance needs.,Surface treatments can change maintenance needs.,Generic filler,"The card substitutes a topic label into a repeated template; it does not state a discrete, source-supported engineering fact.",Rejected during recovery audit; not approved for publication.,"A page-specific, source-supported claim would be required.",services/surface-engineering.html,No source supplied in legacy card,2026-08-07,Yes,No
LEGACY-0202,Coating families contain many variants.,Coating families contain many variants.,Generic filler,"The card substitutes a topic label into a repeated template; it does not state a discrete, source-supported engineering fact.",Rejected during recovery audit; not approved for publication.,"A page-specific, source-supported claim would be required.",services/surface-engineering.html,No source supplied in legacy card,2026-08-07,Yes,No
LEGACY-0203,Hardness does not equal anti-stick performance.,Hardness does not equal anti-stick performance.,Generic filler,"The card substitutes a topic label into a repeated template; it does not state a discrete, source-supported engineering fact.",Rejected during recovery audit; not approved for publication.,"A page-specific, source-supported claim would be required.",services/surface-engineering.html,No source supplied in legacy card,2026-08-07,Yes,No
LEGACY-0204,Low friction does not guarantee corrosion resistance.,Low friction does not guarantee corrosion resistance.,Generic filler,"The card substitutes a topic label into a repeated template; it does not state a discrete, source-supported engineering fact.",Rejected during recovery audit; not approved for publication.,"A page-specific, source-supported claim would be required.",services/surface-engineering.html,No source supplied in legacy card,2026-08-07,Yes,No
LEGACY-0205,Corrosion can start beneath damaged coatings.,Corrosion can start beneath damaged coatings.,Generic filler,"The card substitutes a topic label into a repeated template; it does not state a discrete, source-supported engineering fact.",Rejected during recovery audit; not approved for publication.,"A page-specific, source-supported claim would be required.",services/surface-engineering.html,No source supplied in legacy card,2026-08-07,Yes,No
LEGACY-0206,Surface preparation controls coating adhesion.,Surface preparation controls coating adhesion.,Generic filler,"The card substitutes a topic label into a repeated template; it does not state a discrete, source-supported engineering fact.",Rejected during recovery audit; not approved for publication.,"A page-specific, source-supported claim would be required.",services/surface-engineering.html,No source supplied in legacy card,2026-08-07,Yes,No
LEGACY-0207,Polishing can alter coating performance.,Polishing can alter coating performance.,Generic filler,"The card substitutes a topic label into a repeated template; it does not state a discrete, source-supported engineering fact.",Rejected during recovery audit; not approved for publication.,"A page-specific, source-supported claim would be required.",services/surface-engineering.html,No source supplied in legacy card,2026-08-07,Yes,No
LEGACY-0208,Restoration and coating should be planned together.,Restoration and coating should be planned together.,Generic filler,"The card substitutes a topic label into a repeated template; it does not state a discrete, source-supported engineering fact.",Rejected during recovery audit; not approved for publication.,"A page-specific, source-supported claim would be required.",services/surface-engineering.html,No source supplied in legacy card,2026-08-07,Yes,No
LEGACY-0209,Temperature can change surface interaction.,Temperature can change surface interaction.,Generic filler,"The card substitutes a topic label into a repeated template; it does not state a discrete, source-supported engineering fact.",Rejected during recovery audit; not approved for publication.,"A page-specific, source-supported claim would be required.",services/surface-engineering.html,No source supplied in legacy card,2026-08-07,Yes,No
LEGACY-0210,Humidity can change surface behavior.,Humidity can change surface behavior.,Generic filler,"The card substitutes a topic label into a repeated template; it does not state a discrete, source-supported engineering fact.",Rejected during recovery audit; not approved for publication.,"A page-specific, source-supported claim would be required.",services/surface-engineering.html,No source supplied in legacy card,2026-08-07,Yes,No
LEGACY-0211,Tool steel composition matters.,Tool steel composition matters.,Generic filler,"The card substitutes a topic label into a repeated template; it does not state a discrete, source-supported engineering fact.",Rejected during recovery audit; not approved for publication.,"A page-specific, source-supported claim would be required.",services/surface-engineering.html,No source supplied in legacy card,2026-08-07,Yes,No
LEGACY-0212,Surface treatment cannot repair structural damage.,Surface treatment cannot repair structural damage.,Generic filler,"The card substitutes a topic label into a repeated template; it does not state a discrete, source-supported engineering fact.",Rejected during recovery audit; not approved for publication.,"A page-specific, source-supported claim would be required.",services/surface-engineering.html,No source supplied in legacy card,2026-08-07,Yes,No
LEGACY-0213,Measurement location matters.,Measurement location matters.,Generic filler,"The card substitutes a topic label into a repeated template; it does not state a discrete, source-supported engineering fact.",Rejected during recovery audit; not approved for publication.,"A page-specific, source-supported claim would be required.",services/surface-engineering.html,No source supplied in legacy card,2026-08-07,Yes,No
LEGACY-0214,Repeatability matters more than one ideal sample.,Repeatability matters more than one ideal sample.,Generic filler,"The card substitutes a topic label into a repeated template; it does not state a discrete, source-supported engineering fact.",Rejected during recovery audit; not approved for publication.,"A page-specific, source-supported claim would be required.",services/surface-engineering.html,No source supplied in legacy card,2026-08-07,Yes,No
LEGACY-0215,Inspection lighting changes what is visible.,Inspection lighting changes what is visible.,Generic filler,"The card substitutes a topic label into a repeated template; it does not state a discrete, source-supported engineering fact.",Rejected during recovery audit; not approved for publication.,"A page-specific, source-supported claim would be required.",services/surface-engineering.html,No source supplied in legacy card,2026-08-07,Yes,No
LEGACY-0216,Surface engineering should include failure review.,Surface engineering should include failure review.,Generic filler,"The card substitutes a topic label into a repeated template; it does not state a discrete, source-supported engineering fact.",Rejected during recovery audit; not approved for publication.,"A page-specific, source-supported claim would be required.",services/surface-engineering.html,No source supplied in legacy card,2026-08-07,Yes,No
LEGACY-0217,Contact pressure affects local performance.,Contact pressure affects local performance.,Generic filler,"The card substitutes a topic label into a repeated template; it does not state a discrete, source-supported engineering fact.",Rejected during recovery audit; not approved for publication.,"A page-specific, source-supported claim would be required.",services/surface-engineering.html,No source supplied in legacy card,2026-08-07,Yes,No
LEGACY-0218,Product transfer can change over time.,Product transfer can change over time.,Generic filler,"The card substitutes a topic label into a repeated template; it does not state a discrete, source-supported engineering fact.",Rejected during recovery audit; not approved for publication.,"A page-specific, source-supported claim would be required.",services/surface-engineering.html,No source supplied in legacy card,2026-08-07,Yes,No
LEGACY-0219,Surface condition can affect tablet appearance.,Surface condition can affect tablet appearance.,Generic filler,"The card substitutes a topic label into a repeated template; it does not state a discrete, source-supported engineering fact.",Rejected during recovery audit; not approved for publication.,"A page-specific, source-supported claim would be required.",services/surface-engineering.html,No source supplied in legacy card,2026-08-07,Yes,No
LEGACY-0220,Surface engineering supports lifecycle planning.,Surface engineering supports lifecycle planning.,Generic filler,"The card substitutes a topic label into a repeated template; it does not state a discrete, source-supported engineering fact.",Rejected during recovery audit; not approved for publication.,"A page-specific, source-supported claim would be required.",services/surface-engineering.html,No source supplied in legacy card,2026-08-07,Yes,No
LEGACY-0221,International projects require clear specifications.,International projects require clear specifications.,Generic filler,"The card substitutes a topic label into a repeated template; it does not state a discrete, source-supported engineering fact.",Rejected during recovery audit; not approved for publication.,"A page-specific, source-supported claim would be required.",services/surface-engineering.html,No source supplied in legacy card,2026-08-07,Yes,No
LEGACY-0222,Technical documentation improves reproducibility.,Technical documentation improves reproducibility.,Generic filler,"The card substitutes a topic label into a repeated template; it does not state a discrete, source-supported engineering fact.",Rejected during recovery audit; not approved for publication.,"A page-specific, source-supported claim would be required.",services/surface-engineering.html,No source supplied in legacy card,2026-08-07,Yes,No
LEGACY-0223,Surface performance should be validated in production.,Surface performance should be validated in production.,Generic filler,"The card substitutes a topic label into a repeated template; it does not state a discrete, source-supported engineering fact.",Rejected during recovery audit; not approved for publication.,"A page-specific, source-supported claim would be required.",services/surface-engineering.html,No source supplied in legacy card,2026-08-07,Yes,No
LEGACY-0224,A coating may not be the first corrective action.,A coating may not be the first corrective action.,Generic filler,"The card substitutes a topic label into a repeated template; it does not state a discrete, source-supported engineering fact.",Rejected during recovery audit; not approved for publication.,"A page-specific, source-supported claim would be required.",services/surface-engineering.html,No source supplied in legacy card,2026-08-07,Yes,No
LEGACY-0225,Application-specific engineering is the core principle.,Application-specific engineering is the core principle.,Generic filler,"The card substitutes a topic label into a repeated template; it does not state a discrete, source-supported engineering fact.",Rejected during recovery audit; not approved for publication.,"A page-specific, source-supported claim would be required.",services/surface-engineering.html,No source supplied in legacy card,2026-08-07,Yes,No
LEGACY-0226,Defect Classification,Defect Classification must be evaluated in context.,Generic filler,"The card substitutes a topic label into a repeated template; it does not state a discrete, source-supported engineering fact.",Rejected during recovery audit; not approved for publication.,"A page-specific, source-supported claim would be required.",services/tablet-press-troubleshooting.html,No source supplied in legacy card,2026-08-07,Yes,No
LEGACY-0227,Station Mapping,Station Mapping must be evaluated in context.,Generic filler,"The card substitutes a topic label into a repeated template; it does not state a discrete, source-supported engineering fact.",Rejected during recovery audit; not approved for publication.,"A page-specific, source-supported claim would be required.",services/tablet-press-troubleshooting.html,No source supplied in legacy card,2026-08-07,Yes,No
LEGACY-0228,Startup Conditions,Startup Conditions must be evaluated in context.,Generic filler,"The card substitutes a topic label into a repeated template; it does not state a discrete, source-supported engineering fact.",Rejected during recovery audit; not approved for publication.,"A page-specific, source-supported claim would be required.",services/tablet-press-troubleshooting.html,No source supplied in legacy card,2026-08-07,Yes,No
LEGACY-0229,Steady-State Conditions,Steady-State Conditions must be evaluated in context.,Generic filler,"The card substitutes a topic label into a repeated template; it does not state a discrete, source-supported engineering fact.",Rejected during recovery audit; not approved for publication.,"A page-specific, source-supported claim would be required.",services/tablet-press-troubleshooting.html,No source supplied in legacy card,2026-08-07,Yes,No
LEGACY-0230,Time-To-Defect,Time-To-Defect must be evaluated in context.,Generic filler,"The card substitutes a topic label into a repeated template; it does not state a discrete, source-supported engineering fact.",Rejected during recovery audit; not approved for publication.,"A page-specific, source-supported claim would be required.",services/tablet-press-troubleshooting.html,No source supplied in legacy card,2026-08-07,Yes,No
LEGACY-0231,Feed-Frame Performance,Feed-Frame Performance must be evaluated in context.,Generic filler,"The card substitutes a topic label into a repeated template; it does not state a discrete, source-supported engineering fact.",Rejected during recovery audit; not approved for publication.,"A page-specific, source-supported claim would be required.",services/tablet-press-troubleshooting.html,No source supplied in legacy card,2026-08-07,Yes,No
LEGACY-0232,Powder Flow,Powder Flow must be evaluated in context.,Generic filler,"The card substitutes a topic label into a repeated template; it does not state a discrete, source-supported engineering fact.",Rejected during recovery audit; not approved for publication.,"A page-specific, source-supported claim would be required.",services/tablet-press-troubleshooting.html,No source supplied in legacy card,2026-08-07,Yes,No
LEGACY-0233,Die Filling,Die Filling must be evaluated in context.,Generic filler,"The card substitutes a topic label into a repeated template; it does not state a discrete, source-supported engineering fact.",Rejected during recovery audit; not approved for publication.,"A page-specific, source-supported claim would be required.",services/tablet-press-troubleshooting.html,No source supplied in legacy card,2026-08-07,Yes,No
LEGACY-0234,Weight Variation,Weight Variation must be evaluated in context.,Generic filler,"The card substitutes a topic label into a repeated template; it does not state a discrete, source-supported engineering fact.",Rejected during recovery audit; not approved for publication.,"A page-specific, source-supported claim would be required.",services/tablet-press-troubleshooting.html,No source supplied in legacy card,2026-08-07,Yes,No
LEGACY-0235,Precompression,Precompression must be evaluated in context.,Generic filler,"The card substitutes a topic label into a repeated template; it does not state a discrete, source-supported engineering fact.",Rejected during recovery audit; not approved for publication.,"A page-specific, source-supported claim would be required.",services/tablet-press-troubleshooting.html,No source supplied in legacy card,2026-08-07,Yes,No
LEGACY-0236,Main Compression,Main Compression must be evaluated in context.,Generic filler,"The card substitutes a topic label into a repeated template; it does not state a discrete, source-supported engineering fact.",Rejected during recovery audit; not approved for publication.,"A page-specific, source-supported claim would be required.",services/tablet-press-troubleshooting.html,No source supplied in legacy card,2026-08-07,Yes,No
LEGACY-0237,Force Variation,Force Variation must be evaluated in context.,Generic filler,"The card substitutes a topic label into a repeated template; it does not state a discrete, source-supported engineering fact.",Rejected during recovery audit; not approved for publication.,"A page-specific, source-supported claim would be required.",services/tablet-press-troubleshooting.html,No source supplied in legacy card,2026-08-07,Yes,No
LEGACY-0238,Dwell Time,Dwell Time must be evaluated in context.,Generic filler,"The card substitutes a topic label into a repeated template; it does not state a discrete, source-supported engineering fact.",Rejected during recovery audit; not approved for publication.,"A page-specific, source-supported claim would be required.",services/tablet-press-troubleshooting.html,No source supplied in legacy card,2026-08-07,Yes,No
LEGACY-0239,Turret Speed,Turret Speed must be evaluated in context.,Generic filler,"The card substitutes a topic label into a repeated template; it does not state a discrete, source-supported engineering fact.",Rejected during recovery audit; not approved for publication.,"A page-specific, source-supported claim would be required.",services/tablet-press-troubleshooting.html,No source supplied in legacy card,2026-08-07,Yes,No
LEGACY-0240,Compression-Roll Condition,Compression-Roll Condition must be evaluated in context.,Generic filler,"The card substitutes a topic label into a repeated template; it does not state a discrete, source-supported engineering fact.",Rejected during recovery audit; not approved for publication.,"A page-specific, source-supported claim would be required.",services/tablet-press-troubleshooting.html,No source supplied in legacy card,2026-08-07,Yes,No
LEGACY-0241,Cam Wear,Cam Wear must be evaluated in context.,Generic filler,"The card substitutes a topic label into a repeated template; it does not state a discrete, source-supported engineering fact.",Rejected during recovery audit; not approved for publication.,"A page-specific, source-supported claim would be required.",services/tablet-press-troubleshooting.html,No source supplied in legacy card,2026-08-07,Yes,No
LEGACY-0242,Punch-Head Wear,Punch-Head Wear must be evaluated in context.,Generic filler,"The card substitutes a topic label into a repeated template; it does not state a discrete, source-supported engineering fact.",Rejected during recovery audit; not approved for publication.,"A page-specific, source-supported claim would be required.",services/tablet-press-troubleshooting.html,No source supplied in legacy card,2026-08-07,Yes,No
LEGACY-0243,Barrel Guidance,Barrel Guidance must be evaluated in context.,Generic filler,"The card substitutes a topic label into a repeated template; it does not state a discrete, source-supported engineering fact.",Rejected during recovery audit; not approved for publication.,"A page-specific, source-supported claim would be required.",services/tablet-press-troubleshooting.html,No source supplied in legacy card,2026-08-07,Yes,No
LEGACY-0244,Key Condition,Key Condition must be evaluated in context.,Generic filler,"The card substitutes a topic label into a repeated template; it does not state a discrete, source-supported engineering fact.",Rejected during recovery audit; not approved for publication.,"A page-specific, source-supported claim would be required.",services/tablet-press-troubleshooting.html,No source supplied in legacy card,2026-08-07,Yes,No
LEGACY-0245,Press Lubrication,Press Lubrication must be evaluated in context.,Generic filler,"The card substitutes a topic label into a repeated template; it does not state a discrete, source-supported engineering fact.",Rejected during recovery audit; not approved for publication.,"A page-specific, source-supported claim would be required.",services/tablet-press-troubleshooting.html,No source supplied in legacy card,2026-08-07,Yes,No
LEGACY-0246,Ejection Force,Ejection Force must be evaluated in context.,Generic filler,"The card substitutes a topic label into a repeated template; it does not state a discrete, source-supported engineering fact.",Rejected during recovery audit; not approved for publication.,"A page-specific, source-supported claim would be required.",services/tablet-press-troubleshooting.html,No source supplied in legacy card,2026-08-07,Yes,No
LEGACY-0247,Take-Off Condition,Take-Off Condition must be evaluated in context.,Generic filler,"The card substitutes a topic label into a repeated template; it does not state a discrete, source-supported engineering fact.",Rejected during recovery audit; not approved for publication.,"A page-specific, source-supported claim would be required.",services/tablet-press-troubleshooting.html,No source supplied in legacy card,2026-08-07,Yes,No
LEGACY-0248,Die-Table Condition,Die-Table Condition must be evaluated in context.,Generic filler,"The card substitutes a topic label into a repeated template; it does not state a discrete, source-supported engineering fact.",Rejected during recovery audit; not approved for publication.,"A page-specific, source-supported claim would be required.",services/tablet-press-troubleshooting.html,No source supplied in legacy card,2026-08-07,Yes,No
LEGACY-0249,Alignment,Alignment must be evaluated in context.,Generic filler,"The card substitutes a topic label into a repeated template; it does not state a discrete, source-supported engineering fact.",Rejected during recovery audit; not approved for publication.,"A page-specific, source-supported claim would be required.",services/tablet-press-troubleshooting.html,No source supplied in legacy card,2026-08-07,Yes,No
LEGACY-0250,Temperature,Temperature must be evaluated in context.,Generic filler,"The card substitutes a topic label into a repeated template; it does not state a discrete, source-supported engineering fact.",Rejected during recovery audit; not approved for publication.,"A page-specific, source-supported claim would be required.",services/tablet-press-troubleshooting.html,No source supplied in legacy card,2026-08-07,Yes,No
LEGACY-0251,Vibration,Vibration must be evaluated in context.,Generic filler,"The card substitutes a topic label into a repeated template; it does not state a discrete, source-supported engineering fact.",Rejected during recovery audit; not approved for publication.,"A page-specific, source-supported claim would be required.",services/tablet-press-troubleshooting.html,No source supplied in legacy card,2026-08-07,Yes,No
LEGACY-0252,Tablet Sticking,Tablet Sticking must be evaluated in context.,Generic filler,"The card substitutes a topic label into a repeated template; it does not state a discrete, source-supported engineering fact.",Rejected during recovery audit; not approved for publication.,"A page-specific, source-supported claim would be required.",services/tablet-press-troubleshooting.html,No source supplied in legacy card,2026-08-07,Yes,No
LEGACY-0253,Tablet Picking,Tablet Picking must be evaluated in context.,Generic filler,"The card substitutes a topic label into a repeated template; it does not state a discrete, source-supported engineering fact.",Rejected during recovery audit; not approved for publication.,"A page-specific, source-supported claim would be required.",services/tablet-press-troubleshooting.html,No source supplied in legacy card,2026-08-07,Yes,No
LEGACY-0254,Tablet Capping,Tablet Capping must be evaluated in context.,Generic filler,"The card substitutes a topic label into a repeated template; it does not state a discrete, source-supported engineering fact.",Rejected during recovery audit; not approved for publication.,"A page-specific, source-supported claim would be required.",services/tablet-press-troubleshooting.html,No source supplied in legacy card,2026-08-07,Yes,No
LEGACY-0255,Tablet Lamination,Tablet Lamination must be evaluated in context.,Generic filler,"The card substitutes a topic label into a repeated template; it does not state a discrete, source-supported engineering fact.",Rejected during recovery audit; not approved for publication.,"A page-specific, source-supported claim would be required.",services/tablet-press-troubleshooting.html,No source supplied in legacy card,2026-08-07,Yes,No
LEGACY-0256,Tablet Chipping,Tablet Chipping must be evaluated in context.,Generic filler,"The card substitutes a topic label into a repeated template; it does not state a discrete, source-supported engineering fact.",Rejected during recovery audit; not approved for publication.,"A page-specific, source-supported claim would be required.",services/tablet-press-troubleshooting.html,No source supplied in legacy card,2026-08-07,Yes,No
LEGACY-0257,Tablet Binding,Tablet Binding must be evaluated in context.,Generic filler,"The card substitutes a topic label into a repeated template; it does not state a discrete, source-supported engineering fact.",Rejected during recovery audit; not approved for publication.,"A page-specific, source-supported claim would be required.",services/tablet-press-troubleshooting.html,No source supplied in legacy card,2026-08-07,Yes,No
LEGACY-0258,Double Impression,Double Impression must be evaluated in context.,Generic filler,"The card substitutes a topic label into a repeated template; it does not state a discrete, source-supported engineering fact.",Rejected during recovery audit; not approved for publication.,"A page-specific, source-supported claim would be required.",services/tablet-press-troubleshooting.html,No source supplied in legacy card,2026-08-07,Yes,No
LEGACY-0259,Tooling Wear,Tooling Wear must be evaluated in context.,Generic filler,"The card substitutes a topic label into a repeated template; it does not state a discrete, source-supported engineering fact.",Rejected during recovery audit; not approved for publication.,"A page-specific, source-supported claim would be required.",services/tablet-press-troubleshooting.html,No source supplied in legacy card,2026-08-07,Yes,No
LEGACY-0260,Coating Failure,Coating Failure must be evaluated in context.,Generic filler,"The card substitutes a topic label into a repeated template; it does not state a discrete, source-supported engineering fact.",Rejected during recovery audit; not approved for publication.,"A page-specific, source-supported claim would be required.",services/tablet-press-troubleshooting.html,No source supplied in legacy card,2026-08-07,Yes,No
LEGACY-0261,Cleaning Residue,Cleaning Residue must be evaluated in context.,Generic filler,"The card substitutes a topic label into a repeated template; it does not state a discrete, source-supported engineering fact.",Rejected during recovery audit; not approved for publication.,"A page-specific, source-supported claim would be required.",services/tablet-press-troubleshooting.html,No source supplied in legacy card,2026-08-07,Yes,No
LEGACY-0262,Maintenance History,Maintenance History must be evaluated in context.,Generic filler,"The card substitutes a topic label into a repeated template; it does not state a discrete, source-supported engineering fact.",Rejected during recovery audit; not approved for publication.,"A page-specific, source-supported claim would be required.",services/tablet-press-troubleshooting.html,No source supplied in legacy card,2026-08-07,Yes,No
LEGACY-0263,Good-Batch Comparison,Good-Batch Comparison must be evaluated in context.,Generic filler,"The card substitutes a topic label into a repeated template; it does not state a discrete, source-supported engineering fact.",Rejected during recovery audit; not approved for publication.,"A page-specific, source-supported claim would be required.",services/tablet-press-troubleshooting.html,No source supplied in legacy card,2026-08-07,Yes,No
LEGACY-0264,Good-Station Comparison,Good-Station Comparison must be evaluated in context.,Generic filler,"The card substitutes a topic label into a repeated template; it does not state a discrete, source-supported engineering fact.",Rejected during recovery audit; not approved for publication.,"A page-specific, source-supported claim would be required.",services/tablet-press-troubleshooting.html,No source supplied in legacy card,2026-08-07,Yes,No
LEGACY-0265,One-Variable Trials,One-Variable Trials must be evaluated in context.,Generic filler,"The card substitutes a topic label into a repeated template; it does not state a discrete, source-supported engineering fact.",Rejected during recovery audit; not approved for publication.,"A page-specific, source-supported claim would be required.",services/tablet-press-troubleshooting.html,No source supplied in legacy card,2026-08-07,Yes,No
LEGACY-0266,Process Alarms,Process Alarms must be evaluated in context.,Generic filler,"The card substitutes a topic label into a repeated template; it does not state a discrete, source-supported engineering fact.",Rejected during recovery audit; not approved for publication.,"A page-specific, source-supported claim would be required.",services/tablet-press-troubleshooting.html,No source supplied in legacy card,2026-08-07,Yes,No
LEGACY-0267,Data Trending,Data Trending must be evaluated in context.,Generic filler,"The card substitutes a topic label into a repeated template; it does not state a discrete, source-supported engineering fact.",Rejected during recovery audit; not approved for publication.,"A page-specific, source-supported claim would be required.",services/tablet-press-troubleshooting.html,No source supplied in legacy card,2026-08-07,Yes,No
LEGACY-0268,Root-Cause Reporting,Root-Cause Reporting must be evaluated in context.,Generic filler,"The card substitutes a topic label into a repeated template; it does not state a discrete, source-supported engineering fact.",Rejected during recovery audit; not approved for publication.,"A page-specific, source-supported claim would be required.",services/tablet-press-troubleshooting.html,No source supplied in legacy card,2026-08-07,Yes,No
LEGACY-0269,Change Control,Change Control must be evaluated in context.,Generic filler,"The card substitutes a topic label into a repeated template; it does not state a discrete, source-supported engineering fact.",Rejected during recovery audit; not approved for publication.,"A page-specific, source-supported claim would be required.",services/tablet-press-troubleshooting.html,No source supplied in legacy card,2026-08-07,Yes,No
LEGACY-0270,Manufacturer Validation,Manufacturer Validation must be evaluated in context.,Generic filler,"The card substitutes a topic label into a repeated template; it does not state a discrete, source-supported engineering fact.",Rejected during recovery audit; not approved for publication.,"A page-specific, source-supported claim would be required.",services/tablet-press-troubleshooting.html,No source supplied in legacy card,2026-08-07,Yes,No
LEGACY-0271,No tablet punch coating is universally best.,No tablet punch coating is universally best.,Generic filler,"The card substitutes a topic label into a repeated template; it does not state a discrete, source-supported engineering fact.",Rejected during recovery audit; not approved for publication.,"A page-specific, source-supported claim would be required.",services/tablet-punch-coatings.html,No source supplied in legacy card,2026-08-07,Yes,No
LEGACY-0272,Coating selection should start with the problem.,Coating selection should start with the problem.,Generic filler,"The card substitutes a topic label into a repeated template; it does not state a discrete, source-supported engineering fact.",Rejected during recovery audit; not approved for publication.,"A page-specific, source-supported claim would be required.",services/tablet-punch-coatings.html,No source supplied in legacy card,2026-08-07,Yes,No
LEGACY-0273,CrN is commonly considered for wear and corrosion-related performance.,CrN is commonly considered for wear and corrosion-related performance.,Generic filler,"The card substitutes a topic label into a repeated template; it does not state a discrete, source-supported engineering fact.",Rejected during recovery audit; not approved for publication.,"A page-specific, source-supported claim would be required.",services/tablet-punch-coatings.html,No source supplied in legacy card,2026-08-07,Yes,No
LEGACY-0274,DLC is a family of coatings.,DLC is a family of coatings.,Generic filler,"The card substitutes a topic label into a repeated template; it does not state a discrete, source-supported engineering fact.",Rejected during recovery audit; not approved for publication.,"A page-specific, source-supported claim would be required.",services/tablet-punch-coatings.html,No source supplied in legacy card,2026-08-07,Yes,No
LEGACY-0275,TiN is a hard PVD coating.,TiN is a hard PVD coating.,Generic filler,"The card substitutes a topic label into a repeated template; it does not state a discrete, source-supported engineering fact.",Rejected during recovery audit; not approved for publication.,"A page-specific, source-supported claim would be required.",services/tablet-punch-coatings.html,No source supplied in legacy card,2026-08-07,Yes,No
LEGACY-0276,TiCN has a distinct property profile.,TiCN has a distinct property profile.,Generic filler,"The card substitutes a topic label into a repeated template; it does not state a discrete, source-supported engineering fact.",Rejected during recovery audit; not approved for publication.,"A page-specific, source-supported claim would be required.",services/tablet-punch-coatings.html,No source supplied in legacy card,2026-08-07,Yes,No
LEGACY-0277,Coating thickness affects dimensions.,Coating thickness affects dimensions.,Generic filler,"The card substitutes a topic label into a repeated template; it does not state a discrete, source-supported engineering fact.",Rejected during recovery audit; not approved for publication.,"A page-specific, source-supported claim would be required.",services/tablet-punch-coatings.html,No source supplied in legacy card,2026-08-07,Yes,No
LEGACY-0278,Substrate preparation controls adhesion.,Substrate preparation controls adhesion.,Generic filler,"The card substitutes a topic label into a repeated template; it does not state a discrete, source-supported engineering fact.",Rejected during recovery audit; not approved for publication.,"A page-specific, source-supported claim would be required.",services/tablet-punch-coatings.html,No source supplied in legacy card,2026-08-07,Yes,No
LEGACY-0279,Coatings replicate the underlying surface.,Coatings replicate the underlying surface.,Generic filler,"The card substitutes a topic label into a repeated template; it does not state a discrete, source-supported engineering fact.",Rejected during recovery audit; not approved for publication.,"A page-specific, source-supported claim would be required.",services/tablet-punch-coatings.html,No source supplied in legacy card,2026-08-07,Yes,No
LEGACY-0280,Sharp edges are difficult coating zones.,Sharp edges are difficult coating zones.,Generic filler,"The card substitutes a topic label into a repeated template; it does not state a discrete, source-supported engineering fact.",Rejected during recovery audit; not approved for publication.,"A page-specific, source-supported claim would be required.",services/tablet-punch-coatings.html,No source supplied in legacy card,2026-08-07,Yes,No
LEGACY-0281,Impact can damage hard coatings.,Impact can damage hard coatings.,Generic filler,"The card substitutes a topic label into a repeated template; it does not state a discrete, source-supported engineering fact.",Rejected during recovery audit; not approved for publication.,"A page-specific, source-supported claim would be required.",services/tablet-punch-coatings.html,No source supplied in legacy card,2026-08-07,Yes,No
LEGACY-0282,Cleaning can shorten coating life.,Cleaning can shorten coating life.,Generic filler,"The card substitutes a topic label into a repeated template; it does not state a discrete, source-supported engineering fact.",Rejected during recovery audit; not approved for publication.,"A page-specific, source-supported claim would be required.",services/tablet-punch-coatings.html,No source supplied in legacy card,2026-08-07,Yes,No
LEGACY-0283,Coating color is not a performance specification.,Coating color is not a performance specification.,Generic filler,"The card substitutes a topic label into a repeated template; it does not state a discrete, source-supported engineering fact.",Rejected during recovery audit; not approved for publication.,"A page-specific, source-supported claim would be required.",services/tablet-punch-coatings.html,No source supplied in legacy card,2026-08-07,Yes,No
LEGACY-0284,Hardness is only one property.,Hardness is only one property.,Generic filler,"The card substitutes a topic label into a repeated template; it does not state a discrete, source-supported engineering fact.",Rejected during recovery audit; not approved for publication.,"A page-specific, source-supported claim would be required.",services/tablet-punch-coatings.html,No source supplied in legacy card,2026-08-07,Yes,No
LEGACY-0285,Low friction is formulation-dependent.,Low friction is formulation-dependent.,Generic filler,"The card substitutes a topic label into a repeated template; it does not state a discrete, source-supported engineering fact.",Rejected during recovery audit; not approved for publication.,"A page-specific, source-supported claim would be required.",services/tablet-punch-coatings.html,No source supplied in legacy card,2026-08-07,Yes,No
LEGACY-0286,Corrosion can attack through defects.,Corrosion can attack through defects.,Generic filler,"The card substitutes a topic label into a repeated template; it does not state a discrete, source-supported engineering fact.",Rejected during recovery audit; not approved for publication.,"A page-specific, source-supported claim would be required.",services/tablet-punch-coatings.html,No source supplied in legacy card,2026-08-07,Yes,No
LEGACY-0287,Recoating requires damage assessment.,Recoating requires damage assessment.,Generic filler,"The card substitutes a topic label into a repeated template; it does not state a discrete, source-supported engineering fact.",Rejected during recovery audit; not approved for publication.,"A page-specific, source-supported claim would be required.",services/tablet-punch-coatings.html,No source supplied in legacy card,2026-08-07,Yes,No
LEGACY-0288,Repeated stripping consumes tooling life.,Repeated stripping consumes tooling life.,Generic filler,"The card substitutes a topic label into a repeated template; it does not state a discrete, source-supported engineering fact.",Rejected during recovery audit; not approved for publication.,"A page-specific, source-supported claim would be required.",services/tablet-punch-coatings.html,No source supplied in legacy card,2026-08-07,Yes,No
LEGACY-0289,Coating adhesion testing has limits.,Coating adhesion testing has limits.,Generic filler,"The card substitutes a topic label into a repeated template; it does not state a discrete, source-supported engineering fact.",Rejected during recovery audit; not approved for publication.,"A page-specific, source-supported claim would be required.",services/tablet-punch-coatings.html,No source supplied in legacy card,2026-08-07,Yes,No
LEGACY-0290,Engraving requires coating attention.,Engraving requires coating attention.,Generic filler,"The card substitutes a topic label into a repeated template; it does not state a discrete, source-supported engineering fact.",Rejected during recovery audit; not approved for publication.,"A page-specific, source-supported claim would be required.",services/tablet-punch-coatings.html,No source supplied in legacy card,2026-08-07,Yes,No
LEGACY-0291,Score lines are high-detail coating areas.,Score lines are high-detail coating areas.,Generic filler,"The card substitutes a topic label into a repeated template; it does not state a discrete, source-supported engineering fact.",Rejected during recovery audit; not approved for publication.,"A page-specific, source-supported claim would be required.",services/tablet-punch-coatings.html,No source supplied in legacy card,2026-08-07,Yes,No
LEGACY-0292,A coating cannot fix bad geometry.,A coating cannot fix bad geometry.,Generic filler,"The card substitutes a topic label into a repeated template; it does not state a discrete, source-supported engineering fact.",Rejected during recovery audit; not approved for publication.,"A page-specific, source-supported claim would be required.",services/tablet-punch-coatings.html,No source supplied in legacy card,2026-08-07,Yes,No
LEGACY-0293,A coating cannot fix unstable moisture.,A coating cannot fix unstable moisture.,Generic filler,"The card substitutes a topic label into a repeated template; it does not state a discrete, source-supported engineering fact.",Rejected during recovery audit; not approved for publication.,"A page-specific, source-supported claim would be required.",services/tablet-punch-coatings.html,No source supplied in legacy card,2026-08-07,Yes,No
LEGACY-0294,A coating cannot fix over-lubrication.,A coating cannot fix over-lubrication.,Generic filler,"The card substitutes a topic label into a repeated template; it does not state a discrete, source-supported engineering fact.",Rejected during recovery audit; not approved for publication.,"A page-specific, source-supported claim would be required.",services/tablet-punch-coatings.html,No source supplied in legacy card,2026-08-07,Yes,No
LEGACY-0295,Press heat can alter coating-system performance.,Press heat can alter coating-system performance.,Generic filler,"The card substitutes a topic label into a repeated template; it does not state a discrete, source-supported engineering fact.",Rejected during recovery audit; not approved for publication.,"A page-specific, source-supported claim would be required.",services/tablet-punch-coatings.html,No source supplied in legacy card,2026-08-07,Yes,No
LEGACY-0296,Coating selection should consider cleaning frequency.,Coating selection should consider cleaning frequency.,Generic filler,"The card substitutes a topic label into a repeated template; it does not state a discrete, source-supported engineering fact.",Rejected during recovery audit; not approved for publication.,"A page-specific, source-supported claim would be required.",services/tablet-punch-coatings.html,No source supplied in legacy card,2026-08-07,Yes,No
LEGACY-0297,Coated tools still require inspection.,Coated tools still require inspection.,Generic filler,"The card substitutes a topic label into a repeated template; it does not state a discrete, source-supported engineering fact.",Rejected during recovery audit; not approved for publication.,"A page-specific, source-supported claim would be required.",services/tablet-punch-coatings.html,No source supplied in legacy card,2026-08-07,Yes,No
LEGACY-0298,Coating damage can become a retention site.,Coating damage can become a retention site.,Generic filler,"The card substitutes a topic label into a repeated template; it does not state a discrete, source-supported engineering fact.",Rejected during recovery audit; not approved for publication.,"A page-specific, source-supported claim would be required.",services/tablet-punch-coatings.html,No source supplied in legacy card,2026-08-07,Yes,No
LEGACY-0299,Substrate hardness supports coating durability.,Substrate hardness supports coating durability.,Generic filler,"The card substitutes a topic label into a repeated template; it does not state a discrete, source-supported engineering fact.",Rejected during recovery audit; not approved for publication.,"A page-specific, source-supported claim would be required.",services/tablet-punch-coatings.html,No source supplied in legacy card,2026-08-07,Yes,No
LEGACY-0300,Coating process temperature matters.,Coating process temperature matters.,Generic filler,"The card substitutes a topic label into a repeated template; it does not state a discrete, source-supported engineering fact.",Rejected during recovery audit; not approved for publication.,"A page-specific, source-supported claim would be required.",services/tablet-punch-coatings.html,No source supplied in legacy card,2026-08-07,Yes,No
LEGACY-0301,Coating stress matters.,Coating stress matters.,Generic filler,"The card substitutes a topic label into a repeated template; it does not state a discrete, source-supported engineering fact.",Rejected during recovery audit; not approved for publication.,"A page-specific, source-supported claim would be required.",services/tablet-punch-coatings.html,No source supplied in legacy card,2026-08-07,Yes,No
LEGACY-0302,Coating uniformity matters across a set.,Coating uniformity matters across a set.,Generic filler,"The card substitutes a topic label into a repeated template; it does not state a discrete, source-supported engineering fact.",Rejected during recovery audit; not approved for publication.,"A page-specific, source-supported claim would be required.",services/tablet-punch-coatings.html,No source supplied in legacy card,2026-08-07,Yes,No
LEGACY-0303,Coating acceptance should be documented.,Coating acceptance should be documented.,Generic filler,"The card substitutes a topic label into a repeated template; it does not state a discrete, source-supported engineering fact.",Rejected during recovery audit; not approved for publication.,"A page-specific, source-supported claim would be required.",services/tablet-punch-coatings.html,No source supplied in legacy card,2026-08-07,Yes,No
LEGACY-0304,Coating suppliers may use different trade names.,Coating suppliers may use different trade names.,Generic filler,"The card substitutes a topic label into a repeated template; it does not state a discrete, source-supported engineering fact.",Rejected during recovery audit; not approved for publication.,"A page-specific, source-supported claim would be required.",services/tablet-punch-coatings.html,No source supplied in legacy card,2026-08-07,Yes,No
LEGACY-0305,Coating comparison tables are only starting points.,Coating comparison tables are only starting points.,Generic filler,"The card substitutes a topic label into a repeated template; it does not state a discrete, source-supported engineering fact.",Rejected during recovery audit; not approved for publication.,"A page-specific, source-supported claim would be required.",services/tablet-punch-coatings.html,No source supplied in legacy card,2026-08-07,Yes,No
LEGACY-0306,Cleaning residues can affect coated surfaces.,Cleaning residues can affect coated surfaces.,Generic filler,"The card substitutes a topic label into a repeated template; it does not state a discrete, source-supported engineering fact.",Rejected during recovery audit; not approved for publication.,"A page-specific, source-supported claim would be required.",services/tablet-punch-coatings.html,No source supplied in legacy card,2026-08-07,Yes,No
LEGACY-0307,Coating damage may indicate upstream handling issues.,Coating damage may indicate upstream handling issues.,Generic filler,"The card substitutes a topic label into a repeated template; it does not state a discrete, source-supported engineering fact.",Rejected during recovery audit; not approved for publication.,"A page-specific, source-supported claim would be required.",services/tablet-punch-coatings.html,No source supplied in legacy card,2026-08-07,Yes,No
LEGACY-0308,Coatings can support corrosion control but not eliminate it.,Coatings can support corrosion control but not eliminate it.,Generic filler,"The card substitutes a topic label into a repeated template; it does not state a discrete, source-supported engineering fact.",Rejected during recovery audit; not approved for publication.,"A page-specific, source-supported claim would be required.",services/tablet-punch-coatings.html,No source supplied in legacy card,2026-08-07,Yes,No
LEGACY-0309,A coating may improve wear without improving release.,A coating may improve wear without improving release.,Generic filler,"The card substitutes a topic label into a repeated template; it does not state a discrete, source-supported engineering fact.",Rejected during recovery audit; not approved for publication.,"A page-specific, source-supported claim would be required.",services/tablet-punch-coatings.html,No source supplied in legacy card,2026-08-07,Yes,No
LEGACY-0310,A coating may improve release without extending life.,A coating may improve release without extending life.,Generic filler,"The card substitutes a topic label into a repeated template; it does not state a discrete, source-supported engineering fact.",Rejected during recovery audit; not approved for publication.,"A page-specific, source-supported claim would be required.",services/tablet-punch-coatings.html,No source supplied in legacy card,2026-08-07,Yes,No
LEGACY-0311,Tooling restoration may precede coating.,Tooling restoration may precede coating.,Generic filler,"The card substitutes a topic label into a repeated template; it does not state a discrete, source-supported engineering fact.",Rejected during recovery audit; not approved for publication.,"A page-specific, source-supported claim would be required.",services/tablet-punch-coatings.html,No source supplied in legacy card,2026-08-07,Yes,No
LEGACY-0312,Replacement may be better than recoating.,Replacement may be better than recoating.,Generic filler,"The card substitutes a topic label into a repeated template; it does not state a discrete, source-supported engineering fact.",Rejected during recovery audit; not approved for publication.,"A page-specific, source-supported claim would be required.",services/tablet-punch-coatings.html,No source supplied in legacy card,2026-08-07,Yes,No
LEGACY-0313,International coating projects require clear logistics.,International coating projects require clear logistics.,Generic filler,"The card substitutes a topic label into a repeated template; it does not state a discrete, source-supported engineering fact.",Rejected during recovery audit; not approved for publication.,"A page-specific, source-supported claim would be required.",services/tablet-punch-coatings.html,No source supplied in legacy card,2026-08-07,Yes,No
LEGACY-0314,Production evidence should guide future coating choices.,Production evidence should guide future coating choices.,Generic filler,"The card substitutes a topic label into a repeated template; it does not state a discrete, source-supported engineering fact.",Rejected during recovery audit; not approved for publication.,"A page-specific, source-supported claim would be required.",services/tablet-punch-coatings.html,No source supplied in legacy card,2026-08-07,Yes,No
LEGACY-0315,The best coating decision is application-specific.,The best coating decision is application-specific.,Generic filler,"The card substitutes a topic label into a repeated template; it does not state a discrete, source-supported engineering fact.",Rejected during recovery audit; not approved for publication.,"A page-specific, source-supported claim would be required.",services/tablet-punch-coatings.html,No source supplied in legacy card,2026-08-07,Yes,No
LEGACY-0316,Incoming Inspection,Incoming Inspection must be evaluated within the full tooling system.,Generic filler,"The card substitutes a topic label into a repeated template; it does not state a discrete, source-supported engineering fact.",Rejected during recovery audit; not approved for publication.,"A page-specific, source-supported claim would be required.",services/tablet-punch-polishing.html,No source supplied in legacy card,2026-08-07,Yes,No
LEGACY-0317,Surface-Condition Mapping,Surface-Condition Mapping must be evaluated within the full tooling system.,Generic filler,"The card substitutes a topic label into a repeated template; it does not state a discrete, source-supported engineering fact.",Rejected during recovery audit; not approved for publication.,"A page-specific, source-supported claim would be required.",services/tablet-punch-polishing.html,No source supplied in legacy card,2026-08-07,Yes,No
LEGACY-0318,Scratch Classification,Scratch Classification must be evaluated within the full tooling system.,Generic filler,"The card substitutes a topic label into a repeated template; it does not state a discrete, source-supported engineering fact.",Rejected during recovery audit; not approved for publication.,"A page-specific, source-supported claim would be required.",services/tablet-punch-polishing.html,No source supplied in legacy card,2026-08-07,Yes,No
LEGACY-0319,Corrosion Assessment,Corrosion Assessment must be evaluated within the full tooling system.,Generic filler,"The card substitutes a topic label into a repeated template; it does not state a discrete, source-supported engineering fact.",Rejected during recovery audit; not approved for publication.,"A page-specific, source-supported claim would be required.",services/tablet-punch-polishing.html,No source supplied in legacy card,2026-08-07,Yes,No
LEGACY-0320,Material-Removal Limits,Material-Removal Limits must be evaluated within the full tooling system.,Generic filler,"The card substitutes a topic label into a repeated template; it does not state a discrete, source-supported engineering fact.",Rejected during recovery audit; not approved for publication.,"A page-specific, source-supported claim would be required.",services/tablet-punch-polishing.html,No source supplied in legacy card,2026-08-07,Yes,No
LEGACY-0321,Cup Geometry Preservation,Cup Geometry Preservation must be evaluated within the full tooling system.,Generic filler,"The card substitutes a topic label into a repeated template; it does not state a discrete, source-supported engineering fact.",Rejected during recovery audit; not approved for publication.,"A page-specific, source-supported claim would be required.",services/tablet-punch-polishing.html,No source supplied in legacy card,2026-08-07,Yes,No
LEGACY-0322,Land Preservation,Land Preservation must be evaluated within the full tooling system.,Generic filler,"The card substitutes a topic label into a repeated template; it does not state a discrete, source-supported engineering fact.",Rejected during recovery audit; not approved for publication.,"A page-specific, source-supported claim would be required.",services/tablet-punch-polishing.html,No source supplied in legacy card,2026-08-07,Yes,No
LEGACY-0323,Edge Preservation,Edge Preservation must be evaluated within the full tooling system.,Generic filler,"The card substitutes a topic label into a repeated template; it does not state a discrete, source-supported engineering fact.",Rejected during recovery audit; not approved for publication.,"A page-specific, source-supported claim would be required.",services/tablet-punch-polishing.html,No source supplied in legacy card,2026-08-07,Yes,No
LEGACY-0324,Engraving Protection,Engraving Protection must be evaluated within the full tooling system.,Generic filler,"The card substitutes a topic label into a repeated template; it does not state a discrete, source-supported engineering fact.",Rejected during recovery audit; not approved for publication.,"A page-specific, source-supported claim would be required.",services/tablet-punch-polishing.html,No source supplied in legacy card,2026-08-07,Yes,No
LEGACY-0325,Score-Line Protection,Score-Line Protection must be evaluated within the full tooling system.,Generic filler,"The card substitutes a topic label into a repeated template; it does not state a discrete, source-supported engineering fact.",Rejected during recovery audit; not approved for publication.,"A page-specific, source-supported claim would be required.",services/tablet-punch-polishing.html,No source supplied in legacy card,2026-08-07,Yes,No
LEGACY-0326,Character Islands,Character Islands must be evaluated within the full tooling system.,Generic filler,"The card substitutes a topic label into a repeated template; it does not state a discrete, source-supported engineering fact.",Rejected during recovery audit; not approved for publication.,"A page-specific, source-supported claim would be required.",services/tablet-punch-polishing.html,No source supplied in legacy card,2026-08-07,Yes,No
LEGACY-0327,Directional Polishing,Directional Polishing must be evaluated within the full tooling system.,Generic filler,"The card substitutes a topic label into a repeated template; it does not state a discrete, source-supported engineering fact.",Rejected during recovery audit; not approved for publication.,"A page-specific, source-supported claim would be required.",services/tablet-punch-polishing.html,No source supplied in legacy card,2026-08-07,Yes,No
LEGACY-0328,Surface Roughness,Surface Roughness must be evaluated within the full tooling system.,Generic filler,"The card substitutes a topic label into a repeated template; it does not state a discrete, source-supported engineering fact.",Rejected during recovery audit; not approved for publication.,"A page-specific, source-supported claim would be required.",services/tablet-punch-polishing.html,No source supplied in legacy card,2026-08-07,Yes,No
LEGACY-0329,Ra Limitations,Ra Limitations must be evaluated within the full tooling system.,Generic filler,"The card substitutes a topic label into a repeated template; it does not state a discrete, source-supported engineering fact.",Rejected during recovery audit; not approved for publication.,"A page-specific, source-supported claim would be required.",services/tablet-punch-polishing.html,No source supplied in legacy card,2026-08-07,Yes,No
LEGACY-0330,Localized Defects,Localized Defects must be evaluated within the full tooling system.,Generic filler,"The card substitutes a topic label into a repeated template; it does not state a discrete, source-supported engineering fact.",Rejected during recovery audit; not approved for publication.,"A page-specific, source-supported claim would be required.",services/tablet-punch-polishing.html,No source supplied in legacy card,2026-08-07,Yes,No
LEGACY-0331,Mirror-Finish Misconceptions,Mirror-Finish Misconceptions must be evaluated within the full tooling system.,Generic filler,"The card substitutes a topic label into a repeated template; it does not state a discrete, source-supported engineering fact.",Rejected during recovery audit; not approved for publication.,"A page-specific, source-supported claim would be required.",services/tablet-punch-polishing.html,No source supplied in legacy card,2026-08-07,Yes,No
LEGACY-0332,Polishing-Media Selection,Polishing-Media Selection must be evaluated within the full tooling system.,Generic filler,"The card substitutes a topic label into a repeated template; it does not state a discrete, source-supported engineering fact.",Rejected during recovery audit; not approved for publication.,"A page-specific, source-supported claim would be required.",services/tablet-punch-polishing.html,No source supplied in legacy card,2026-08-07,Yes,No
LEGACY-0333,Abrasive Grade Progression,Abrasive Grade Progression must be evaluated within the full tooling system.,Generic filler,"The card substitutes a topic label into a repeated template; it does not state a discrete, source-supported engineering fact.",Rejected during recovery audit; not approved for publication.,"A page-specific, source-supported claim would be required.",services/tablet-punch-polishing.html,No source supplied in legacy card,2026-08-07,Yes,No
LEGACY-0334,Manual Polishing Controls,Manual Polishing Controls must be evaluated within the full tooling system.,Generic filler,"The card substitutes a topic label into a repeated template; it does not state a discrete, source-supported engineering fact.",Rejected during recovery audit; not approved for publication.,"A page-specific, source-supported claim would be required.",services/tablet-punch-polishing.html,No source supplied in legacy card,2026-08-07,Yes,No
LEGACY-0335,Machine-Polishing Controls,Machine-Polishing Controls must be evaluated within the full tooling system.,Generic filler,"The card substitutes a topic label into a repeated template; it does not state a discrete, source-supported engineering fact.",Rejected during recovery audit; not approved for publication.,"A page-specific, source-supported claim would be required.",services/tablet-punch-polishing.html,No source supplied in legacy card,2026-08-07,Yes,No
LEGACY-0336,Fixture Design,Fixture Design must be evaluated within the full tooling system.,Generic filler,"The card substitutes a topic label into a repeated template; it does not state a discrete, source-supported engineering fact.",Rejected during recovery audit; not approved for publication.,"A page-specific, source-supported claim would be required.",services/tablet-punch-polishing.html,No source supplied in legacy card,2026-08-07,Yes,No
LEGACY-0337,Repeatability,Repeatability must be evaluated within the full tooling system.,Generic filler,"The card substitutes a topic label into a repeated template; it does not state a discrete, source-supported engineering fact.",Rejected during recovery audit; not approved for publication.,"A page-specific, source-supported claim would be required.",services/tablet-punch-polishing.html,No source supplied in legacy card,2026-08-07,Yes,No
LEGACY-0338,Operator Training,Operator Training must be evaluated within the full tooling system.,Generic filler,"The card substitutes a topic label into a repeated template; it does not state a discrete, source-supported engineering fact.",Rejected during recovery audit; not approved for publication.,"A page-specific, source-supported claim would be required.",services/tablet-punch-polishing.html,No source supplied in legacy card,2026-08-07,Yes,No
LEGACY-0339,Coated Tooling Review,Coated Tooling Review must be evaluated within the full tooling system.,Generic filler,"The card substitutes a topic label into a repeated template; it does not state a discrete, source-supported engineering fact.",Rejected during recovery audit; not approved for publication.,"A page-specific, source-supported claim would be required.",services/tablet-punch-polishing.html,No source supplied in legacy card,2026-08-07,Yes,No
LEGACY-0340,Coating Stripping,Coating Stripping must be evaluated within the full tooling system.,Generic filler,"The card substitutes a topic label into a repeated template; it does not state a discrete, source-supported engineering fact.",Rejected during recovery audit; not approved for publication.,"A page-specific, source-supported claim would be required.",services/tablet-punch-polishing.html,No source supplied in legacy card,2026-08-07,Yes,No
LEGACY-0341,Substrate Approval,Substrate Approval must be evaluated within the full tooling system.,Generic filler,"The card substitutes a topic label into a repeated template; it does not state a discrete, source-supported engineering fact.",Rejected during recovery audit; not approved for publication.,"A page-specific, source-supported claim would be required.",services/tablet-punch-polishing.html,No source supplied in legacy card,2026-08-07,Yes,No
LEGACY-0342,Pre-Coating Finish,Pre-Coating Finish must be evaluated within the full tooling system.,Generic filler,"The card substitutes a topic label into a repeated template; it does not state a discrete, source-supported engineering fact.",Rejected during recovery audit; not approved for publication.,"A page-specific, source-supported claim would be required.",services/tablet-punch-polishing.html,No source supplied in legacy card,2026-08-07,Yes,No
LEGACY-0343,Post-Polishing Cleaning,Post-Polishing Cleaning must be evaluated within the full tooling system.,Generic filler,"The card substitutes a topic label into a repeated template; it does not state a discrete, source-supported engineering fact.",Rejected during recovery audit; not approved for publication.,"A page-specific, source-supported claim would be required.",services/tablet-punch-polishing.html,No source supplied in legacy card,2026-08-07,Yes,No
LEGACY-0344,Residue Removal,Residue Removal must be evaluated within the full tooling system.,Generic filler,"The card substitutes a topic label into a repeated template; it does not state a discrete, source-supported engineering fact.",Rejected during recovery audit; not approved for publication.,"A page-specific, source-supported claim would be required.",services/tablet-punch-polishing.html,No source supplied in legacy card,2026-08-07,Yes,No
LEGACY-0345,Handling Protection,Handling Protection must be evaluated within the full tooling system.,Generic filler,"The card substitutes a topic label into a repeated template; it does not state a discrete, source-supported engineering fact.",Rejected during recovery audit; not approved for publication.,"A page-specific, source-supported claim would be required.",services/tablet-punch-polishing.html,No source supplied in legacy card,2026-08-07,Yes,No
LEGACY-0346,Dimensional Inspection,Dimensional Inspection must be evaluated within the full tooling system.,Generic filler,"The card substitutes a topic label into a repeated template; it does not state a discrete, source-supported engineering fact.",Rejected during recovery audit; not approved for publication.,"A page-specific, source-supported claim would be required.",services/tablet-punch-polishing.html,No source supplied in legacy card,2026-08-07,Yes,No
LEGACY-0347,Before-And-After Photography,Before-And-After Photography must be evaluated within the full tooling system.,Generic filler,"The card substitutes a topic label into a repeated template; it does not state a discrete, source-supported engineering fact.",Rejected during recovery audit; not approved for publication.,"A page-specific, source-supported claim would be required.",services/tablet-punch-polishing.html,No source supplied in legacy card,2026-08-07,Yes,No
LEGACY-0348,Surface Inspection Lighting,Surface Inspection Lighting must be evaluated within the full tooling system.,Generic filler,"The card substitutes a topic label into a repeated template; it does not state a discrete, source-supported engineering fact.",Rejected during recovery audit; not approved for publication.,"A page-specific, source-supported claim would be required.",services/tablet-punch-polishing.html,No source supplied in legacy card,2026-08-07,Yes,No
LEGACY-0349,Magnification,Magnification must be evaluated within the full tooling system.,Generic filler,"The card substitutes a topic label into a repeated template; it does not state a discrete, source-supported engineering fact.",Rejected during recovery audit; not approved for publication.,"A page-specific, source-supported claim would be required.",services/tablet-punch-polishing.html,No source supplied in legacy card,2026-08-07,Yes,No
LEGACY-0350,Documentation,Documentation must be evaluated within the full tooling system.,Generic filler,"The card substitutes a topic label into a repeated template; it does not state a discrete, source-supported engineering fact.",Rejected during recovery audit; not approved for publication.,"A page-specific, source-supported claim would be required.",services/tablet-punch-polishing.html,No source supplied in legacy card,2026-08-07,Yes,No
LEGACY-0351,Sticking-Related Polishing,Sticking-Related Polishing must be evaluated within the full tooling system.,Generic filler,"The card substitutes a topic label into a repeated template; it does not state a discrete, source-supported engineering fact.",Rejected during recovery audit; not approved for publication.,"A page-specific, source-supported claim would be required.",services/tablet-punch-polishing.html,No source supplied in legacy card,2026-08-07,Yes,No
LEGACY-0352,Picking-Related Polishing,Picking-Related Polishing must be evaluated within the full tooling system.,Generic filler,"The card substitutes a topic label into a repeated template; it does not state a discrete, source-supported engineering fact.",Rejected during recovery audit; not approved for publication.,"A page-specific, source-supported claim would be required.",services/tablet-punch-polishing.html,No source supplied in legacy card,2026-08-07,Yes,No
LEGACY-0353,Cleanability Improvement,Cleanability Improvement must be evaluated within the full tooling system.,Generic filler,"The card substitutes a topic label into a repeated template; it does not state a discrete, source-supported engineering fact.",Rejected during recovery audit; not approved for publication.,"A page-specific, source-supported claim would be required.",services/tablet-punch-polishing.html,No source supplied in legacy card,2026-08-07,Yes,No
LEGACY-0354,Restoration Cycles,Restoration Cycles must be evaluated within the full tooling system.,Generic filler,"The card substitutes a topic label into a repeated template; it does not state a discrete, source-supported engineering fact.",Rejected during recovery audit; not approved for publication.,"A page-specific, source-supported claim would be required.",services/tablet-punch-polishing.html,No source supplied in legacy card,2026-08-07,Yes,No
LEGACY-0355,Service Allowance,Service Allowance must be evaluated within the full tooling system.,Generic filler,"The card substitutes a topic label into a repeated template; it does not state a discrete, source-supported engineering fact.",Rejected during recovery audit; not approved for publication.,"A page-specific, source-supported claim would be required.",services/tablet-punch-polishing.html,No source supplied in legacy card,2026-08-07,Yes,No
LEGACY-0356,Non-Restorable Damage,Non-Restorable Damage must be evaluated within the full tooling system.,Generic filler,"The card substitutes a topic label into a repeated template; it does not state a discrete, source-supported engineering fact.",Rejected during recovery audit; not approved for publication.,"A page-specific, source-supported claim would be required.",services/tablet-punch-polishing.html,No source supplied in legacy card,2026-08-07,Yes,No
LEGACY-0357,Packaging,Packaging must be evaluated within the full tooling system.,Generic filler,"The card substitutes a topic label into a repeated template; it does not state a discrete, source-supported engineering fact.",Rejected during recovery audit; not approved for publication.,"A page-specific, source-supported claim would be required.",services/tablet-punch-polishing.html,No source supplied in legacy card,2026-08-07,Yes,No
LEGACY-0358,International Project Handling,International Project Handling must be evaluated within the full tooling system.,Generic filler,"The card substitutes a topic label into a repeated template; it does not state a discrete, source-supported engineering fact.",Rejected during recovery audit; not approved for publication.,"A page-specific, source-supported claim would be required.",services/tablet-punch-polishing.html,No source supplied in legacy card,2026-08-07,Yes,No
LEGACY-0359,Manufacturer Validation,Manufacturer Validation must be evaluated within the full tooling system.,Generic filler,"The card substitutes a topic label into a repeated template; it does not state a discrete, source-supported engineering fact.",Rejected during recovery audit; not approved for publication.,"A page-specific, source-supported claim would be required.",services/tablet-punch-polishing.html,No source supplied in legacy card,2026-08-07,Yes,No
LEGACY-0360,Application-Specific Finish,Application-Specific Finish must be evaluated within the full tooling system.,Generic filler,"The card substitutes a topic label into a repeated template; it does not state a discrete, source-supported engineering fact.",Rejected during recovery audit; not approved for publication.,"A page-specific, source-supported claim would be required.",services/tablet-punch-polishing.html,No source supplied in legacy card,2026-08-07,Yes,No
LEGACY-0361,"Restoration begins with inspection, not polishing.","Restoration begins with inspection, not polishing.",Generic filler,"The card substitutes a topic label into a repeated template; it does not state a discrete, source-supported engineering fact.",Rejected during recovery audit; not approved for publication.,"A page-specific, source-supported claim would be required.",services/tablet-punch-restoration.html,No source supplied in legacy card,2026-08-07,Yes,No
LEGACY-0362,Not every corroded punch must be replaced.,Not every corroded punch must be replaced.,Generic filler,"The card substitutes a topic label into a repeated template; it does not state a discrete, source-supported engineering fact.",Rejected during recovery audit; not approved for publication.,"A page-specific, source-supported claim would be required.",services/tablet-punch-restoration.html,No source supplied in legacy card,2026-08-07,Yes,No
LEGACY-0363,Cracks are a replacement condition.,Cracks are a replacement condition.,Generic filler,"The card substitutes a topic label into a repeated template; it does not state a discrete, source-supported engineering fact.",Rejected during recovery audit; not approved for publication.,"A page-specific, source-supported claim would be required.",services/tablet-punch-restoration.html,No source supplied in legacy card,2026-08-07,Yes,No
LEGACY-0364,Critical dimensions control restoration limits.,Critical dimensions control restoration limits.,Generic filler,"The card substitutes a topic label into a repeated template; it does not state a discrete, source-supported engineering fact.",Rejected during recovery audit; not approved for publication.,"A page-specific, source-supported claim would be required.",services/tablet-punch-restoration.html,No source supplied in legacy card,2026-08-07,Yes,No
LEGACY-0365,Cup geometry must be preserved.,Cup geometry must be preserved.,Generic filler,"The card substitutes a topic label into a repeated template; it does not state a discrete, source-supported engineering fact.",Rejected during recovery audit; not approved for publication.,"A page-specific, source-supported claim would be required.",services/tablet-punch-restoration.html,No source supplied in legacy card,2026-08-07,Yes,No
LEGACY-0366,Land condition affects tablet edges.,Land condition affects tablet edges.,Generic filler,"The card substitutes a topic label into a repeated template; it does not state a discrete, source-supported engineering fact.",Rejected during recovery audit; not approved for publication.,"A page-specific, source-supported claim would be required.",services/tablet-punch-restoration.html,No source supplied in legacy card,2026-08-07,Yes,No
LEGACY-0367,Engraving depth can limit restoration.,Engraving depth can limit restoration.,Generic filler,"The card substitutes a topic label into a repeated template; it does not state a discrete, source-supported engineering fact.",Rejected during recovery audit; not approved for publication.,"A page-specific, source-supported claim would be required.",services/tablet-punch-restoration.html,No source supplied in legacy card,2026-08-07,Yes,No
LEGACY-0368,Score lines require controlled restoration.,Score lines require controlled restoration.,Generic filler,"The card substitutes a topic label into a repeated template; it does not state a discrete, source-supported engineering fact.",Rejected during recovery audit; not approved for publication.,"A page-specific, source-supported claim would be required.",services/tablet-punch-restoration.html,No source supplied in legacy card,2026-08-07,Yes,No
LEGACY-0369,Corrosion removal may reveal deeper damage.,Corrosion removal may reveal deeper damage.,Generic filler,"The card substitutes a topic label into a repeated template; it does not state a discrete, source-supported engineering fact.",Rejected during recovery audit; not approved for publication.,"A page-specific, source-supported claim would be required.",services/tablet-punch-restoration.html,No source supplied in legacy card,2026-08-07,Yes,No
LEGACY-0370,Surface scratches can be functionally important.,Surface scratches can be functionally important.,Generic filler,"The card substitutes a topic label into a repeated template; it does not state a discrete, source-supported engineering fact.",Rejected during recovery audit; not approved for publication.,"A page-specific, source-supported claim would be required.",services/tablet-punch-restoration.html,No source supplied in legacy card,2026-08-07,Yes,No
LEGACY-0371,Coating removal changes the restoration plan.,Coating removal changes the restoration plan.,Generic filler,"The card substitutes a topic label into a repeated template; it does not state a discrete, source-supported engineering fact.",Rejected during recovery audit; not approved for publication.,"A page-specific, source-supported claim would be required.",services/tablet-punch-restoration.html,No source supplied in legacy card,2026-08-07,Yes,No
LEGACY-0372,Recoating requires a suitable substrate.,Recoating requires a suitable substrate.,Generic filler,"The card substitutes a topic label into a repeated template; it does not state a discrete, source-supported engineering fact.",Rejected during recovery audit; not approved for publication.,"A page-specific, source-supported claim would be required.",services/tablet-punch-restoration.html,No source supplied in legacy card,2026-08-07,Yes,No
LEGACY-0373,Restoration cannot recreate missing material.,Restoration cannot recreate missing material.,Generic filler,"The card substitutes a topic label into a repeated template; it does not state a discrete, source-supported engineering fact.",Rejected during recovery audit; not approved for publication.,"A page-specific, source-supported claim would be required.",services/tablet-punch-restoration.html,No source supplied in legacy card,2026-08-07,Yes,No
LEGACY-0374,Dimensional history improves decisions.,Dimensional history improves decisions.,Generic filler,"The card substitutes a topic label into a repeated template; it does not state a discrete, source-supported engineering fact.",Rejected during recovery audit; not approved for publication.,"A page-specific, source-supported claim would be required.",services/tablet-punch-restoration.html,No source supplied in legacy card,2026-08-07,Yes,No
LEGACY-0375,Tooling identity must remain controlled.,Tooling identity must remain controlled.,Generic filler,"The card substitutes a topic label into a repeated template; it does not state a discrete, source-supported engineering fact.",Rejected during recovery audit; not approved for publication.,"A page-specific, source-supported claim would be required.",services/tablet-punch-restoration.html,No source supplied in legacy card,2026-08-07,Yes,No
LEGACY-0376,Cleaning precedes accurate inspection.,Cleaning precedes accurate inspection.,Generic filler,"The card substitutes a topic label into a repeated template; it does not state a discrete, source-supported engineering fact.",Rejected during recovery audit; not approved for publication.,"A page-specific, source-supported claim would be required.",services/tablet-punch-restoration.html,No source supplied in legacy card,2026-08-07,Yes,No
LEGACY-0377,Aggressive cleaning can create restoration work.,Aggressive cleaning can create restoration work.,Generic filler,"The card substitutes a topic label into a repeated template; it does not state a discrete, source-supported engineering fact.",Rejected during recovery audit; not approved for publication.,"A page-specific, source-supported claim would be required.",services/tablet-punch-restoration.html,No source supplied in legacy card,2026-08-07,Yes,No
LEGACY-0378,Pitting location matters.,Pitting location matters.,Generic filler,"The card substitutes a topic label into a repeated template; it does not state a discrete, source-supported engineering fact.",Rejected during recovery audit; not approved for publication.,"A page-specific, source-supported claim would be required.",services/tablet-punch-restoration.html,No source supplied in legacy card,2026-08-07,Yes,No
LEGACY-0379,Head and barrel condition also matter.,Head and barrel condition also matter.,Generic filler,"The card substitutes a topic label into a repeated template; it does not state a discrete, source-supported engineering fact.",Rejected during recovery audit; not approved for publication.,"A page-specific, source-supported claim would be required.",services/tablet-punch-restoration.html,No source supplied in legacy card,2026-08-07,Yes,No
LEGACY-0380,Upper and lower punches may need different work.,Upper and lower punches may need different work.,Generic filler,"The card substitutes a topic label into a repeated template; it does not state a discrete, source-supported engineering fact.",Rejected during recovery audit; not approved for publication.,"A page-specific, source-supported claim would be required.",services/tablet-punch-restoration.html,No source supplied in legacy card,2026-08-07,Yes,No
LEGACY-0381,Station-specific wear can reveal press issues.,Station-specific wear can reveal press issues.,Generic filler,"The card substitutes a topic label into a repeated template; it does not state a discrete, source-supported engineering fact.",Rejected during recovery audit; not approved for publication.,"A page-specific, source-supported claim would be required.",services/tablet-punch-restoration.html,No source supplied in legacy card,2026-08-07,Yes,No
LEGACY-0382,Restoration should target the damage mechanism.,Restoration should target the damage mechanism.,Generic filler,"The card substitutes a topic label into a repeated template; it does not state a discrete, source-supported engineering fact.",Rejected during recovery audit; not approved for publication.,"A page-specific, source-supported claim would be required.",services/tablet-punch-restoration.html,No source supplied in legacy card,2026-08-07,Yes,No
LEGACY-0383,Polishing direction can influence function.,Polishing direction can influence function.,Generic filler,"The card substitutes a topic label into a repeated template; it does not state a discrete, source-supported engineering fact.",Rejected during recovery audit; not approved for publication.,"A page-specific, source-supported claim would be required.",services/tablet-punch-restoration.html,No source supplied in legacy card,2026-08-07,Yes,No
LEGACY-0384,Mirror appearance does not prove restoration quality.,Mirror appearance does not prove restoration quality.,Generic filler,"The card substitutes a topic label into a repeated template; it does not state a discrete, source-supported engineering fact.",Rejected during recovery audit; not approved for publication.,"A page-specific, source-supported claim would be required.",services/tablet-punch-restoration.html,No source supplied in legacy card,2026-08-07,Yes,No
LEGACY-0385,Ra alone cannot approve a restored punch.,Ra alone cannot approve a restored punch.,Generic filler,"The card substitutes a topic label into a repeated template; it does not state a discrete, source-supported engineering fact.",Rejected during recovery audit; not approved for publication.,"A page-specific, source-supported claim would be required.",services/tablet-punch-restoration.html,No source supplied in legacy card,2026-08-07,Yes,No
LEGACY-0386,Restoration may improve cleanability.,Restoration may improve cleanability.,Generic filler,"The card substitutes a topic label into a repeated template; it does not state a discrete, source-supported engineering fact.",Rejected during recovery audit; not approved for publication.,"A page-specific, source-supported claim would be required.",services/tablet-punch-restoration.html,No source supplied in legacy card,2026-08-07,Yes,No
LEGACY-0387,Restoration may reduce sticking only when surface condition contributes.,Restoration may reduce sticking only when surface condition contributes.,Generic filler,"The card substitutes a topic label into a repeated template; it does not state a discrete, source-supported engineering fact.",Rejected during recovery audit; not approved for publication.,"A page-specific, source-supported claim would be required.",services/tablet-punch-restoration.html,No source supplied in legacy card,2026-08-07,Yes,No
LEGACY-0388,Engraving restoration has practical limits.,Engraving restoration has practical limits.,Generic filler,"The card substitutes a topic label into a repeated template; it does not state a discrete, source-supported engineering fact.",Rejected during recovery audit; not approved for publication.,"A page-specific, source-supported claim would be required.",services/tablet-punch-restoration.html,No source supplied in legacy card,2026-08-07,Yes,No
LEGACY-0389,Edge rounding can create new defects.,Edge rounding can create new defects.,Generic filler,"The card substitutes a topic label into a repeated template; it does not state a discrete, source-supported engineering fact.",Rejected during recovery audit; not approved for publication.,"A page-specific, source-supported claim would be required.",services/tablet-punch-restoration.html,No source supplied in legacy card,2026-08-07,Yes,No
LEGACY-0390,Restoration acceptance should be application-specific.,Restoration acceptance should be application-specific.,Generic filler,"The card substitutes a topic label into a repeated template; it does not state a discrete, source-supported engineering fact.",Rejected during recovery audit; not approved for publication.,"A page-specific, source-supported claim would be required.",services/tablet-punch-restoration.html,No source supplied in legacy card,2026-08-07,Yes,No
LEGACY-0391,Coated and uncoated tooling need different records.,Coated and uncoated tooling need different records.,Generic filler,"The card substitutes a topic label into a repeated template; it does not state a discrete, source-supported engineering fact.",Rejected during recovery audit; not approved for publication.,"A page-specific, source-supported claim would be required.",services/tablet-punch-restoration.html,No source supplied in legacy card,2026-08-07,Yes,No
LEGACY-0392,Post-restoration cleaning must be controlled.,Post-restoration cleaning must be controlled.,Generic filler,"The card substitutes a topic label into a repeated template; it does not state a discrete, source-supported engineering fact.",Rejected during recovery audit; not approved for publication.,"A page-specific, source-supported claim would be required.",services/tablet-punch-restoration.html,No source supplied in legacy card,2026-08-07,Yes,No
LEGACY-0393,Packaging protects restored surfaces.,Packaging protects restored surfaces.,Generic filler,"The card substitutes a topic label into a repeated template; it does not state a discrete, source-supported engineering fact.",Rejected during recovery audit; not approved for publication.,"A page-specific, source-supported claim would be required.",services/tablet-punch-restoration.html,No source supplied in legacy card,2026-08-07,Yes,No
LEGACY-0394,Restoration lead time should include inspection.,Restoration lead time should include inspection.,Generic filler,"The card substitutes a topic label into a repeated template; it does not state a discrete, source-supported engineering fact.",Rejected during recovery audit; not approved for publication.,"A page-specific, source-supported claim would be required.",services/tablet-punch-restoration.html,No source supplied in legacy card,2026-08-07,Yes,No
LEGACY-0395,Restoration scope may change after inspection.,Restoration scope may change after inspection.,Generic filler,"The card substitutes a topic label into a repeated template; it does not state a discrete, source-supported engineering fact.",Rejected during recovery audit; not approved for publication.,"A page-specific, source-supported claim would be required.",services/tablet-punch-restoration.html,No source supplied in legacy card,2026-08-07,Yes,No
LEGACY-0396,Before-and-after photographs strengthen documentation.,Before-and-after photographs strengthen documentation.,Generic filler,"The card substitutes a topic label into a repeated template; it does not state a discrete, source-supported engineering fact.",Rejected during recovery audit; not approved for publication.,"A page-specific, source-supported claim would be required.",services/tablet-punch-restoration.html,No source supplied in legacy card,2026-08-07,Yes,No
LEGACY-0397,Functional validation belongs to the manufacturer.,Functional validation belongs to the manufacturer.,Generic filler,"The card substitutes a topic label into a repeated template; it does not state a discrete, source-supported engineering fact.",Rejected during recovery audit; not approved for publication.,"A page-specific, source-supported claim would be required.",services/tablet-punch-restoration.html,No source supplied in legacy card,2026-08-07,Yes,No
LEGACY-0398,Repeated restoration consumes remaining allowance.,Repeated restoration consumes remaining allowance.,Generic filler,"The card substitutes a topic label into a repeated template; it does not state a discrete, source-supported engineering fact.",Rejected during recovery audit; not approved for publication.,"A page-specific, source-supported claim would be required.",services/tablet-punch-restoration.html,No source supplied in legacy card,2026-08-07,Yes,No
LEGACY-0399,Restoration economics include more than service price.,Restoration economics include more than service price.,Generic filler,"The card substitutes a topic label into a repeated template; it does not state a discrete, source-supported engineering fact.",Rejected during recovery audit; not approved for publication.,"A page-specific, source-supported claim would be required.",services/tablet-punch-restoration.html,No source supplied in legacy card,2026-08-07,Yes,No
LEGACY-0400,A restored punch should return with clear documentation.,A restored punch should return with clear documentation.,Generic filler,"The card substitutes a topic label into a repeated template; it does not state a discrete, source-supported engineering fact.",Rejected during recovery audit; not approved for publication.,"A page-specific, source-supported claim would be required.",services/tablet-punch-restoration.html,No source supplied in legacy card,2026-08-07,Yes,No
LEGACY-0401,Surface damage may indicate upstream problems.,Surface damage may indicate upstream problems.,Generic filler,"The card substitutes a topic label into a repeated template; it does not state a discrete, source-supported engineering fact.",Rejected during recovery audit; not approved for publication.,"A page-specific, source-supported claim would be required.",services/tablet-punch-restoration.html,No source supplied in legacy card,2026-08-07,Yes,No
LEGACY-0402,Restoration is part of lifecycle management.,Restoration is part of lifecycle management.,Generic filler,"The card substitutes a topic label into a repeated template; it does not state a discrete, source-supported engineering fact.",Rejected during recovery audit; not approved for publication.,"A page-specific, source-supported claim would be required.",services/tablet-punch-restoration.html,No source supplied in legacy card,2026-08-07,Yes,No
LEGACY-0403,International restoration projects need logistics planning.,International restoration projects need logistics planning.,Generic filler,"The card substitutes a topic label into a repeated template; it does not state a discrete, source-supported engineering fact.",Rejected during recovery audit; not approved for publication.,"A page-specific, source-supported claim would be required.",services/tablet-punch-restoration.html,No source supplied in legacy card,2026-08-07,Yes,No
LEGACY-0404,Application evidence improves restoration recommendations.,Application evidence improves restoration recommendations.,Generic filler,"The card substitutes a topic label into a repeated template; it does not state a discrete, source-supported engineering fact.",Rejected during recovery audit; not approved for publication.,"A page-specific, source-supported claim would be required.",services/tablet-punch-restoration.html,No source supplied in legacy card,2026-08-07,Yes,No
LEGACY-0405,The best restoration decision is evidence-based.,The best restoration decision is evidence-based.,Generic filler,"The card substitutes a topic label into a repeated template; it does not state a discrete, source-supported engineering fact.",Rejected during recovery audit; not approved for publication.,"A page-specific, source-supported claim would be required.",services/tablet-punch-restoration.html,No source supplied in legacy card,2026-08-07,Yes,No
LEGACY-0406,Risk-Based Maintenance,Risk-Based Maintenance must be evaluated within the full tooling system.,Generic filler,"The card substitutes a topic label into a repeated template; it does not state a discrete, source-supported engineering fact.",Rejected during recovery audit; not approved for publication.,"A page-specific, source-supported claim would be required.",services/tablet-tooling-preventive-maintenance.html,No source supplied in legacy card,2026-08-07,Yes,No
LEGACY-0407,Inspection Intervals,Inspection Intervals must be evaluated within the full tooling system.,Generic filler,"The card substitutes a topic label into a repeated template; it does not state a discrete, source-supported engineering fact.",Rejected during recovery audit; not approved for publication.,"A page-specific, source-supported claim would be required.",services/tablet-tooling-preventive-maintenance.html,No source supplied in legacy card,2026-08-07,Yes,No
LEGACY-0408,Production-Volume Tracking,Production-Volume Tracking must be evaluated within the full tooling system.,Generic filler,"The card substitutes a topic label into a repeated template; it does not state a discrete, source-supported engineering fact.",Rejected during recovery audit; not approved for publication.,"A page-specific, source-supported claim would be required.",services/tablet-tooling-preventive-maintenance.html,No source supplied in legacy card,2026-08-07,Yes,No
LEGACY-0409,Product-Specific History,Product-Specific History must be evaluated within the full tooling system.,Generic filler,"The card substitutes a topic label into a repeated template; it does not state a discrete, source-supported engineering fact.",Rejected during recovery audit; not approved for publication.,"A page-specific, source-supported claim would be required.",services/tablet-tooling-preventive-maintenance.html,No source supplied in legacy card,2026-08-07,Yes,No
LEGACY-0410,Station Identity,Station Identity must be evaluated within the full tooling system.,Generic filler,"The card substitutes a topic label into a repeated template; it does not state a discrete, source-supported engineering fact.",Rejected during recovery audit; not approved for publication.,"A page-specific, source-supported claim would be required.",services/tablet-tooling-preventive-maintenance.html,No source supplied in legacy card,2026-08-07,Yes,No
LEGACY-0411,Set Traceability,Set Traceability must be evaluated within the full tooling system.,Generic filler,"The card substitutes a topic label into a repeated template; it does not state a discrete, source-supported engineering fact.",Rejected during recovery audit; not approved for publication.,"A page-specific, source-supported claim would be required.",services/tablet-tooling-preventive-maintenance.html,No source supplied in legacy card,2026-08-07,Yes,No
LEGACY-0412,Cleaning Procedures,Cleaning Procedures must be evaluated within the full tooling system.,Generic filler,"The card substitutes a topic label into a repeated template; it does not state a discrete, source-supported engineering fact.",Rejected during recovery audit; not approved for publication.,"A page-specific, source-supported claim would be required.",services/tablet-tooling-preventive-maintenance.html,No source supplied in legacy card,2026-08-07,Yes,No
LEGACY-0413,Drying Procedures,Drying Procedures must be evaluated within the full tooling system.,Generic filler,"The card substitutes a topic label into a repeated template; it does not state a discrete, source-supported engineering fact.",Rejected during recovery audit; not approved for publication.,"A page-specific, source-supported claim would be required.",services/tablet-tooling-preventive-maintenance.html,No source supplied in legacy card,2026-08-07,Yes,No
LEGACY-0414,Storage Humidity,Storage Humidity must be evaluated within the full tooling system.,Generic filler,"The card substitutes a topic label into a repeated template; it does not state a discrete, source-supported engineering fact.",Rejected during recovery audit; not approved for publication.,"A page-specific, source-supported claim would be required.",services/tablet-tooling-preventive-maintenance.html,No source supplied in legacy card,2026-08-07,Yes,No
LEGACY-0415,Protective Packaging,Protective Packaging must be evaluated within the full tooling system.,Generic filler,"The card substitutes a topic label into a repeated template; it does not state a discrete, source-supported engineering fact.",Rejected during recovery audit; not approved for publication.,"A page-specific, source-supported claim would be required.",services/tablet-tooling-preventive-maintenance.html,No source supplied in legacy card,2026-08-07,Yes,No
LEGACY-0416,Tool Separation,Tool Separation must be evaluated within the full tooling system.,Generic filler,"The card substitutes a topic label into a repeated template; it does not state a discrete, source-supported engineering fact.",Rejected during recovery audit; not approved for publication.,"A page-specific, source-supported claim would be required.",services/tablet-tooling-preventive-maintenance.html,No source supplied in legacy card,2026-08-07,Yes,No
LEGACY-0417,Handling Controls,Handling Controls must be evaluated within the full tooling system.,Generic filler,"The card substitutes a topic label into a repeated template; it does not state a discrete, source-supported engineering fact.",Rejected during recovery audit; not approved for publication.,"A page-specific, source-supported claim would be required.",services/tablet-tooling-preventive-maintenance.html,No source supplied in legacy card,2026-08-07,Yes,No
LEGACY-0418,Press Lubrication,Press Lubrication must be evaluated within the full tooling system.,Generic filler,"The card substitutes a topic label into a repeated template; it does not state a discrete, source-supported engineering fact.",Rejected during recovery audit; not approved for publication.,"A page-specific, source-supported claim would be required.",services/tablet-tooling-preventive-maintenance.html,No source supplied in legacy card,2026-08-07,Yes,No
LEGACY-0419,Guide Inspection,Guide Inspection must be evaluated within the full tooling system.,Generic filler,"The card substitutes a topic label into a repeated template; it does not state a discrete, source-supported engineering fact.",Rejected during recovery audit; not approved for publication.,"A page-specific, source-supported claim would be required.",services/tablet-tooling-preventive-maintenance.html,No source supplied in legacy card,2026-08-07,Yes,No
LEGACY-0420,Cam Inspection,Cam Inspection must be evaluated within the full tooling system.,Generic filler,"The card substitutes a topic label into a repeated template; it does not state a discrete, source-supported engineering fact.",Rejected during recovery audit; not approved for publication.,"A page-specific, source-supported claim would be required.",services/tablet-tooling-preventive-maintenance.html,No source supplied in legacy card,2026-08-07,Yes,No
LEGACY-0421,Punch-Head Inspection,Punch-Head Inspection must be evaluated within the full tooling system.,Generic filler,"The card substitutes a topic label into a repeated template; it does not state a discrete, source-supported engineering fact.",Rejected during recovery audit; not approved for publication.,"A page-specific, source-supported claim would be required.",services/tablet-tooling-preventive-maintenance.html,No source supplied in legacy card,2026-08-07,Yes,No
LEGACY-0422,Barrel Inspection,Barrel Inspection must be evaluated within the full tooling system.,Generic filler,"The card substitutes a topic label into a repeated template; it does not state a discrete, source-supported engineering fact.",Rejected during recovery audit; not approved for publication.,"A page-specific, source-supported claim would be required.",services/tablet-tooling-preventive-maintenance.html,No source supplied in legacy card,2026-08-07,Yes,No
LEGACY-0423,Key Inspection,Key Inspection must be evaluated within the full tooling system.,Generic filler,"The card substitutes a topic label into a repeated template; it does not state a discrete, source-supported engineering fact.",Rejected during recovery audit; not approved for publication.,"A page-specific, source-supported claim would be required.",services/tablet-tooling-preventive-maintenance.html,No source supplied in legacy card,2026-08-07,Yes,No
LEGACY-0424,Tip Inspection,Tip Inspection must be evaluated within the full tooling system.,Generic filler,"The card substitutes a topic label into a repeated template; it does not state a discrete, source-supported engineering fact.",Rejected during recovery audit; not approved for publication.,"A page-specific, source-supported claim would be required.",services/tablet-tooling-preventive-maintenance.html,No source supplied in legacy card,2026-08-07,Yes,No
LEGACY-0425,Cup Inspection,Cup Inspection must be evaluated within the full tooling system.,Generic filler,"The card substitutes a topic label into a repeated template; it does not state a discrete, source-supported engineering fact.",Rejected during recovery audit; not approved for publication.,"A page-specific, source-supported claim would be required.",services/tablet-tooling-preventive-maintenance.html,No source supplied in legacy card,2026-08-07,Yes,No
LEGACY-0426,Land Inspection,Land Inspection must be evaluated within the full tooling system.,Generic filler,"The card substitutes a topic label into a repeated template; it does not state a discrete, source-supported engineering fact.",Rejected during recovery audit; not approved for publication.,"A page-specific, source-supported claim would be required.",services/tablet-tooling-preventive-maintenance.html,No source supplied in legacy card,2026-08-07,Yes,No
LEGACY-0427,Engraving Inspection,Engraving Inspection must be evaluated within the full tooling system.,Generic filler,"The card substitutes a topic label into a repeated template; it does not state a discrete, source-supported engineering fact.",Rejected during recovery audit; not approved for publication.,"A page-specific, source-supported claim would be required.",services/tablet-tooling-preventive-maintenance.html,No source supplied in legacy card,2026-08-07,Yes,No
LEGACY-0428,Score-Line Inspection,Score-Line Inspection must be evaluated within the full tooling system.,Generic filler,"The card substitutes a topic label into a repeated template; it does not state a discrete, source-supported engineering fact.",Rejected during recovery audit; not approved for publication.,"A page-specific, source-supported claim would be required.",services/tablet-tooling-preventive-maintenance.html,No source supplied in legacy card,2026-08-07,Yes,No
LEGACY-0429,Die-Bore Inspection,Die-Bore Inspection must be evaluated within the full tooling system.,Generic filler,"The card substitutes a topic label into a repeated template; it does not state a discrete, source-supported engineering fact.",Rejected during recovery audit; not approved for publication.,"A page-specific, source-supported claim would be required.",services/tablet-tooling-preventive-maintenance.html,No source supplied in legacy card,2026-08-07,Yes,No
LEGACY-0430,Coating Inspection,Coating Inspection must be evaluated within the full tooling system.,Generic filler,"The card substitutes a topic label into a repeated template; it does not state a discrete, source-supported engineering fact.",Rejected during recovery audit; not approved for publication.,"A page-specific, source-supported claim would be required.",services/tablet-tooling-preventive-maintenance.html,No source supplied in legacy card,2026-08-07,Yes,No
LEGACY-0431,Corrosion Monitoring,Corrosion Monitoring must be evaluated within the full tooling system.,Generic filler,"The card substitutes a topic label into a repeated template; it does not state a discrete, source-supported engineering fact.",Rejected during recovery audit; not approved for publication.,"A page-specific, source-supported claim would be required.",services/tablet-tooling-preventive-maintenance.html,No source supplied in legacy card,2026-08-07,Yes,No
LEGACY-0432,Wear Monitoring,Wear Monitoring must be evaluated within the full tooling system.,Generic filler,"The card substitutes a topic label into a repeated template; it does not state a discrete, source-supported engineering fact.",Rejected during recovery audit; not approved for publication.,"A page-specific, source-supported claim would be required.",services/tablet-tooling-preventive-maintenance.html,No source supplied in legacy card,2026-08-07,Yes,No
LEGACY-0433,Roughness Monitoring,Roughness Monitoring must be evaluated within the full tooling system.,Generic filler,"The card substitutes a topic label into a repeated template; it does not state a discrete, source-supported engineering fact.",Rejected during recovery audit; not approved for publication.,"A page-specific, source-supported claim would be required.",services/tablet-tooling-preventive-maintenance.html,No source supplied in legacy card,2026-08-07,Yes,No
LEGACY-0434,Dimensional Checks,Dimensional Checks must be evaluated within the full tooling system.,Generic filler,"The card substitutes a topic label into a repeated template; it does not state a discrete, source-supported engineering fact.",Rejected during recovery audit; not approved for publication.,"A page-specific, source-supported claim would be required.",services/tablet-tooling-preventive-maintenance.html,No source supplied in legacy card,2026-08-07,Yes,No
LEGACY-0435,Photographic Records,Photographic Records must be evaluated within the full tooling system.,Generic filler,"The card substitutes a topic label into a repeated template; it does not state a discrete, source-supported engineering fact.",Rejected during recovery audit; not approved for publication.,"A page-specific, source-supported claim would be required.",services/tablet-tooling-preventive-maintenance.html,No source supplied in legacy card,2026-08-07,Yes,No
LEGACY-0436,Restoration Planning,Restoration Planning must be evaluated within the full tooling system.,Generic filler,"The card substitutes a topic label into a repeated template; it does not state a discrete, source-supported engineering fact.",Rejected during recovery audit; not approved for publication.,"A page-specific, source-supported claim would be required.",services/tablet-tooling-preventive-maintenance.html,No source supplied in legacy card,2026-08-07,Yes,No
LEGACY-0437,Replacement Planning,Replacement Planning must be evaluated within the full tooling system.,Generic filler,"The card substitutes a topic label into a repeated template; it does not state a discrete, source-supported engineering fact.",Rejected during recovery audit; not approved for publication.,"A page-specific, source-supported claim would be required.",services/tablet-tooling-preventive-maintenance.html,No source supplied in legacy card,2026-08-07,Yes,No
LEGACY-0438,Spare Inventory,Spare Inventory must be evaluated within the full tooling system.,Generic filler,"The card substitutes a topic label into a repeated template; it does not state a discrete, source-supported engineering fact.",Rejected during recovery audit; not approved for publication.,"A page-specific, source-supported claim would be required.",services/tablet-tooling-preventive-maintenance.html,No source supplied in legacy card,2026-08-07,Yes,No
LEGACY-0439,Supplier Lead Time,Supplier Lead Time must be evaluated within the full tooling system.,Generic filler,"The card substitutes a topic label into a repeated template; it does not state a discrete, source-supported engineering fact.",Rejected during recovery audit; not approved for publication.,"A page-specific, source-supported claim would be required.",services/tablet-tooling-preventive-maintenance.html,No source supplied in legacy card,2026-08-07,Yes,No
LEGACY-0440,Campaign Scheduling,Campaign Scheduling must be evaluated within the full tooling system.,Generic filler,"The card substitutes a topic label into a repeated template; it does not state a discrete, source-supported engineering fact.",Rejected during recovery audit; not approved for publication.,"A page-specific, source-supported claim would be required.",services/tablet-tooling-preventive-maintenance.html,No source supplied in legacy card,2026-08-07,Yes,No
LEGACY-0441,Cleaning Compatibility,Cleaning Compatibility must be evaluated within the full tooling system.,Generic filler,"The card substitutes a topic label into a repeated template; it does not state a discrete, source-supported engineering fact.",Rejected during recovery audit; not approved for publication.,"A page-specific, source-supported claim would be required.",services/tablet-tooling-preventive-maintenance.html,No source supplied in legacy card,2026-08-07,Yes,No
LEGACY-0442,Coating Lifecycle,Coating Lifecycle must be evaluated within the full tooling system.,Generic filler,"The card substitutes a topic label into a repeated template; it does not state a discrete, source-supported engineering fact.",Rejected during recovery audit; not approved for publication.,"A page-specific, source-supported claim would be required.",services/tablet-tooling-preventive-maintenance.html,No source supplied in legacy card,2026-08-07,Yes,No
LEGACY-0443,Recoating History,Recoating History must be evaluated within the full tooling system.,Generic filler,"The card substitutes a topic label into a repeated template; it does not state a discrete, source-supported engineering fact.",Rejected during recovery audit; not approved for publication.,"A page-specific, source-supported claim would be required.",services/tablet-tooling-preventive-maintenance.html,No source supplied in legacy card,2026-08-07,Yes,No
LEGACY-0444,Failure Recurrence,Failure Recurrence must be evaluated within the full tooling system.,Generic filler,"The card substitutes a topic label into a repeated template; it does not state a discrete, source-supported engineering fact.",Rejected during recovery audit; not approved for publication.,"A page-specific, source-supported claim would be required.",services/tablet-tooling-preventive-maintenance.html,No source supplied in legacy card,2026-08-07,Yes,No
LEGACY-0445,Root-Cause Follow-Up,Root-Cause Follow-Up must be evaluated within the full tooling system.,Generic filler,"The card substitutes a topic label into a repeated template; it does not state a discrete, source-supported engineering fact.",Rejected during recovery audit; not approved for publication.,"A page-specific, source-supported claim would be required.",services/tablet-tooling-preventive-maintenance.html,No source supplied in legacy card,2026-08-07,Yes,No
LEGACY-0446,Maintenance Checklists,Maintenance Checklists must be evaluated within the full tooling system.,Generic filler,"The card substitutes a topic label into a repeated template; it does not state a discrete, source-supported engineering fact.",Rejected during recovery audit; not approved for publication.,"A page-specific, source-supported claim would be required.",services/tablet-tooling-preventive-maintenance.html,No source supplied in legacy card,2026-08-07,Yes,No
LEGACY-0447,Training,Training must be evaluated within the full tooling system.,Generic filler,"The card substitutes a topic label into a repeated template; it does not state a discrete, source-supported engineering fact.",Rejected during recovery audit; not approved for publication.,"A page-specific, source-supported claim would be required.",services/tablet-tooling-preventive-maintenance.html,No source supplied in legacy card,2026-08-07,Yes,No
LEGACY-0448,Change Control,Change Control must be evaluated within the full tooling system.,Generic filler,"The card substitutes a topic label into a repeated template; it does not state a discrete, source-supported engineering fact.",Rejected during recovery audit; not approved for publication.,"A page-specific, source-supported claim would be required.",services/tablet-tooling-preventive-maintenance.html,No source supplied in legacy card,2026-08-07,Yes,No
LEGACY-0449,International Logistics,International Logistics must be evaluated within the full tooling system.,Generic filler,"The card substitutes a topic label into a repeated template; it does not state a discrete, source-supported engineering fact.",Rejected during recovery audit; not approved for publication.,"A page-specific, source-supported claim would be required.",services/tablet-tooling-preventive-maintenance.html,No source supplied in legacy card,2026-08-07,Yes,No
LEGACY-0450,Continuous Improvement,Continuous Improvement must be evaluated within the full tooling system.,Generic filler,"The card substitutes a topic label into a repeated template; it does not state a discrete, source-supported engineering fact.",Rejected during recovery audit; not approved for publication.,"A page-specific, source-supported claim would be required.",services/tablet-tooling-preventive-maintenance.html,No source supplied in legacy card,2026-08-07,Yes,No
LEGACY-0451,Tooling evaluation begins with a clear defect definition.,Tooling evaluation begins with a clear defect definition.,Generic filler,"The card substitutes a topic label into a repeated template; it does not state a discrete, source-supported engineering fact.",Rejected during recovery audit; not approved for publication.,"A page-specific, source-supported claim would be required.",services/tooling-evaluation.html,No source supplied in legacy card,2026-08-07,Yes,No
LEGACY-0452,Photographs are useful but not always conclusive.,Photographs are useful but not always conclusive.,Generic filler,"The card substitutes a topic label into a repeated template; it does not state a discrete, source-supported engineering fact.",Rejected during recovery audit; not approved for publication.,"A page-specific, source-supported claim would be required.",services/tooling-evaluation.html,No source supplied in legacy card,2026-08-07,Yes,No
LEGACY-0453,Defect timing is diagnostic evidence.,Defect timing is diagnostic evidence.,Generic filler,"The card substitutes a topic label into a repeated template; it does not state a discrete, source-supported engineering fact.",Rejected during recovery audit; not approved for publication.,"A page-specific, source-supported claim would be required.",services/tooling-evaluation.html,No source supplied in legacy card,2026-08-07,Yes,No
LEGACY-0454,Station mapping separates local and systemic causes.,Station mapping separates local and systemic causes.,Generic filler,"The card substitutes a topic label into a repeated template; it does not state a discrete, source-supported engineering fact.",Rejected during recovery audit; not approved for publication.,"A page-specific, source-supported claim would be required.",services/tooling-evaluation.html,No source supplied in legacy card,2026-08-07,Yes,No
LEGACY-0455,Upper and lower punches should be evaluated separately.,Upper and lower punches should be evaluated separately.,Generic filler,"The card substitutes a topic label into a repeated template; it does not state a discrete, source-supported engineering fact.",Rejected during recovery audit; not approved for publication.,"A page-specific, source-supported claim would be required.",services/tooling-evaluation.html,No source supplied in legacy card,2026-08-07,Yes,No
LEGACY-0456,Tooling history improves diagnosis.,Tooling history improves diagnosis.,Generic filler,"The card substitutes a topic label into a repeated template; it does not state a discrete, source-supported engineering fact.",Rejected during recovery audit; not approved for publication.,"A page-specific, source-supported claim would be required.",services/tooling-evaluation.html,No source supplied in legacy card,2026-08-07,Yes,No
LEGACY-0457,Formulation history belongs in a tooling evaluation.,Formulation history belongs in a tooling evaluation.,Generic filler,"The card substitutes a topic label into a repeated template; it does not state a discrete, source-supported engineering fact.",Rejected during recovery audit; not approved for publication.,"A page-specific, source-supported claim would be required.",services/tooling-evaluation.html,No source supplied in legacy card,2026-08-07,Yes,No
LEGACY-0458,Press conditions should be recorded together.,Press conditions should be recorded together.,Generic filler,"The card substitutes a topic label into a repeated template; it does not state a discrete, source-supported engineering fact.",Rejected during recovery audit; not approved for publication.,"A page-specific, source-supported claim would be required.",services/tooling-evaluation.html,No source supplied in legacy card,2026-08-07,Yes,No
LEGACY-0459,Cleaning methods can create or hide damage.,Cleaning methods can create or hide damage.,Generic filler,"The card substitutes a topic label into a repeated template; it does not state a discrete, source-supported engineering fact.",Rejected during recovery audit; not approved for publication.,"A page-specific, source-supported claim would be required.",services/tooling-evaluation.html,No source supplied in legacy card,2026-08-07,Yes,No
LEGACY-0460,Visual inspection requires controlled lighting.,Visual inspection requires controlled lighting.,Generic filler,"The card substitutes a topic label into a repeated template; it does not state a discrete, source-supported engineering fact.",Rejected during recovery audit; not approved for publication.,"A page-specific, source-supported claim would be required.",services/tooling-evaluation.html,No source supplied in legacy card,2026-08-07,Yes,No
LEGACY-0461,Dimensional inspection should be risk-based.,Dimensional inspection should be risk-based.,Generic filler,"The card substitutes a topic label into a repeated template; it does not state a discrete, source-supported engineering fact.",Rejected during recovery audit; not approved for publication.,"A page-specific, source-supported claim would be required.",services/tooling-evaluation.html,No source supplied in legacy card,2026-08-07,Yes,No
LEGACY-0462,Engraving should be inspected as geometry.,Engraving should be inspected as geometry.,Generic filler,"The card substitutes a topic label into a repeated template; it does not state a discrete, source-supported engineering fact.",Rejected during recovery audit; not approved for publication.,"A page-specific, source-supported claim would be required.",services/tooling-evaluation.html,No source supplied in legacy card,2026-08-07,Yes,No
LEGACY-0463,Cup geometry affects tablet performance.,Cup geometry affects tablet performance.,Generic filler,"The card substitutes a topic label into a repeated template; it does not state a discrete, source-supported engineering fact.",Rejected during recovery audit; not approved for publication.,"A page-specific, source-supported claim would be required.",services/tooling-evaluation.html,No source supplied in legacy card,2026-08-07,Yes,No
LEGACY-0464,Die condition affects ejection and consistency.,Die condition affects ejection and consistency.,Generic filler,"The card substitutes a topic label into a repeated template; it does not state a discrete, source-supported engineering fact.",Rejected during recovery audit; not approved for publication.,"A page-specific, source-supported claim would be required.",services/tooling-evaluation.html,No source supplied in legacy card,2026-08-07,Yes,No
LEGACY-0465,Coating identity must be confirmed.,Coating identity must be confirmed.,Generic filler,"The card substitutes a topic label into a repeated template; it does not state a discrete, source-supported engineering fact.",Rejected during recovery audit; not approved for publication.,"A page-specific, source-supported claim would be required.",services/tooling-evaluation.html,No source supplied in legacy card,2026-08-07,Yes,No
LEGACY-0466,Coating failure location helps identify mechanism.,Coating failure location helps identify mechanism.,Generic filler,"The card substitutes a topic label into a repeated template; it does not state a discrete, source-supported engineering fact.",Rejected during recovery audit; not approved for publication.,"A page-specific, source-supported claim would be required.",services/tooling-evaluation.html,No source supplied in legacy card,2026-08-07,Yes,No
LEGACY-0467,Corrosion requires chemistry review.,Corrosion requires chemistry review.,Generic filler,"The card substitutes a topic label into a repeated template; it does not state a discrete, source-supported engineering fact.",Rejected during recovery audit; not approved for publication.,"A page-specific, source-supported claim would be required.",services/tooling-evaluation.html,No source supplied in legacy card,2026-08-07,Yes,No
LEGACY-0468,Wear should be classified by mechanism.,Wear should be classified by mechanism.,Generic filler,"The card substitutes a topic label into a repeated template; it does not state a discrete, source-supported engineering fact.",Rejected during recovery audit; not approved for publication.,"A page-specific, source-supported claim would be required.",services/tooling-evaluation.html,No source supplied in legacy card,2026-08-07,Yes,No
LEGACY-0469,Surface roughness data needs context.,Surface roughness data needs context.,Generic filler,"The card substitutes a topic label into a repeated template; it does not state a discrete, source-supported engineering fact.",Rejected during recovery audit; not approved for publication.,"A page-specific, source-supported claim would be required.",services/tooling-evaluation.html,No source supplied in legacy card,2026-08-07,Yes,No
LEGACY-0470,One punch may not represent the set.,One punch may not represent the set.,Generic filler,"The card substitutes a topic label into a repeated template; it does not state a discrete, source-supported engineering fact.",Rejected during recovery audit; not approved for publication.,"A page-specific, source-supported claim would be required.",services/tooling-evaluation.html,No source supplied in legacy card,2026-08-07,Yes,No
LEGACY-0471,Sampling plans should reflect risk.,Sampling plans should reflect risk.,Generic filler,"The card substitutes a topic label into a repeated template; it does not state a discrete, source-supported engineering fact.",Rejected during recovery audit; not approved for publication.,"A page-specific, source-supported claim would be required.",services/tooling-evaluation.html,No source supplied in legacy card,2026-08-07,Yes,No
LEGACY-0472,Acceptance criteria should be written.,Acceptance criteria should be written.,Generic filler,"The card substitutes a topic label into a repeated template; it does not state a discrete, source-supported engineering fact.",Rejected during recovery audit; not approved for publication.,"A page-specific, source-supported claim would be required.",services/tooling-evaluation.html,No source supplied in legacy card,2026-08-07,Yes,No
LEGACY-0473,Restoration feasibility is an evaluation output.,Restoration feasibility is an evaluation output.,Generic filler,"The card substitutes a topic label into a repeated template; it does not state a discrete, source-supported engineering fact.",Rejected during recovery audit; not approved for publication.,"A page-specific, source-supported claim would be required.",services/tooling-evaluation.html,No source supplied in legacy card,2026-08-07,Yes,No
LEGACY-0474,Process changes should be documented as controlled trials.,Process changes should be documented as controlled trials.,Generic filler,"The card substitutes a topic label into a repeated template; it does not state a discrete, source-supported engineering fact.",Rejected during recovery audit; not approved for publication.,"A page-specific, source-supported claim would be required.",services/tooling-evaluation.html,No source supplied in legacy card,2026-08-07,Yes,No
LEGACY-0475,Good and bad batches should be compared.,Good and bad batches should be compared.,Generic filler,"The card substitutes a topic label into a repeated template; it does not state a discrete, source-supported engineering fact.",Rejected during recovery audit; not approved for publication.,"A page-specific, source-supported claim would be required.",services/tooling-evaluation.html,No source supplied in legacy card,2026-08-07,Yes,No
LEGACY-0476,Defect severity should be quantified where possible.,Defect severity should be quantified where possible.,Generic filler,"The card substitutes a topic label into a repeated template; it does not state a discrete, source-supported engineering fact.",Rejected during recovery audit; not approved for publication.,"A page-specific, source-supported claim would be required.",services/tooling-evaluation.html,No source supplied in legacy card,2026-08-07,Yes,No
LEGACY-0477,Tablet images should be linked to tooling identity.,Tablet images should be linked to tooling identity.,Generic filler,"The card substitutes a topic label into a repeated template; it does not state a discrete, source-supported engineering fact.",Rejected during recovery audit; not approved for publication.,"A page-specific, source-supported claim would be required.",services/tooling-evaluation.html,No source supplied in legacy card,2026-08-07,Yes,No
LEGACY-0478,Tooling evaluation can reveal design issues.,Tooling evaluation can reveal design issues.,Generic filler,"The card substitutes a topic label into a repeated template; it does not state a discrete, source-supported engineering fact.",Rejected during recovery audit; not approved for publication.,"A page-specific, source-supported claim would be required.",services/tooling-evaluation.html,No source supplied in legacy card,2026-08-07,Yes,No
LEGACY-0479,Evaluation should distinguish symptom from root cause.,Evaluation should distinguish symptom from root cause.,Generic filler,"The card substitutes a topic label into a repeated template; it does not state a discrete, source-supported engineering fact.",Rejected during recovery audit; not approved for publication.,"A page-specific, source-supported claim would be required.",services/tooling-evaluation.html,No source supplied in legacy card,2026-08-07,Yes,No
LEGACY-0480,Inspection frequency should reflect production risk.,Inspection frequency should reflect production risk.,Generic filler,"The card substitutes a topic label into a repeated template; it does not state a discrete, source-supported engineering fact.",Rejected during recovery audit; not approved for publication.,"A page-specific, source-supported claim would be required.",services/tooling-evaluation.html,No source supplied in legacy card,2026-08-07,Yes,No
LEGACY-0481,Storage condition affects future performance.,Storage condition affects future performance.,Generic filler,"The card substitutes a topic label into a repeated template; it does not state a discrete, source-supported engineering fact.",Rejected during recovery audit; not approved for publication.,"A page-specific, source-supported claim would be required.",services/tooling-evaluation.html,No source supplied in legacy card,2026-08-07,Yes,No
LEGACY-0482,Packaging condition is part of incoming evaluation.,Packaging condition is part of incoming evaluation.,Generic filler,"The card substitutes a topic label into a repeated template; it does not state a discrete, source-supported engineering fact.",Rejected during recovery audit; not approved for publication.,"A page-specific, source-supported claim would be required.",services/tooling-evaluation.html,No source supplied in legacy card,2026-08-07,Yes,No
LEGACY-0483,Tooling identity control prevents mixed conclusions.,Tooling identity control prevents mixed conclusions.,Generic filler,"The card substitutes a topic label into a repeated template; it does not state a discrete, source-supported engineering fact.",Rejected during recovery audit; not approved for publication.,"A page-specific, source-supported claim would be required.",services/tooling-evaluation.html,No source supplied in legacy card,2026-08-07,Yes,No
LEGACY-0484,International projects need complete documentation.,International projects need complete documentation.,Generic filler,"The card substitutes a topic label into a repeated template; it does not state a discrete, source-supported engineering fact.",Rejected during recovery audit; not approved for publication.,"A page-specific, source-supported claim would be required.",services/tooling-evaluation.html,No source supplied in legacy card,2026-08-07,Yes,No
LEGACY-0485,Preliminary evaluation should state limitations.,Preliminary evaluation should state limitations.,Generic filler,"The card substitutes a topic label into a repeated template; it does not state a discrete, source-supported engineering fact.",Rejected during recovery audit; not approved for publication.,"A page-specific, source-supported claim would be required.",services/tooling-evaluation.html,No source supplied in legacy card,2026-08-07,Yes,No
LEGACY-0486,Final recommendations may contain multiple options.,Final recommendations may contain multiple options.,Generic filler,"The card substitutes a topic label into a repeated template; it does not state a discrete, source-supported engineering fact.",Rejected during recovery audit; not approved for publication.,"A page-specific, source-supported claim would be required.",services/tooling-evaluation.html,No source supplied in legacy card,2026-08-07,Yes,No
LEGACY-0487,Recommendations should identify the evidence used.,Recommendations should identify the evidence used.,Generic filler,"The card substitutes a topic label into a repeated template; it does not state a discrete, source-supported engineering fact.",Rejected during recovery audit; not approved for publication.,"A page-specific, source-supported claim would be required.",services/tooling-evaluation.html,No source supplied in legacy card,2026-08-07,Yes,No
LEGACY-0488,Tooling evaluation supports maintenance planning.,Tooling evaluation supports maintenance planning.,Generic filler,"The card substitutes a topic label into a repeated template; it does not state a discrete, source-supported engineering fact.",Rejected during recovery audit; not approved for publication.,"A page-specific, source-supported claim would be required.",services/tooling-evaluation.html,No source supplied in legacy card,2026-08-07,Yes,No
LEGACY-0489,Repeated failures require system-level review.,Repeated failures require system-level review.,Generic filler,"The card substitutes a topic label into a repeated template; it does not state a discrete, source-supported engineering fact.",Rejected during recovery audit; not approved for publication.,"A page-specific, source-supported claim would be required.",services/tooling-evaluation.html,No source supplied in legacy card,2026-08-07,Yes,No
LEGACY-0490,Failure analysis should include unaffected tooling.,Failure analysis should include unaffected tooling.,Generic filler,"The card substitutes a topic label into a repeated template; it does not state a discrete, source-supported engineering fact.",Rejected during recovery audit; not approved for publication.,"A page-specific, source-supported claim would be required.",services/tooling-evaluation.html,No source supplied in legacy card,2026-08-07,Yes,No
LEGACY-0491,Data quality matters more than data volume.,Data quality matters more than data volume.,Generic filler,"The card substitutes a topic label into a repeated template; it does not state a discrete, source-supported engineering fact.",Rejected during recovery audit; not approved for publication.,"A page-specific, source-supported claim would be required.",services/tooling-evaluation.html,No source supplied in legacy card,2026-08-07,Yes,No
LEGACY-0492,Evaluation should support manufacturer validation.,Evaluation should support manufacturer validation.,Generic filler,"The card substitutes a topic label into a repeated template; it does not state a discrete, source-supported engineering fact.",Rejected during recovery audit; not approved for publication.,"A page-specific, source-supported claim would be required.",services/tooling-evaluation.html,No source supplied in legacy card,2026-08-07,Yes,No
LEGACY-0493,The best reports are clear to multiple teams.,The best reports are clear to multiple teams.,Generic filler,"The card substitutes a topic label into a repeated template; it does not state a discrete, source-supported engineering fact.",Rejected during recovery audit; not approved for publication.,"A page-specific, source-supported claim would be required.",services/tooling-evaluation.html,No source supplied in legacy card,2026-08-07,Yes,No
LEGACY-0494,Evaluation creates a baseline for future comparison.,Evaluation creates a baseline for future comparison.,Generic filler,"The card substitutes a topic label into a repeated template; it does not state a discrete, source-supported engineering fact.",Rejected during recovery audit; not approved for publication.,"A page-specific, source-supported claim would be required.",services/tooling-evaluation.html,No source supplied in legacy card,2026-08-07,Yes,No
LEGACY-0495,Evidence-based evaluation improves decisions.,Evidence-based evaluation improves decisions.,Generic filler,"The card substitutes a topic label into a repeated template; it does not state a discrete, source-supported engineering fact.",Rejected during recovery audit; not approved for publication.,"A page-specific, source-supported claim would be required.",services/tooling-evaluation.html,No source supplied in legacy card,2026-08-07,Yes,No
LEGACY-0496,Precompression Force,Precompression Force must be evaluated in context.,Generic filler,"The card substitutes a topic label into a repeated template; it does not state a discrete, source-supported engineering fact.",Rejected during recovery audit; not approved for publication.,"A page-specific, source-supported claim would be required.",solutions/compression-force-optimization.html,No source supplied in legacy card,2026-08-07,Yes,No
LEGACY-0497,Main Compression Force,Main Compression Force must be evaluated in context.,Generic filler,"The card substitutes a topic label into a repeated template; it does not state a discrete, source-supported engineering fact.",Rejected during recovery audit; not approved for publication.,"A page-specific, source-supported claim would be required.",solutions/compression-force-optimization.html,No source supplied in legacy card,2026-08-07,Yes,No
LEGACY-0498,Force Profile,Force Profile must be evaluated in context.,Generic filler,"The card substitutes a topic label into a repeated template; it does not state a discrete, source-supported engineering fact.",Rejected during recovery audit; not approved for publication.,"A page-specific, source-supported claim would be required.",solutions/compression-force-optimization.html,No source supplied in legacy card,2026-08-07,Yes,No
LEGACY-0499,Tablet Hardness,Tablet Hardness must be evaluated in context.,Generic filler,"The card substitutes a topic label into a repeated template; it does not state a discrete, source-supported engineering fact.",Rejected during recovery audit; not approved for publication.,"A page-specific, source-supported claim would be required.",solutions/compression-force-optimization.html,No source supplied in legacy card,2026-08-07,Yes,No
LEGACY-0500,Tensile Strength,Tensile Strength must be evaluated in context.,Generic filler,"The card substitutes a topic label into a repeated template; it does not state a discrete, source-supported engineering fact.",Rejected during recovery audit; not approved for publication.,"A page-specific, source-supported claim would be required.",solutions/compression-force-optimization.html,No source supplied in legacy card,2026-08-07,Yes,No
LEGACY-0501,Tablet Density,Tablet Density must be evaluated in context.,Generic filler,"The card substitutes a topic label into a repeated template; it does not state a discrete, source-supported engineering fact.",Rejected during recovery audit; not approved for publication.,"A page-specific, source-supported claim would be required.",solutions/compression-force-optimization.html,No source supplied in legacy card,2026-08-07,Yes,No
LEGACY-0502,Elastic Recovery,Elastic Recovery must be evaluated in context.,Generic filler,"The card substitutes a topic label into a repeated template; it does not state a discrete, source-supported engineering fact.",Rejected during recovery audit; not approved for publication.,"A page-specific, source-supported claim would be required.",solutions/compression-force-optimization.html,No source supplied in legacy card,2026-08-07,Yes,No
LEGACY-0503,Ejection Force,Ejection Force must be evaluated in context.,Generic filler,"The card substitutes a topic label into a repeated template; it does not state a discrete, source-supported engineering fact.",Rejected during recovery audit; not approved for publication.,"A page-specific, source-supported claim would be required.",solutions/compression-force-optimization.html,No source supplied in legacy card,2026-08-07,Yes,No
LEGACY-0504,Dwell Time,Dwell Time must be evaluated in context.,Generic filler,"The card substitutes a topic label into a repeated template; it does not state a discrete, source-supported engineering fact.",Rejected during recovery audit; not approved for publication.,"A page-specific, source-supported claim would be required.",solutions/compression-force-optimization.html,No source supplied in legacy card,2026-08-07,Yes,No
LEGACY-0505,Press Speed,Press Speed must be evaluated in context.,Generic filler,"The card substitutes a topic label into a repeated template; it does not state a discrete, source-supported engineering fact.",Rejected during recovery audit; not approved for publication.,"A page-specific, source-supported claim would be required.",solutions/compression-force-optimization.html,No source supplied in legacy card,2026-08-07,Yes,No
LEGACY-0506,Punch-Head Geometry,Punch-Head Geometry must be evaluated in context.,Generic filler,"The card substitutes a topic label into a repeated template; it does not state a discrete, source-supported engineering fact.",Rejected during recovery audit; not approved for publication.,"A page-specific, source-supported claim would be required.",solutions/compression-force-optimization.html,No source supplied in legacy card,2026-08-07,Yes,No
LEGACY-0507,Turret Speed,Turret Speed must be evaluated in context.,Generic filler,"The card substitutes a topic label into a repeated template; it does not state a discrete, source-supported engineering fact.",Rejected during recovery audit; not approved for publication.,"A page-specific, source-supported claim would be required.",solutions/compression-force-optimization.html,No source supplied in legacy card,2026-08-07,Yes,No
LEGACY-0508,Fill Weight,Fill Weight must be evaluated in context.,Generic filler,"The card substitutes a topic label into a repeated template; it does not state a discrete, source-supported engineering fact.",Rejected during recovery audit; not approved for publication.,"A page-specific, source-supported claim would be required.",solutions/compression-force-optimization.html,No source supplied in legacy card,2026-08-07,Yes,No
LEGACY-0509,Granulation Moisture,Granulation Moisture must be evaluated in context.,Generic filler,"The card substitutes a topic label into a repeated template; it does not state a discrete, source-supported engineering fact.",Rejected during recovery audit; not approved for publication.,"A page-specific, source-supported claim would be required.",solutions/compression-force-optimization.html,No source supplied in legacy card,2026-08-07,Yes,No
LEGACY-0510,Binder Concentration,Binder Concentration must be evaluated in context.,Generic filler,"The card substitutes a topic label into a repeated template; it does not state a discrete, source-supported engineering fact.",Rejected during recovery audit; not approved for publication.,"A page-specific, source-supported claim would be required.",solutions/compression-force-optimization.html,No source supplied in legacy card,2026-08-07,Yes,No
LEGACY-0511,Lubricant Level,Lubricant Level must be evaluated in context.,Generic filler,"The card substitutes a topic label into a repeated template; it does not state a discrete, source-supported engineering fact.",Rejected during recovery audit; not approved for publication.,"A page-specific, source-supported claim would be required.",solutions/compression-force-optimization.html,No source supplied in legacy card,2026-08-07,Yes,No
LEGACY-0512,Lubricant Blending Time,Lubricant Blending Time must be evaluated in context.,Generic filler,"The card substitutes a topic label into a repeated template; it does not state a discrete, source-supported engineering fact.",Rejected during recovery audit; not approved for publication.,"A page-specific, source-supported claim would be required.",solutions/compression-force-optimization.html,No source supplied in legacy card,2026-08-07,Yes,No
LEGACY-0513,Particle-Size Distribution,Particle-Size Distribution must be evaluated in context.,Generic filler,"The card substitutes a topic label into a repeated template; it does not state a discrete, source-supported engineering fact.",Rejected during recovery audit; not approved for publication.,"A page-specific, source-supported claim would be required.",solutions/compression-force-optimization.html,No source supplied in legacy card,2026-08-07,Yes,No
LEGACY-0514,Fines Content,Fines Content must be evaluated in context.,Generic filler,"The card substitutes a topic label into a repeated template; it does not state a discrete, source-supported engineering fact.",Rejected during recovery audit; not approved for publication.,"A page-specific, source-supported claim would be required.",solutions/compression-force-optimization.html,No source supplied in legacy card,2026-08-07,Yes,No
LEGACY-0515,Powder Compressibility,Powder Compressibility must be evaluated in context.,Generic filler,"The card substitutes a topic label into a repeated template; it does not state a discrete, source-supported engineering fact.",Rejected during recovery audit; not approved for publication.,"A page-specific, source-supported claim would be required.",solutions/compression-force-optimization.html,No source supplied in legacy card,2026-08-07,Yes,No
LEGACY-0516,Plastic Deformation,Plastic Deformation must be evaluated in context.,Generic filler,"The card substitutes a topic label into a repeated template; it does not state a discrete, source-supported engineering fact.",Rejected during recovery audit; not approved for publication.,"A page-specific, source-supported claim would be required.",solutions/compression-force-optimization.html,No source supplied in legacy card,2026-08-07,Yes,No
LEGACY-0517,Brittle Fracture,Brittle Fracture must be evaluated in context.,Generic filler,"The card substitutes a topic label into a repeated template; it does not state a discrete, source-supported engineering fact.",Rejected during recovery audit; not approved for publication.,"A page-specific, source-supported claim would be required.",solutions/compression-force-optimization.html,No source supplied in legacy card,2026-08-07,Yes,No
LEGACY-0518,Elastic Deformation,Elastic Deformation must be evaluated in context.,Generic filler,"The card substitutes a topic label into a repeated template; it does not state a discrete, source-supported engineering fact.",Rejected during recovery audit; not approved for publication.,"A page-specific, source-supported claim would be required.",solutions/compression-force-optimization.html,No source supplied in legacy card,2026-08-07,Yes,No
LEGACY-0519,Air Entrapment,Air Entrapment must be evaluated in context.,Generic filler,"The card substitutes a topic label into a repeated template; it does not state a discrete, source-supported engineering fact.",Rejected during recovery audit; not approved for publication.,"A page-specific, source-supported claim would be required.",solutions/compression-force-optimization.html,No source supplied in legacy card,2026-08-07,Yes,No
LEGACY-0520,Tablet Capping,Tablet Capping must be evaluated in context.,Generic filler,"The card substitutes a topic label into a repeated template; it does not state a discrete, source-supported engineering fact.",Rejected during recovery audit; not approved for publication.,"A page-specific, source-supported claim would be required.",solutions/compression-force-optimization.html,No source supplied in legacy card,2026-08-07,Yes,No
LEGACY-0521,Tablet Lamination,Tablet Lamination must be evaluated in context.,Generic filler,"The card substitutes a topic label into a repeated template; it does not state a discrete, source-supported engineering fact.",Rejected during recovery audit; not approved for publication.,"A page-specific, source-supported claim would be required.",solutions/compression-force-optimization.html,No source supplied in legacy card,2026-08-07,Yes,No
LEGACY-0522,Tablet Sticking,Tablet Sticking must be evaluated in context.,Generic filler,"The card substitutes a topic label into a repeated template; it does not state a discrete, source-supported engineering fact.",Rejected during recovery audit; not approved for publication.,"A page-specific, source-supported claim would be required.",solutions/compression-force-optimization.html,No source supplied in legacy card,2026-08-07,Yes,No
LEGACY-0523,Tablet Picking,Tablet Picking must be evaluated in context.,Generic filler,"The card substitutes a topic label into a repeated template; it does not state a discrete, source-supported engineering fact.",Rejected during recovery audit; not approved for publication.,"A page-specific, source-supported claim would be required.",solutions/compression-force-optimization.html,No source supplied in legacy card,2026-08-07,Yes,No
LEGACY-0524,Tablet Chipping,Tablet Chipping must be evaluated in context.,Generic filler,"The card substitutes a topic label into a repeated template; it does not state a discrete, source-supported engineering fact.",Rejected during recovery audit; not approved for publication.,"A page-specific, source-supported claim would be required.",solutions/compression-force-optimization.html,No source supplied in legacy card,2026-08-07,Yes,No
LEGACY-0525,Tablet Thickness,Tablet Thickness must be evaluated in context.,Generic filler,"The card substitutes a topic label into a repeated template; it does not state a discrete, source-supported engineering fact.",Rejected during recovery audit; not approved for publication.,"A page-specific, source-supported claim would be required.",solutions/compression-force-optimization.html,No source supplied in legacy card,2026-08-07,Yes,No
LEGACY-0526,Weight Variation,Weight Variation must be evaluated in context.,Generic filler,"The card substitutes a topic label into a repeated template; it does not state a discrete, source-supported engineering fact.",Rejected during recovery audit; not approved for publication.,"A page-specific, source-supported claim would be required.",solutions/compression-force-optimization.html,No source supplied in legacy card,2026-08-07,Yes,No
LEGACY-0527,Tooling Deflection,Tooling Deflection must be evaluated in context.,Generic filler,"The card substitutes a topic label into a repeated template; it does not state a discrete, source-supported engineering fact.",Rejected during recovery audit; not approved for publication.,"A page-specific, source-supported claim would be required.",solutions/compression-force-optimization.html,No source supplied in legacy card,2026-08-07,Yes,No
LEGACY-0528,Punch-Tip Stress,Punch-Tip Stress must be evaluated in context.,Generic filler,"The card substitutes a topic label into a repeated template; it does not state a discrete, source-supported engineering fact.",Rejected during recovery audit; not approved for publication.,"A page-specific, source-supported claim would be required.",solutions/compression-force-optimization.html,No source supplied in legacy card,2026-08-07,Yes,No
LEGACY-0529,Die-Wall Pressure,Die-Wall Pressure must be evaluated in context.,Generic filler,"The card substitutes a topic label into a repeated template; it does not state a discrete, source-supported engineering fact.",Rejected during recovery audit; not approved for publication.,"A page-specific, source-supported claim would be required.",solutions/compression-force-optimization.html,No source supplied in legacy card,2026-08-07,Yes,No
LEGACY-0530,Die-Bore Condition,Die-Bore Condition must be evaluated in context.,Generic filler,"The card substitutes a topic label into a repeated template; it does not state a discrete, source-supported engineering fact.",Rejected during recovery audit; not approved for publication.,"A page-specific, source-supported claim would be required.",solutions/compression-force-optimization.html,No source supplied in legacy card,2026-08-07,Yes,No
LEGACY-0531,Station-To-Station Variation,Station-To-Station Variation must be evaluated in context.,Generic filler,"The card substitutes a topic label into a repeated template; it does not state a discrete, source-supported engineering fact.",Rejected during recovery audit; not approved for publication.,"A page-specific, source-supported claim would be required.",solutions/compression-force-optimization.html,No source supplied in legacy card,2026-08-07,Yes,No
LEGACY-0532,Force-Feeder Interaction,Force-Feeder Interaction must be evaluated in context.,Generic filler,"The card substitutes a topic label into a repeated template; it does not state a discrete, source-supported engineering fact.",Rejected during recovery audit; not approved for publication.,"A page-specific, source-supported claim would be required.",solutions/compression-force-optimization.html,No source supplied in legacy card,2026-08-07,Yes,No
LEGACY-0533,Temperature Rise,Temperature Rise must be evaluated in context.,Generic filler,"The card substitutes a topic label into a repeated template; it does not state a discrete, source-supported engineering fact.",Rejected during recovery audit; not approved for publication.,"A page-specific, source-supported claim would be required.",solutions/compression-force-optimization.html,No source supplied in legacy card,2026-08-07,Yes,No
LEGACY-0534,Scale-Up,Scale-Up must be evaluated in context.,Generic filler,"The card substitutes a topic label into a repeated template; it does not state a discrete, source-supported engineering fact.",Rejected during recovery audit; not approved for publication.,"A page-specific, source-supported claim would be required.",solutions/compression-force-optimization.html,No source supplied in legacy card,2026-08-07,Yes,No
LEGACY-0535,Process Capability,Process Capability must be evaluated in context.,Generic filler,"The card substitutes a topic label into a repeated template; it does not state a discrete, source-supported engineering fact.",Rejected during recovery audit; not approved for publication.,"A page-specific, source-supported claim would be required.",solutions/compression-force-optimization.html,No source supplied in legacy card,2026-08-07,Yes,No
LEGACY-0536,Good-Batch Comparison,Good-Batch Comparison must be evaluated in context.,Generic filler,"The card substitutes a topic label into a repeated template; it does not state a discrete, source-supported engineering fact.",Rejected during recovery audit; not approved for publication.,"A page-specific, source-supported claim would be required.",solutions/compression-force-optimization.html,No source supplied in legacy card,2026-08-07,Yes,No
LEGACY-0537,One-Variable Trials,One-Variable Trials must be evaluated in context.,Generic filler,"The card substitutes a topic label into a repeated template; it does not state a discrete, source-supported engineering fact.",Rejected during recovery audit; not approved for publication.,"A page-specific, source-supported claim would be required.",solutions/compression-force-optimization.html,No source supplied in legacy card,2026-08-07,Yes,No
LEGACY-0538,Force-Monitoring Systems,Force-Monitoring Systems must be evaluated in context.,Generic filler,"The card substitutes a topic label into a repeated template; it does not state a discrete, source-supported engineering fact.",Rejected during recovery audit; not approved for publication.,"A page-specific, source-supported claim would be required.",solutions/compression-force-optimization.html,No source supplied in legacy card,2026-08-07,Yes,No
LEGACY-0539,Acceptance Ranges,Acceptance Ranges must be evaluated in context.,Generic filler,"The card substitutes a topic label into a repeated template; it does not state a discrete, source-supported engineering fact.",Rejected during recovery audit; not approved for publication.,"A page-specific, source-supported claim would be required.",solutions/compression-force-optimization.html,No source supplied in legacy card,2026-08-07,Yes,No
LEGACY-0540,Manufacturer Validation,Manufacturer Validation must be evaluated in context.,Generic filler,"The card substitutes a topic label into a repeated template; it does not state a discrete, source-supported engineering fact.",Rejected during recovery audit; not approved for publication.,"A page-specific, source-supported claim would be required.",solutions/compression-force-optimization.html,No source supplied in legacy card,2026-08-07,Yes,No
LEGACY-0541,Dwell-Time Definition,Dwell-Time Definition must be evaluated in context.,Generic filler,"The card substitutes a topic label into a repeated template; it does not state a discrete, source-supported engineering fact.",Rejected during recovery audit; not approved for publication.,"A page-specific, source-supported claim would be required.",solutions/dwell-time-optimization.html,No source supplied in legacy card,2026-08-07,Yes,No
LEGACY-0542,Punch-Head Flat,Punch-Head Flat must be evaluated in context.,Generic filler,"The card substitutes a topic label into a repeated template; it does not state a discrete, source-supported engineering fact.",Rejected during recovery audit; not approved for publication.,"A page-specific, source-supported claim would be required.",solutions/dwell-time-optimization.html,No source supplied in legacy card,2026-08-07,Yes,No
LEGACY-0543,Turret Speed,Turret Speed must be evaluated in context.,Generic filler,"The card substitutes a topic label into a repeated template; it does not state a discrete, source-supported engineering fact.",Rejected during recovery audit; not approved for publication.,"A page-specific, source-supported claim would be required.",solutions/dwell-time-optimization.html,No source supplied in legacy card,2026-08-07,Yes,No
LEGACY-0544,Compression-Roll Diameter,Compression-Roll Diameter must be evaluated in context.,Generic filler,"The card substitutes a topic label into a repeated template; it does not state a discrete, source-supported engineering fact.",Rejected during recovery audit; not approved for publication.,"A page-specific, source-supported claim would be required.",solutions/dwell-time-optimization.html,No source supplied in legacy card,2026-08-07,Yes,No
LEGACY-0545,Precompression Dwell,Precompression Dwell must be evaluated in context.,Generic filler,"The card substitutes a topic label into a repeated template; it does not state a discrete, source-supported engineering fact.",Rejected during recovery audit; not approved for publication.,"A page-specific, source-supported claim would be required.",solutions/dwell-time-optimization.html,No source supplied in legacy card,2026-08-07,Yes,No
LEGACY-0546,Main-Compression Dwell,Main-Compression Dwell must be evaluated in context.,Generic filler,"The card substitutes a topic label into a repeated template; it does not state a discrete, source-supported engineering fact.",Rejected during recovery audit; not approved for publication.,"A page-specific, source-supported claim would be required.",solutions/dwell-time-optimization.html,No source supplied in legacy card,2026-08-07,Yes,No
LEGACY-0547,Plastic Deformation,Plastic Deformation must be evaluated in context.,Generic filler,"The card substitutes a topic label into a repeated template; it does not state a discrete, source-supported engineering fact.",Rejected during recovery audit; not approved for publication.,"A page-specific, source-supported claim would be required.",solutions/dwell-time-optimization.html,No source supplied in legacy card,2026-08-07,Yes,No
LEGACY-0548,Elastic Recovery,Elastic Recovery must be evaluated in context.,Generic filler,"The card substitutes a topic label into a repeated template; it does not state a discrete, source-supported engineering fact.",Rejected during recovery audit; not approved for publication.,"A page-specific, source-supported claim would be required.",solutions/dwell-time-optimization.html,No source supplied in legacy card,2026-08-07,Yes,No
LEGACY-0549,Brittle Fracture,Brittle Fracture must be evaluated in context.,Generic filler,"The card substitutes a topic label into a repeated template; it does not state a discrete, source-supported engineering fact.",Rejected during recovery audit; not approved for publication.,"A page-specific, source-supported claim would be required.",solutions/dwell-time-optimization.html,No source supplied in legacy card,2026-08-07,Yes,No
LEGACY-0550,Viscoelastic Behavior,Viscoelastic Behavior must be evaluated in context.,Generic filler,"The card substitutes a topic label into a repeated template; it does not state a discrete, source-supported engineering fact.",Rejected during recovery audit; not approved for publication.,"A page-specific, source-supported claim would be required.",solutions/dwell-time-optimization.html,No source supplied in legacy card,2026-08-07,Yes,No
LEGACY-0551,Particle Bonding,Particle Bonding must be evaluated in context.,Generic filler,"The card substitutes a topic label into a repeated template; it does not state a discrete, source-supported engineering fact.",Rejected during recovery audit; not approved for publication.,"A page-specific, source-supported claim would be required.",solutions/dwell-time-optimization.html,No source supplied in legacy card,2026-08-07,Yes,No
LEGACY-0552,Tablet Tensile Strength,Tablet Tensile Strength must be evaluated in context.,Generic filler,"The card substitutes a topic label into a repeated template; it does not state a discrete, source-supported engineering fact.",Rejected during recovery audit; not approved for publication.,"A page-specific, source-supported claim would be required.",solutions/dwell-time-optimization.html,No source supplied in legacy card,2026-08-07,Yes,No
LEGACY-0553,Tablet Hardness,Tablet Hardness must be evaluated in context.,Generic filler,"The card substitutes a topic label into a repeated template; it does not state a discrete, source-supported engineering fact.",Rejected during recovery audit; not approved for publication.,"A page-specific, source-supported claim would be required.",solutions/dwell-time-optimization.html,No source supplied in legacy card,2026-08-07,Yes,No
LEGACY-0554,Tablet Density,Tablet Density must be evaluated in context.,Generic filler,"The card substitutes a topic label into a repeated template; it does not state a discrete, source-supported engineering fact.",Rejected during recovery audit; not approved for publication.,"A page-specific, source-supported claim would be required.",solutions/dwell-time-optimization.html,No source supplied in legacy card,2026-08-07,Yes,No
LEGACY-0555,Tablet Thickness,Tablet Thickness must be evaluated in context.,Generic filler,"The card substitutes a topic label into a repeated template; it does not state a discrete, source-supported engineering fact.",Rejected during recovery audit; not approved for publication.,"A page-specific, source-supported claim would be required.",solutions/dwell-time-optimization.html,No source supplied in legacy card,2026-08-07,Yes,No
LEGACY-0556,Capping Risk,Capping Risk must be evaluated in context.,Generic filler,"The card substitutes a topic label into a repeated template; it does not state a discrete, source-supported engineering fact.",Rejected during recovery audit; not approved for publication.,"A page-specific, source-supported claim would be required.",solutions/dwell-time-optimization.html,No source supplied in legacy card,2026-08-07,Yes,No
LEGACY-0557,Lamination Risk,Lamination Risk must be evaluated in context.,Generic filler,"The card substitutes a topic label into a repeated template; it does not state a discrete, source-supported engineering fact.",Rejected during recovery audit; not approved for publication.,"A page-specific, source-supported claim would be required.",solutions/dwell-time-optimization.html,No source supplied in legacy card,2026-08-07,Yes,No
LEGACY-0558,Sticking Risk,Sticking Risk must be evaluated in context.,Generic filler,"The card substitutes a topic label into a repeated template; it does not state a discrete, source-supported engineering fact.",Rejected during recovery audit; not approved for publication.,"A page-specific, source-supported claim would be required.",solutions/dwell-time-optimization.html,No source supplied in legacy card,2026-08-07,Yes,No
LEGACY-0559,Picking Risk,Picking Risk must be evaluated in context.,Generic filler,"The card substitutes a topic label into a repeated template; it does not state a discrete, source-supported engineering fact.",Rejected during recovery audit; not approved for publication.,"A page-specific, source-supported claim would be required.",solutions/dwell-time-optimization.html,No source supplied in legacy card,2026-08-07,Yes,No
LEGACY-0560,Heat Generation,Heat Generation must be evaluated in context.,Generic filler,"The card substitutes a topic label into a repeated template; it does not state a discrete, source-supported engineering fact.",Rejected during recovery audit; not approved for publication.,"A page-specific, source-supported claim would be required.",solutions/dwell-time-optimization.html,No source supplied in legacy card,2026-08-07,Yes,No
LEGACY-0561,Formulation Moisture,Formulation Moisture must be evaluated in context.,Generic filler,"The card substitutes a topic label into a repeated template; it does not state a discrete, source-supported engineering fact.",Rejected during recovery audit; not approved for publication.,"A page-specific, source-supported claim would be required.",solutions/dwell-time-optimization.html,No source supplied in legacy card,2026-08-07,Yes,No
LEGACY-0562,Binder Behavior,Binder Behavior must be evaluated in context.,Generic filler,"The card substitutes a topic label into a repeated template; it does not state a discrete, source-supported engineering fact.",Rejected during recovery audit; not approved for publication.,"A page-specific, source-supported claim would be required.",solutions/dwell-time-optimization.html,No source supplied in legacy card,2026-08-07,Yes,No
LEGACY-0563,Lubricant Behavior,Lubricant Behavior must be evaluated in context.,Generic filler,"The card substitutes a topic label into a repeated template; it does not state a discrete, source-supported engineering fact.",Rejected during recovery audit; not approved for publication.,"A page-specific, source-supported claim would be required.",solutions/dwell-time-optimization.html,No source supplied in legacy card,2026-08-07,Yes,No
LEGACY-0564,Granulation Structure,Granulation Structure must be evaluated in context.,Generic filler,"The card substitutes a topic label into a repeated template; it does not state a discrete, source-supported engineering fact.",Rejected during recovery audit; not approved for publication.,"A page-specific, source-supported claim would be required.",solutions/dwell-time-optimization.html,No source supplied in legacy card,2026-08-07,Yes,No
LEGACY-0565,Particle-Size Distribution,Particle-Size Distribution must be evaluated in context.,Generic filler,"The card substitutes a topic label into a repeated template; it does not state a discrete, source-supported engineering fact.",Rejected during recovery audit; not approved for publication.,"A page-specific, source-supported claim would be required.",solutions/dwell-time-optimization.html,No source supplied in legacy card,2026-08-07,Yes,No
LEGACY-0566,Air Release,Air Release must be evaluated in context.,Generic filler,"The card substitutes a topic label into a repeated template; it does not state a discrete, source-supported engineering fact.",Rejected during recovery audit; not approved for publication.,"A page-specific, source-supported claim would be required.",solutions/dwell-time-optimization.html,No source supplied in legacy card,2026-08-07,Yes,No
LEGACY-0567,Force-Dwell Interaction,Force-Dwell Interaction must be evaluated in context.,Generic filler,"The card substitutes a topic label into a repeated template; it does not state a discrete, source-supported engineering fact.",Rejected during recovery audit; not approved for publication.,"A page-specific, source-supported claim would be required.",solutions/dwell-time-optimization.html,No source supplied in legacy card,2026-08-07,Yes,No
LEGACY-0568,High-Speed Production,High-Speed Production must be evaluated in context.,Generic filler,"The card substitutes a topic label into a repeated template; it does not state a discrete, source-supported engineering fact.",Rejected during recovery audit; not approved for publication.,"A page-specific, source-supported claim would be required.",solutions/dwell-time-optimization.html,No source supplied in legacy card,2026-08-07,Yes,No
LEGACY-0569,Scale-Up,Scale-Up must be evaluated in context.,Generic filler,"The card substitutes a topic label into a repeated template; it does not state a discrete, source-supported engineering fact.",Rejected during recovery audit; not approved for publication.,"A page-specific, source-supported claim would be required.",solutions/dwell-time-optimization.html,No source supplied in legacy card,2026-08-07,Yes,No
LEGACY-0570,Press-To-Press Transfer,Press-To-Press Transfer must be evaluated in context.,Generic filler,"The card substitutes a topic label into a repeated template; it does not state a discrete, source-supported engineering fact.",Rejected during recovery audit; not approved for publication.,"A page-specific, source-supported claim would be required.",solutions/dwell-time-optimization.html,No source supplied in legacy card,2026-08-07,Yes,No
LEGACY-0571,Tooling Standard Differences,Tooling Standard Differences must be evaluated in context.,Generic filler,"The card substitutes a topic label into a repeated template; it does not state a discrete, source-supported engineering fact.",Rejected during recovery audit; not approved for publication.,"A page-specific, source-supported claim would be required.",solutions/dwell-time-optimization.html,No source supplied in legacy card,2026-08-07,Yes,No
LEGACY-0572,Head-Profile Wear,Head-Profile Wear must be evaluated in context.,Generic filler,"The card substitutes a topic label into a repeated template; it does not state a discrete, source-supported engineering fact.",Rejected during recovery audit; not approved for publication.,"A page-specific, source-supported claim would be required.",solutions/dwell-time-optimization.html,No source supplied in legacy card,2026-08-07,Yes,No
LEGACY-0573,Cam Condition,Cam Condition must be evaluated in context.,Generic filler,"The card substitutes a topic label into a repeated template; it does not state a discrete, source-supported engineering fact.",Rejected during recovery audit; not approved for publication.,"A page-specific, source-supported claim would be required.",solutions/dwell-time-optimization.html,No source supplied in legacy card,2026-08-07,Yes,No
LEGACY-0574,Station Variation,Station Variation must be evaluated in context.,Generic filler,"The card substitutes a topic label into a repeated template; it does not state a discrete, source-supported engineering fact.",Rejected during recovery audit; not approved for publication.,"A page-specific, source-supported claim would be required.",solutions/dwell-time-optimization.html,No source supplied in legacy card,2026-08-07,Yes,No
LEGACY-0575,Temperature Accumulation,Temperature Accumulation must be evaluated in context.,Generic filler,"The card substitutes a topic label into a repeated template; it does not state a discrete, source-supported engineering fact.",Rejected during recovery audit; not approved for publication.,"A page-specific, source-supported claim would be required.",solutions/dwell-time-optimization.html,No source supplied in legacy card,2026-08-07,Yes,No
LEGACY-0576,Long-Run Stability,Long-Run Stability must be evaluated in context.,Generic filler,"The card substitutes a topic label into a repeated template; it does not state a discrete, source-supported engineering fact.",Rejected during recovery audit; not approved for publication.,"A page-specific, source-supported claim would be required.",solutions/dwell-time-optimization.html,No source supplied in legacy card,2026-08-07,Yes,No
LEGACY-0577,Tablet Relaxation,Tablet Relaxation must be evaluated in context.,Generic filler,"The card substitutes a topic label into a repeated template; it does not state a discrete, source-supported engineering fact.",Rejected during recovery audit; not approved for publication.,"A page-specific, source-supported claim would be required.",solutions/dwell-time-optimization.html,No source supplied in legacy card,2026-08-07,Yes,No
LEGACY-0578,Ejection Timing,Ejection Timing must be evaluated in context.,Generic filler,"The card substitutes a topic label into a repeated template; it does not state a discrete, source-supported engineering fact.",Rejected during recovery audit; not approved for publication.,"A page-specific, source-supported claim would be required.",solutions/dwell-time-optimization.html,No source supplied in legacy card,2026-08-07,Yes,No
LEGACY-0579,Good-Batch Comparison,Good-Batch Comparison must be evaluated in context.,Generic filler,"The card substitutes a topic label into a repeated template; it does not state a discrete, source-supported engineering fact.",Rejected during recovery audit; not approved for publication.,"A page-specific, source-supported claim would be required.",solutions/dwell-time-optimization.html,No source supplied in legacy card,2026-08-07,Yes,No
LEGACY-0580,Controlled Speed Trials,Controlled Speed Trials must be evaluated in context.,Generic filler,"The card substitutes a topic label into a repeated template; it does not state a discrete, source-supported engineering fact.",Rejected during recovery audit; not approved for publication.,"A page-specific, source-supported claim would be required.",solutions/dwell-time-optimization.html,No source supplied in legacy card,2026-08-07,Yes,No
LEGACY-0581,Process Window,Process Window must be evaluated in context.,Generic filler,"The card substitutes a topic label into a repeated template; it does not state a discrete, source-supported engineering fact.",Rejected during recovery audit; not approved for publication.,"A page-specific, source-supported claim would be required.",solutions/dwell-time-optimization.html,No source supplied in legacy card,2026-08-07,Yes,No
LEGACY-0582,Monitoring Strategy,Monitoring Strategy must be evaluated in context.,Generic filler,"The card substitutes a topic label into a repeated template; it does not state a discrete, source-supported engineering fact.",Rejected during recovery audit; not approved for publication.,"A page-specific, source-supported claim would be required.",solutions/dwell-time-optimization.html,No source supplied in legacy card,2026-08-07,Yes,No
LEGACY-0583,Equipment Limitations,Equipment Limitations must be evaluated in context.,Generic filler,"The card substitutes a topic label into a repeated template; it does not state a discrete, source-supported engineering fact.",Rejected during recovery audit; not approved for publication.,"A page-specific, source-supported claim would be required.",solutions/dwell-time-optimization.html,No source supplied in legacy card,2026-08-07,Yes,No
LEGACY-0584,Change Control,Change Control must be evaluated in context.,Generic filler,"The card substitutes a topic label into a repeated template; it does not state a discrete, source-supported engineering fact.",Rejected during recovery audit; not approved for publication.,"A page-specific, source-supported claim would be required.",solutions/dwell-time-optimization.html,No source supplied in legacy card,2026-08-07,Yes,No
LEGACY-0585,Manufacturer Validation,Manufacturer Validation must be evaluated in context.,Generic filler,"The card substitutes a topic label into a repeated template; it does not state a discrete, source-supported engineering fact.",Rejected during recovery audit; not approved for publication.,"A page-specific, source-supported claim would be required.",solutions/dwell-time-optimization.html,No source supplied in legacy card,2026-08-07,Yes,No
LEGACY-0586,Tablet binding is difficult movement against the die wall.,Tablet binding is difficult movement against the die wall.,Generic filler,"The card substitutes a topic label into a repeated template; it does not state a discrete, source-supported engineering fact.",Rejected during recovery audit; not approved for publication.,"A page-specific, source-supported claim would be required.",solutions/tablet-binding.html,No source supplied in legacy card,2026-08-07,Yes,No
LEGACY-0587,Die-wall friction is central to binding.,Die-wall friction is central to binding.,Generic filler,"The card substitutes a topic label into a repeated template; it does not state a discrete, source-supported engineering fact.",Rejected during recovery audit; not approved for publication.,"A page-specific, source-supported claim would be required.",solutions/tablet-binding.html,No source supplied in legacy card,2026-08-07,Yes,No
LEGACY-0588,Lubrication strongly influences binding.,Lubrication strongly influences binding.,Generic filler,"The card substitutes a topic label into a repeated template; it does not state a discrete, source-supported engineering fact.",Rejected during recovery audit; not approved for publication.,"A page-specific, source-supported claim would be required.",solutions/tablet-binding.html,No source supplied in legacy card,2026-08-07,Yes,No
LEGACY-0589,Under-lubrication can increase ejection force.,Under-lubrication can increase ejection force.,Generic filler,"The card substitutes a topic label into a repeated template; it does not state a discrete, source-supported engineering fact.",Rejected during recovery audit; not approved for publication.,"A page-specific, source-supported claim would be required.",solutions/tablet-binding.html,No source supplied in legacy card,2026-08-07,Yes,No
LEGACY-0590,Over-lubrication can weaken tablets.,Over-lubrication can weaken tablets.,Generic filler,"The card substitutes a topic label into a repeated template; it does not state a discrete, source-supported engineering fact.",Rejected during recovery audit; not approved for publication.,"A page-specific, source-supported claim would be required.",solutions/tablet-binding.html,No source supplied in legacy card,2026-08-07,Yes,No
LEGACY-0591,Die-bore roughness can increase resistance.,Die-bore roughness can increase resistance.,Generic filler,"The card substitutes a topic label into a repeated template; it does not state a discrete, source-supported engineering fact.",Rejected during recovery audit; not approved for publication.,"A page-specific, source-supported claim would be required.",solutions/tablet-binding.html,No source supplied in legacy card,2026-08-07,Yes,No
LEGACY-0592,Die-bore dimensional change matters.,Die-bore dimensional change matters.,Generic filler,"The card substitutes a topic label into a repeated template; it does not state a discrete, source-supported engineering fact.",Rejected during recovery audit; not approved for publication.,"A page-specific, source-supported claim would be required.",solutions/tablet-binding.html,No source supplied in legacy card,2026-08-07,Yes,No
LEGACY-0593,Product buildup can narrow the effective bore.,Product buildup can narrow the effective bore.,Generic filler,"The card substitutes a topic label into a repeated template; it does not state a discrete, source-supported engineering fact.",Rejected during recovery audit; not approved for publication.,"A page-specific, source-supported claim would be required.",solutions/tablet-binding.html,No source supplied in legacy card,2026-08-07,Yes,No
LEGACY-0594,Moisture can change wall friction.,Moisture can change wall friction.,Generic filler,"The card substitutes a topic label into a repeated template; it does not state a discrete, source-supported engineering fact.",Rejected during recovery audit; not approved for publication.,"A page-specific, source-supported claim would be required.",solutions/tablet-binding.html,No source supplied in legacy card,2026-08-07,Yes,No
LEGACY-0595,Heat can increase binding.,Heat can increase binding.,Generic filler,"The card substitutes a topic label into a repeated template; it does not state a discrete, source-supported engineering fact.",Rejected during recovery audit; not approved for publication.,"A page-specific, source-supported claim would be required.",solutions/tablet-binding.html,No source supplied in legacy card,2026-08-07,Yes,No
LEGACY-0596,Press speed affects ejection dynamics.,Press speed affects ejection dynamics.,Generic filler,"The card substitutes a topic label into a repeated template; it does not state a discrete, source-supported engineering fact.",Rejected during recovery audit; not approved for publication.,"A page-specific, source-supported claim would be required.",solutions/tablet-binding.html,No source supplied in legacy card,2026-08-07,Yes,No
LEGACY-0597,Compression force can increase radial pressure.,Compression force can increase radial pressure.,Generic filler,"The card substitutes a topic label into a repeated template; it does not state a discrete, source-supported engineering fact.",Rejected during recovery audit; not approved for publication.,"A page-specific, source-supported claim would be required.",solutions/tablet-binding.html,No source supplied in legacy card,2026-08-07,Yes,No
LEGACY-0598,Dwell time influences deformation.,Dwell time influences deformation.,Generic filler,"The card substitutes a topic label into a repeated template; it does not state a discrete, source-supported engineering fact.",Rejected during recovery audit; not approved for publication.,"A page-specific, source-supported claim would be required.",solutions/tablet-binding.html,No source supplied in legacy card,2026-08-07,Yes,No
LEGACY-0599,Elastic recovery can increase die-wall pressure.,Elastic recovery can increase die-wall pressure.,Generic filler,"The card substitutes a topic label into a repeated template; it does not state a discrete, source-supported engineering fact.",Rejected during recovery audit; not approved for publication.,"A page-specific, source-supported claim would be required.",solutions/tablet-binding.html,No source supplied in legacy card,2026-08-07,Yes,No
LEGACY-0600,Granule size affects lubrication and contact.,Granule size affects lubrication and contact.,Generic filler,"The card substitutes a topic label into a repeated template; it does not state a discrete, source-supported engineering fact.",Rejected during recovery audit; not approved for publication.,"A page-specific, source-supported claim would be required.",solutions/tablet-binding.html,No source supplied in legacy card,2026-08-07,Yes,No
LEGACY-0601,Binder type can influence tackiness.,Binder type can influence tackiness.,Generic filler,"The card substitutes a topic label into a repeated template; it does not state a discrete, source-supported engineering fact.",Rejected during recovery audit; not approved for publication.,"A page-specific, source-supported claim would be required.",solutions/tablet-binding.html,No source supplied in legacy card,2026-08-07,Yes,No
LEGACY-0602,Feed variation can change tablet density.,Feed variation can change tablet density.,Generic filler,"The card substitutes a topic label into a repeated template; it does not state a discrete, source-supported engineering fact.",Rejected during recovery audit; not approved for publication.,"A page-specific, source-supported claim would be required.",solutions/tablet-binding.html,No source supplied in legacy card,2026-08-07,Yes,No
LEGACY-0603,Die taper or geometry matters.,Die taper or geometry matters.,Generic filler,"The card substitutes a topic label into a repeated template; it does not state a discrete, source-supported engineering fact.",Rejected during recovery audit; not approved for publication.,"A page-specific, source-supported claim would be required.",solutions/tablet-binding.html,No source supplied in legacy card,2026-08-07,Yes,No
LEGACY-0604,Punch-die alignment affects binding.,Punch-die alignment affects binding.,Generic filler,"The card substitutes a topic label into a repeated template; it does not state a discrete, source-supported engineering fact.",Rejected during recovery audit; not approved for publication.,"A page-specific, source-supported claim would be required.",solutions/tablet-binding.html,No source supplied in legacy card,2026-08-07,Yes,No
LEGACY-0605,Station-specific binding suggests local die or press issues.,Station-specific binding suggests local die or press issues.,Generic filler,"The card substitutes a topic label into a repeated template; it does not state a discrete, source-supported engineering fact.",Rejected during recovery audit; not approved for publication.,"A page-specific, source-supported claim would be required.",solutions/tablet-binding.html,No source supplied in legacy card,2026-08-07,Yes,No
LEGACY-0606,Set-wide binding suggests broader formulation or setup causes.,Set-wide binding suggests broader formulation or setup causes.,Generic filler,"The card substitutes a topic label into a repeated template; it does not state a discrete, source-supported engineering fact.",Rejected during recovery audit; not approved for publication.,"A page-specific, source-supported claim would be required.",solutions/tablet-binding.html,No source supplied in legacy card,2026-08-07,Yes,No
LEGACY-0607,Sidewall scoring is a useful clue.,Sidewall scoring is a useful clue.,Generic filler,"The card substitutes a topic label into a repeated template; it does not state a discrete, source-supported engineering fact.",Rejected during recovery audit; not approved for publication.,"A page-specific, source-supported claim would be required.",solutions/tablet-binding.html,No source supplied in legacy card,2026-08-07,Yes,No
LEGACY-0608,High ejection force can damage tablets.,High ejection force can damage tablets.,Generic filler,"The card substitutes a topic label into a repeated template; it does not state a discrete, source-supported engineering fact.",Rejected during recovery audit; not approved for publication.,"A page-specific, source-supported claim would be required.",solutions/tablet-binding.html,No source supplied in legacy card,2026-08-07,Yes,No
LEGACY-0609,Cleaning residue can increase die-wall friction.,Cleaning residue can increase die-wall friction.,Generic filler,"The card substitutes a topic label into a repeated template; it does not state a discrete, source-supported engineering fact.",Rejected during recovery audit; not approved for publication.,"A page-specific, source-supported claim would be required.",solutions/tablet-binding.html,No source supplied in legacy card,2026-08-07,Yes,No
LEGACY-0610,Abrasive cleaning can scratch die bores.,Abrasive cleaning can scratch die bores.,Generic filler,"The card substitutes a topic label into a repeated template; it does not state a discrete, source-supported engineering fact.",Rejected during recovery audit; not approved for publication.,"A page-specific, source-supported claim would be required.",solutions/tablet-binding.html,No source supplied in legacy card,2026-08-07,Yes,No
LEGACY-0611,Die polishing must preserve dimensions.,Die polishing must preserve dimensions.,Generic filler,"The card substitutes a topic label into a repeated template; it does not state a discrete, source-supported engineering fact.",Rejected during recovery audit; not approved for publication.,"A page-specific, source-supported claim would be required.",solutions/tablet-binding.html,No source supplied in legacy card,2026-08-07,Yes,No
LEGACY-0612,Coatings may alter wear or friction.,Coatings may alter wear or friction.,Generic filler,"The card substitutes a topic label into a repeated template; it does not state a discrete, source-supported engineering fact.",Rejected during recovery audit; not approved for publication.,"A page-specific, source-supported claim would be required.",solutions/tablet-binding.html,No source supplied in legacy card,2026-08-07,Yes,No
LEGACY-0613,A coating cannot fix poor lubrication.,A coating cannot fix poor lubrication.,Generic filler,"The card substitutes a topic label into a repeated template; it does not state a discrete, source-supported engineering fact.",Rejected during recovery audit; not approved for publication.,"A page-specific, source-supported claim would be required.",solutions/tablet-binding.html,No source supplied in legacy card,2026-08-07,Yes,No
LEGACY-0614,Coating damage can worsen binding.,Coating damage can worsen binding.,Generic filler,"The card substitutes a topic label into a repeated template; it does not state a discrete, source-supported engineering fact.",Rejected during recovery audit; not approved for publication.,"A page-specific, source-supported claim would be required.",solutions/tablet-binding.html,No source supplied in legacy card,2026-08-07,Yes,No
LEGACY-0615,Restoration may help recoverable die damage.,Restoration may help recoverable die damage.,Generic filler,"The card substitutes a topic label into a repeated template; it does not state a discrete, source-supported engineering fact.",Rejected during recovery audit; not approved for publication.,"A page-specific, source-supported claim would be required.",solutions/tablet-binding.html,No source supplied in legacy card,2026-08-07,Yes,No
LEGACY-0616,Replacement may be necessary for severe die wear.,Replacement may be necessary for severe die wear.,Generic filler,"The card substitutes a topic label into a repeated template; it does not state a discrete, source-supported engineering fact.",Rejected during recovery audit; not approved for publication.,"A page-specific, source-supported claim would be required.",solutions/tablet-binding.html,No source supplied in legacy card,2026-08-07,Yes,No
LEGACY-0617,Ejection-force trends are stronger than single readings.,Ejection-force trends are stronger than single readings.,Generic filler,"The card substitutes a topic label into a repeated template; it does not state a discrete, source-supported engineering fact.",Rejected during recovery audit; not approved for publication.,"A page-specific, source-supported claim would be required.",solutions/tablet-binding.html,No source supplied in legacy card,2026-08-07,Yes,No
LEGACY-0618,Good-batch comparison improves diagnosis.,Good-batch comparison improves diagnosis.,Generic filler,"The card substitutes a topic label into a repeated template; it does not state a discrete, source-supported engineering fact.",Rejected during recovery audit; not approved for publication.,"A page-specific, source-supported claim would be required.",solutions/tablet-binding.html,No source supplied in legacy card,2026-08-07,Yes,No
LEGACY-0619,One-variable trials reduce ambiguity.,One-variable trials reduce ambiguity.,Generic filler,"The card substitutes a topic label into a repeated template; it does not state a discrete, source-supported engineering fact.",Rejected during recovery audit; not approved for publication.,"A page-specific, source-supported claim would be required.",solutions/tablet-binding.html,No source supplied in legacy card,2026-08-07,Yes,No
LEGACY-0620,Hold time can affect lubricant and moisture behavior.,Hold time can affect lubricant and moisture behavior.,Generic filler,"The card substitutes a topic label into a repeated template; it does not state a discrete, source-supported engineering fact.",Rejected during recovery audit; not approved for publication.,"A page-specific, source-supported claim would be required.",solutions/tablet-binding.html,No source supplied in legacy card,2026-08-07,Yes,No
LEGACY-0621,Humidity can alter binding risk.,Humidity can alter binding risk.,Generic filler,"The card substitutes a topic label into a repeated template; it does not state a discrete, source-supported engineering fact.",Rejected during recovery audit; not approved for publication.,"A page-specific, source-supported claim would be required.",solutions/tablet-binding.html,No source supplied in legacy card,2026-08-07,Yes,No
LEGACY-0622,Tooling temperature may vary by station.,Tooling temperature may vary by station.,Generic filler,"The card substitutes a topic label into a repeated template; it does not state a discrete, source-supported engineering fact.",Rejected during recovery audit; not approved for publication.,"A page-specific, source-supported claim would be required.",solutions/tablet-binding.html,No source supplied in legacy card,2026-08-07,Yes,No
LEGACY-0623,Press lubrication and guide condition also matter.,Press lubrication and guide condition also matter.,Generic filler,"The card substitutes a topic label into a repeated template; it does not state a discrete, source-supported engineering fact.",Rejected during recovery audit; not approved for publication.,"A page-specific, source-supported claim would be required.",solutions/tablet-binding.html,No source supplied in legacy card,2026-08-07,Yes,No
LEGACY-0624,Binding terminology should be shared across teams.,Binding terminology should be shared across teams.,Generic filler,"The card substitutes a topic label into a repeated template; it does not state a discrete, source-supported engineering fact.",Rejected during recovery audit; not approved for publication.,"A page-specific, source-supported claim would be required.",solutions/tablet-binding.html,No source supplied in legacy card,2026-08-07,Yes,No
LEGACY-0625,Tablet sidewall images support diagnosis.,Tablet sidewall images support diagnosis.,Generic filler,"The card substitutes a topic label into a repeated template; it does not state a discrete, source-supported engineering fact.",Rejected during recovery audit; not approved for publication.,"A page-specific, source-supported claim would be required.",solutions/tablet-binding.html,No source supplied in legacy card,2026-08-07,Yes,No
LEGACY-0626,Die identity should remain traceable.,Die identity should remain traceable.,Generic filler,"The card substitutes a topic label into a repeated template; it does not state a discrete, source-supported engineering fact.",Rejected during recovery audit; not approved for publication.,"A page-specific, source-supported claim would be required.",solutions/tablet-binding.html,No source supplied in legacy card,2026-08-07,Yes,No
LEGACY-0627,Maintenance intervals should reflect risk.,Maintenance intervals should reflect risk.,Generic filler,"The card substitutes a topic label into a repeated template; it does not state a discrete, source-supported engineering fact.",Rejected during recovery audit; not approved for publication.,"A page-specific, source-supported claim would be required.",solutions/tablet-binding.html,No source supplied in legacy card,2026-08-07,Yes,No
LEGACY-0628,Documentation supports recurrence control.,Documentation supports recurrence control.,Generic filler,"The card substitutes a topic label into a repeated template; it does not state a discrete, source-supported engineering fact.",Rejected during recovery audit; not approved for publication.,"A page-specific, source-supported claim would be required.",solutions/tablet-binding.html,No source supplied in legacy card,2026-08-07,Yes,No
LEGACY-0629,The best binding solution is application-specific.,The best binding solution is application-specific.,Generic filler,"The card substitutes a topic label into a repeated template; it does not state a discrete, source-supported engineering fact.",Rejected during recovery audit; not approved for publication.,"A page-specific, source-supported claim would be required.",solutions/tablet-binding.html,No source supplied in legacy card,2026-08-07,Yes,No
LEGACY-0630,Binding investigations should include the full ejection system.,Binding investigations should include the full ejection system.,Generic filler,"The card substitutes a topic label into a repeated template; it does not state a discrete, source-supported engineering fact.",Rejected during recovery audit; not approved for publication.,"A page-specific, source-supported claim would be required.",solutions/tablet-binding.html,No source supplied in legacy card,2026-08-07,Yes,No
LEGACY-0631,Tablet capping is separation of a tablet crown.,Tablet capping is separation of a tablet crown.,Generic filler,"The card substitutes a topic label into a repeated template; it does not state a discrete, source-supported engineering fact.",Rejected during recovery audit; not approved for publication.,"A page-specific, source-supported claim would be required.",solutions/tablet-capping.html,No source supplied in legacy card,2026-08-07,Yes,No
LEGACY-0632,Air entrapment can contribute to capping.,Air entrapment can contribute to capping.,Generic filler,"The card substitutes a topic label into a repeated template; it does not state a discrete, source-supported engineering fact.",Rejected during recovery audit; not approved for publication.,"A page-specific, source-supported claim would be required.",solutions/tablet-capping.html,No source supplied in legacy card,2026-08-07,Yes,No
LEGACY-0633,High press speed can increase capping risk.,High press speed can increase capping risk.,Generic filler,"The card substitutes a topic label into a repeated template; it does not state a discrete, source-supported engineering fact.",Rejected during recovery audit; not approved for publication.,"A page-specific, source-supported claim would be required.",solutions/tablet-capping.html,No source supplied in legacy card,2026-08-07,Yes,No
LEGACY-0634,Insufficient precompression may leave trapped air.,Insufficient precompression may leave trapped air.,Generic filler,"The card substitutes a topic label into a repeated template; it does not state a discrete, source-supported engineering fact.",Rejected during recovery audit; not approved for publication.,"A page-specific, source-supported claim would be required.",solutions/tablet-capping.html,No source supplied in legacy card,2026-08-07,Yes,No
LEGACY-0635,Excessive compression force can worsen elastic recovery.,Excessive compression force can worsen elastic recovery.,Generic filler,"The card substitutes a topic label into a repeated template; it does not state a discrete, source-supported engineering fact.",Rejected during recovery audit; not approved for publication.,"A page-specific, source-supported claim would be required.",solutions/tablet-capping.html,No source supplied in legacy card,2026-08-07,Yes,No
LEGACY-0636,Low compression force can also produce weak crowns.,Low compression force can also produce weak crowns.,Generic filler,"The card substitutes a topic label into a repeated template; it does not state a discrete, source-supported engineering fact.",Rejected during recovery audit; not approved for publication.,"A page-specific, source-supported claim would be required.",solutions/tablet-capping.html,No source supplied in legacy card,2026-08-07,Yes,No
LEGACY-0637,Dwell time influences bonding and recovery.,Dwell time influences bonding and recovery.,Generic filler,"The card substitutes a topic label into a repeated template; it does not state a discrete, source-supported engineering fact.",Rejected during recovery audit; not approved for publication.,"A page-specific, source-supported claim would be required.",solutions/tablet-capping.html,No source supplied in legacy card,2026-08-07,Yes,No
LEGACY-0638,Granule size distribution affects capping.,Granule size distribution affects capping.,Generic filler,"The card substitutes a topic label into a repeated template; it does not state a discrete, source-supported engineering fact.",Rejected during recovery audit; not approved for publication.,"A page-specific, source-supported claim would be required.",solutions/tablet-capping.html,No source supplied in legacy card,2026-08-07,Yes,No
LEGACY-0639,Over-dry granulation can reduce plasticity.,Over-dry granulation can reduce plasticity.,Generic filler,"The card substitutes a topic label into a repeated template; it does not state a discrete, source-supported engineering fact.",Rejected during recovery audit; not approved for publication.,"A page-specific, source-supported claim would be required.",solutions/tablet-capping.html,No source supplied in legacy card,2026-08-07,Yes,No
LEGACY-0640,Excess moisture can also affect structure.,Excess moisture can also affect structure.,Generic filler,"The card substitutes a topic label into a repeated template; it does not state a discrete, source-supported engineering fact.",Rejected during recovery audit; not approved for publication.,"A page-specific, source-supported claim would be required.",solutions/tablet-capping.html,No source supplied in legacy card,2026-08-07,Yes,No
LEGACY-0641,Binder level influences crown strength.,Binder level influences crown strength.,Generic filler,"The card substitutes a topic label into a repeated template; it does not state a discrete, source-supported engineering fact.",Rejected during recovery audit; not approved for publication.,"A page-specific, source-supported claim would be required.",solutions/tablet-capping.html,No source supplied in legacy card,2026-08-07,Yes,No
LEGACY-0642,Lubricant over-blending can weaken tablets.,Lubricant over-blending can weaken tablets.,Generic filler,"The card substitutes a topic label into a repeated template; it does not state a discrete, source-supported engineering fact.",Rejected during recovery audit; not approved for publication.,"A page-specific, source-supported claim would be required.",solutions/tablet-capping.html,No source supplied in legacy card,2026-08-07,Yes,No
LEGACY-0643,Lubricant under-blending can increase ejection stress.,Lubricant under-blending can increase ejection stress.,Generic filler,"The card substitutes a topic label into a repeated template; it does not state a discrete, source-supported engineering fact.",Rejected during recovery audit; not approved for publication.,"A page-specific, source-supported claim would be required.",solutions/tablet-capping.html,No source supplied in legacy card,2026-08-07,Yes,No
LEGACY-0644,Die-wall friction can promote crown separation.,Die-wall friction can promote crown separation.,Generic filler,"The card substitutes a topic label into a repeated template; it does not state a discrete, source-supported engineering fact.",Rejected during recovery audit; not approved for publication.,"A page-specific, source-supported claim would be required.",solutions/tablet-capping.html,No source supplied in legacy card,2026-08-07,Yes,No
LEGACY-0645,Punch cup depth affects stress distribution.,Punch cup depth affects stress distribution.,Generic filler,"The card substitutes a topic label into a repeated template; it does not state a discrete, source-supported engineering fact.",Rejected during recovery audit; not approved for publication.,"A page-specific, source-supported claim would be required.",solutions/tablet-capping.html,No source supplied in legacy card,2026-08-07,Yes,No
LEGACY-0646,Cup profile transitions matter.,Cup profile transitions matter.,Generic filler,"The card substitutes a topic label into a repeated template; it does not state a discrete, source-supported engineering fact.",Rejected during recovery audit; not approved for publication.,"A page-specific, source-supported claim would be required.",solutions/tablet-capping.html,No source supplied in legacy card,2026-08-07,Yes,No
LEGACY-0647,Land width can influence tablet edge support.,Land width can influence tablet edge support.,Generic filler,"The card substitutes a topic label into a repeated template; it does not state a discrete, source-supported engineering fact.",Rejected during recovery audit; not approved for publication.,"A page-specific, source-supported claim would be required.",solutions/tablet-capping.html,No source supplied in legacy card,2026-08-07,Yes,No
LEGACY-0648,Worn dies can change compaction behavior.,Worn dies can change compaction behavior.,Generic filler,"The card substitutes a topic label into a repeated template; it does not state a discrete, source-supported engineering fact.",Rejected during recovery audit; not approved for publication.,"A page-specific, source-supported claim would be required.",solutions/tablet-capping.html,No source supplied in legacy card,2026-08-07,Yes,No
LEGACY-0649,Worn punch tips can change force distribution.,Worn punch tips can change force distribution.,Generic filler,"The card substitutes a topic label into a repeated template; it does not state a discrete, source-supported engineering fact.",Rejected during recovery audit; not approved for publication.,"A page-specific, source-supported claim would be required.",solutions/tablet-capping.html,No source supplied in legacy card,2026-08-07,Yes,No
LEGACY-0650,Misalignment can create uneven loading.,Misalignment can create uneven loading.,Generic filler,"The card substitutes a topic label into a repeated template; it does not state a discrete, source-supported engineering fact.",Rejected during recovery audit; not approved for publication.,"A page-specific, source-supported claim would be required.",solutions/tablet-capping.html,No source supplied in legacy card,2026-08-07,Yes,No
LEGACY-0651,Station-specific capping suggests local factors.,Station-specific capping suggests local factors.,Generic filler,"The card substitutes a topic label into a repeated template; it does not state a discrete, source-supported engineering fact.",Rejected during recovery audit; not approved for publication.,"A page-specific, source-supported claim would be required.",solutions/tablet-capping.html,No source supplied in legacy card,2026-08-07,Yes,No
LEGACY-0652,Set-wide capping suggests systemic factors.,Set-wide capping suggests systemic factors.,Generic filler,"The card substitutes a topic label into a repeated template; it does not state a discrete, source-supported engineering fact.",Rejected during recovery audit; not approved for publication.,"A page-specific, source-supported claim would be required.",solutions/tablet-capping.html,No source supplied in legacy card,2026-08-07,Yes,No
LEGACY-0653,Capping may appear after ejection.,Capping may appear after ejection.,Generic filler,"The card substitutes a topic label into a repeated template; it does not state a discrete, source-supported engineering fact.",Rejected during recovery audit; not approved for publication.,"A page-specific, source-supported claim would be required.",solutions/tablet-capping.html,No source supplied in legacy card,2026-08-07,Yes,No
LEGACY-0654,Capping can be confused with lamination.,Capping can be confused with lamination.,Generic filler,"The card substitutes a topic label into a repeated template; it does not state a discrete, source-supported engineering fact.",Rejected during recovery audit; not approved for publication.,"A page-specific, source-supported claim would be required.",solutions/tablet-capping.html,No source supplied in legacy card,2026-08-07,Yes,No
LEGACY-0655,Capping can be product-specific.,Capping can be product-specific.,Generic filler,"The card substitutes a topic label into a repeated template; it does not state a discrete, source-supported engineering fact.",Rejected during recovery audit; not approved for publication.,"A page-specific, source-supported claim would be required.",solutions/tablet-capping.html,No source supplied in legacy card,2026-08-07,Yes,No
LEGACY-0656,Feed consistency affects capping.,Feed consistency affects capping.,Generic filler,"The card substitutes a topic label into a repeated template; it does not state a discrete, source-supported engineering fact.",Rejected during recovery audit; not approved for publication.,"A page-specific, source-supported claim would be required.",solutions/tablet-capping.html,No source supplied in legacy card,2026-08-07,Yes,No
LEGACY-0657,Particle deformation mode matters.,Particle deformation mode matters.,Generic filler,"The card substitutes a topic label into a repeated template; it does not state a discrete, source-supported engineering fact.",Rejected during recovery audit; not approved for publication.,"A page-specific, source-supported claim would be required.",solutions/tablet-capping.html,No source supplied in legacy card,2026-08-07,Yes,No
LEGACY-0658,Elastic recovery can continue after compression.,Elastic recovery can continue after compression.,Generic filler,"The card substitutes a topic label into a repeated template; it does not state a discrete, source-supported engineering fact.",Rejected during recovery audit; not approved for publication.,"A page-specific, source-supported claim would be required.",solutions/tablet-capping.html,No source supplied in legacy card,2026-08-07,Yes,No
LEGACY-0659,Temperature can alter formulation response.,Temperature can alter formulation response.,Generic filler,"The card substitutes a topic label into a repeated template; it does not state a discrete, source-supported engineering fact.",Rejected during recovery audit; not approved for publication.,"A page-specific, source-supported claim would be required.",solutions/tablet-capping.html,No source supplied in legacy card,2026-08-07,Yes,No
LEGACY-0660,Humidity can change compaction performance.,Humidity can change compaction performance.,Generic filler,"The card substitutes a topic label into a repeated template; it does not state a discrete, source-supported engineering fact.",Rejected during recovery audit; not approved for publication.,"A page-specific, source-supported claim would be required.",solutions/tablet-capping.html,No source supplied in legacy card,2026-08-07,Yes,No
LEGACY-0661,Tooling coatings do not directly solve all capping.,Tooling coatings do not directly solve all capping.,Generic filler,"The card substitutes a topic label into a repeated template; it does not state a discrete, source-supported engineering fact.",Rejected during recovery audit; not approved for publication.,"A page-specific, source-supported claim would be required.",solutions/tablet-capping.html,No source supplied in legacy card,2026-08-07,Yes,No
LEGACY-0662,Punch polishing may help only in specific cases.,Punch polishing may help only in specific cases.,Generic filler,"The card substitutes a topic label into a repeated template; it does not state a discrete, source-supported engineering fact.",Rejected during recovery audit; not approved for publication.,"A page-specific, source-supported claim would be required.",solutions/tablet-capping.html,No source supplied in legacy card,2026-08-07,Yes,No
LEGACY-0663,Capping investigations need tablet cross-sections.,Capping investigations need tablet cross-sections.,Generic filler,"The card substitutes a topic label into a repeated template; it does not state a discrete, source-supported engineering fact.",Rejected during recovery audit; not approved for publication.,"A page-specific, source-supported claim would be required.",solutions/tablet-capping.html,No source supplied in legacy card,2026-08-07,Yes,No
LEGACY-0664,Tablet thickness can be a useful indicator.,Tablet thickness can be a useful indicator.,Generic filler,"The card substitutes a topic label into a repeated template; it does not state a discrete, source-supported engineering fact.",Rejected during recovery audit; not approved for publication.,"A page-specific, source-supported claim would be required.",solutions/tablet-capping.html,No source supplied in legacy card,2026-08-07,Yes,No
LEGACY-0665,Hardness alone does not describe capping resistance.,Hardness alone does not describe capping resistance.,Generic filler,"The card substitutes a topic label into a repeated template; it does not state a discrete, source-supported engineering fact.",Rejected during recovery audit; not approved for publication.,"A page-specific, source-supported claim would be required.",solutions/tablet-capping.html,No source supplied in legacy card,2026-08-07,Yes,No
LEGACY-0666,Tensile strength can be more informative than hardness.,Tensile strength can be more informative than hardness.,Generic filler,"The card substitutes a topic label into a repeated template; it does not state a discrete, source-supported engineering fact.",Rejected during recovery audit; not approved for publication.,"A page-specific, source-supported claim would be required.",solutions/tablet-capping.html,No source supplied in legacy card,2026-08-07,Yes,No
LEGACY-0667,Ejection force should be reviewed.,Ejection force should be reviewed.,Generic filler,"The card substitutes a topic label into a repeated template; it does not state a discrete, source-supported engineering fact.",Rejected during recovery audit; not approved for publication.,"A page-specific, source-supported claim would be required.",solutions/tablet-capping.html,No source supplied in legacy card,2026-08-07,Yes,No
LEGACY-0668,Precompression force and timing should be documented.,Precompression force and timing should be documented.,Generic filler,"The card substitutes a topic label into a repeated template; it does not state a discrete, source-supported engineering fact.",Rejected during recovery audit; not approved for publication.,"A page-specific, source-supported claim would be required.",solutions/tablet-capping.html,No source supplied in legacy card,2026-08-07,Yes,No
LEGACY-0669,Controlled trials should change one variable at a time.,Controlled trials should change one variable at a time.,Generic filler,"The card substitutes a topic label into a repeated template; it does not state a discrete, source-supported engineering fact.",Rejected during recovery audit; not approved for publication.,"A page-specific, source-supported claim would be required.",solutions/tablet-capping.html,No source supplied in legacy card,2026-08-07,Yes,No
LEGACY-0670,Good-batch comparison improves diagnosis.,Good-batch comparison improves diagnosis.,Generic filler,"The card substitutes a topic label into a repeated template; it does not state a discrete, source-supported engineering fact.",Rejected during recovery audit; not approved for publication.,"A page-specific, source-supported claim would be required.",solutions/tablet-capping.html,No source supplied in legacy card,2026-08-07,Yes,No
LEGACY-0671,Tooling inspection should include heads and barrels.,Tooling inspection should include heads and barrels.,Generic filler,"The card substitutes a topic label into a repeated template; it does not state a discrete, source-supported engineering fact.",Rejected during recovery audit; not approved for publication.,"A page-specific, source-supported claim would be required.",solutions/tablet-capping.html,No source supplied in legacy card,2026-08-07,Yes,No
LEGACY-0672,Storage conditions can influence granulation behavior.,Storage conditions can influence granulation behavior.,Generic filler,"The card substitutes a topic label into a repeated template; it does not state a discrete, source-supported engineering fact.",Rejected during recovery audit; not approved for publication.,"A page-specific, source-supported claim would be required.",solutions/tablet-capping.html,No source supplied in legacy card,2026-08-07,Yes,No
LEGACY-0673,Capping risk should be considered during tablet design.,Capping risk should be considered during tablet design.,Generic filler,"The card substitutes a topic label into a repeated template; it does not state a discrete, source-supported engineering fact.",Rejected during recovery audit; not approved for publication.,"A page-specific, source-supported claim would be required.",solutions/tablet-capping.html,No source supplied in legacy card,2026-08-07,Yes,No
LEGACY-0674,Corrective action should match the mechanism.,Corrective action should match the mechanism.,Generic filler,"The card substitutes a topic label into a repeated template; it does not state a discrete, source-supported engineering fact.",Rejected during recovery audit; not approved for publication.,"A page-specific, source-supported claim would be required.",solutions/tablet-capping.html,No source supplied in legacy card,2026-08-07,Yes,No
LEGACY-0675,The strongest capping investigation is multidisciplinary.,The strongest capping investigation is multidisciplinary.,Generic filler,"The card substitutes a topic label into a repeated template; it does not state a discrete, source-supported engineering fact.",Rejected during recovery audit; not approved for publication.,"A page-specific, source-supported claim would be required.",solutions/tablet-capping.html,No source supplied in legacy card,2026-08-07,Yes,No
LEGACY-0676,Tablet chipping is loss of material from an edge or surface.,Tablet chipping is loss of material from an edge or surface.,Generic filler,"The card substitutes a topic label into a repeated template; it does not state a discrete, source-supported engineering fact.",Rejected during recovery audit; not approved for publication.,"A page-specific, source-supported claim would be required.",solutions/tablet-chipping.html,No source supplied in legacy card,2026-08-07,Yes,No
LEGACY-0677,Chipping differs from capping.,Chipping differs from capping.,Generic filler,"The card substitutes a topic label into a repeated template; it does not state a discrete, source-supported engineering fact.",Rejected during recovery audit; not approved for publication.,"A page-specific, source-supported claim would be required.",solutions/tablet-chipping.html,No source supplied in legacy card,2026-08-07,Yes,No
LEGACY-0678,Weak tablet edges are common chipping locations.,Weak tablet edges are common chipping locations.,Generic filler,"The card substitutes a topic label into a repeated template; it does not state a discrete, source-supported engineering fact.",Rejected during recovery audit; not approved for publication.,"A page-specific, source-supported claim would be required.",solutions/tablet-chipping.html,No source supplied in legacy card,2026-08-07,Yes,No
LEGACY-0679,Insufficient binder can reduce edge strength.,Insufficient binder can reduce edge strength.,Generic filler,"The card substitutes a topic label into a repeated template; it does not state a discrete, source-supported engineering fact.",Rejected during recovery audit; not approved for publication.,"A page-specific, source-supported claim would be required.",solutions/tablet-chipping.html,No source supplied in legacy card,2026-08-07,Yes,No
LEGACY-0680,Over-dry granulation can make tablets brittle.,Over-dry granulation can make tablets brittle.,Generic filler,"The card substitutes a topic label into a repeated template; it does not state a discrete, source-supported engineering fact.",Rejected during recovery audit; not approved for publication.,"A page-specific, source-supported claim would be required.",solutions/tablet-chipping.html,No source supplied in legacy card,2026-08-07,Yes,No
LEGACY-0681,Excess lubricant can reduce bonding.,Excess lubricant can reduce bonding.,Generic filler,"The card substitutes a topic label into a repeated template; it does not state a discrete, source-supported engineering fact.",Rejected during recovery audit; not approved for publication.,"A page-specific, source-supported claim would be required.",solutions/tablet-chipping.html,No source supplied in legacy card,2026-08-07,Yes,No
LEGACY-0682,Low compression force can produce fragile tablets.,Low compression force can produce fragile tablets.,Generic filler,"The card substitutes a topic label into a repeated template; it does not state a discrete, source-supported engineering fact.",Rejected during recovery audit; not approved for publication.,"A page-specific, source-supported claim would be required.",solutions/tablet-chipping.html,No source supplied in legacy card,2026-08-07,Yes,No
LEGACY-0683,Excessive compression can also create stress.,Excessive compression can also create stress.,Generic filler,"The card substitutes a topic label into a repeated template; it does not state a discrete, source-supported engineering fact.",Rejected during recovery audit; not approved for publication.,"A page-specific, source-supported claim would be required.",solutions/tablet-chipping.html,No source supplied in legacy card,2026-08-07,Yes,No
LEGACY-0684,Ejection stress can cause chipping.,Ejection stress can cause chipping.,Generic filler,"The card substitutes a topic label into a repeated template; it does not state a discrete, source-supported engineering fact.",Rejected during recovery audit; not approved for publication.,"A page-specific, source-supported claim would be required.",solutions/tablet-chipping.html,No source supplied in legacy card,2026-08-07,Yes,No
LEGACY-0685,Die-bore damage can localize chipping.,Die-bore damage can localize chipping.,Generic filler,"The card substitutes a topic label into a repeated template; it does not state a discrete, source-supported engineering fact.",Rejected during recovery audit; not approved for publication.,"A page-specific, source-supported claim would be required.",solutions/tablet-chipping.html,No source supplied in legacy card,2026-08-07,Yes,No
LEGACY-0686,Punch land wear changes edge formation.,Punch land wear changes edge formation.,Generic filler,"The card substitutes a topic label into a repeated template; it does not state a discrete, source-supported engineering fact.",Rejected during recovery audit; not approved for publication.,"A page-specific, source-supported claim would be required.",solutions/tablet-chipping.html,No source supplied in legacy card,2026-08-07,Yes,No
LEGACY-0687,Cup and edge design influence chipping.,Cup and edge design influence chipping.,Generic filler,"The card substitutes a topic label into a repeated template; it does not state a discrete, source-supported engineering fact.",Rejected during recovery audit; not approved for publication.,"A page-specific, source-supported claim would be required.",solutions/tablet-chipping.html,No source supplied in legacy card,2026-08-07,Yes,No
LEGACY-0688,Score lines can weaken nearby material.,Score lines can weaken nearby material.,Generic filler,"The card substitutes a topic label into a repeated template; it does not state a discrete, source-supported engineering fact.",Rejected during recovery audit; not approved for publication.,"A page-specific, source-supported claim would be required.",solutions/tablet-chipping.html,No source supplied in legacy card,2026-08-07,Yes,No
LEGACY-0689,Large embossing may reduce local thickness.,Large embossing may reduce local thickness.,Generic filler,"The card substitutes a topic label into a repeated template; it does not state a discrete, source-supported engineering fact.",Rejected during recovery audit; not approved for publication.,"A page-specific, source-supported claim would be required.",solutions/tablet-chipping.html,No source supplied in legacy card,2026-08-07,Yes,No
LEGACY-0690,Tooling misalignment can damage edges.,Tooling misalignment can damage edges.,Generic filler,"The card substitutes a topic label into a repeated template; it does not state a discrete, source-supported engineering fact.",Rejected during recovery audit; not approved for publication.,"A page-specific, source-supported claim would be required.",solutions/tablet-chipping.html,No source supplied in legacy card,2026-08-07,Yes,No
LEGACY-0691,Handling equipment can cause chipping.,Handling equipment can cause chipping.,Generic filler,"The card substitutes a topic label into a repeated template; it does not state a discrete, source-supported engineering fact.",Rejected during recovery audit; not approved for publication.,"A page-specific, source-supported claim would be required.",solutions/tablet-chipping.html,No source supplied in legacy card,2026-08-07,Yes,No
LEGACY-0692,High friability may correlate with chipping.,High friability may correlate with chipping.,Generic filler,"The card substitutes a topic label into a repeated template; it does not state a discrete, source-supported engineering fact.",Rejected during recovery audit; not approved for publication.,"A page-specific, source-supported claim would be required.",solutions/tablet-chipping.html,No source supplied in legacy card,2026-08-07,Yes,No
LEGACY-0693,Hardness alone is not sufficient.,Hardness alone is not sufficient.,Generic filler,"The card substitutes a topic label into a repeated template; it does not state a discrete, source-supported engineering fact.",Rejected during recovery audit; not approved for publication.,"A page-specific, source-supported claim would be required.",solutions/tablet-chipping.html,No source supplied in legacy card,2026-08-07,Yes,No
LEGACY-0694,Tensile strength can improve comparison.,Tensile strength can improve comparison.,Generic filler,"The card substitutes a topic label into a repeated template; it does not state a discrete, source-supported engineering fact.",Rejected during recovery audit; not approved for publication.,"A page-specific, source-supported claim would be required.",solutions/tablet-chipping.html,No source supplied in legacy card,2026-08-07,Yes,No
LEGACY-0695,Granule size affects edge quality.,Granule size affects edge quality.,Generic filler,"The card substitutes a topic label into a repeated template; it does not state a discrete, source-supported engineering fact.",Rejected during recovery audit; not approved for publication.,"A page-specific, source-supported claim would be required.",solutions/tablet-chipping.html,No source supplied in legacy card,2026-08-07,Yes,No
LEGACY-0696,Powder flow affects fill consistency.,Powder flow affects fill consistency.,Generic filler,"The card substitutes a topic label into a repeated template; it does not state a discrete, source-supported engineering fact.",Rejected during recovery audit; not approved for publication.,"A page-specific, source-supported claim would be required.",solutions/tablet-chipping.html,No source supplied in legacy card,2026-08-07,Yes,No
LEGACY-0697,Moisture distribution matters.,Moisture distribution matters.,Generic filler,"The card substitutes a topic label into a repeated template; it does not state a discrete, source-supported engineering fact.",Rejected during recovery audit; not approved for publication.,"A page-specific, source-supported claim would be required.",solutions/tablet-chipping.html,No source supplied in legacy card,2026-08-07,Yes,No
LEGACY-0698,Station-specific chipping suggests local factors.,Station-specific chipping suggests local factors.,Generic filler,"The card substitutes a topic label into a repeated template; it does not state a discrete, source-supported engineering fact.",Rejected during recovery audit; not approved for publication.,"A page-specific, source-supported claim would be required.",solutions/tablet-chipping.html,No source supplied in legacy card,2026-08-07,Yes,No
LEGACY-0699,Set-wide chipping suggests systemic factors.,Set-wide chipping suggests systemic factors.,Generic filler,"The card substitutes a topic label into a repeated template; it does not state a discrete, source-supported engineering fact.",Rejected during recovery audit; not approved for publication.,"A page-specific, source-supported claim would be required.",solutions/tablet-chipping.html,No source supplied in legacy card,2026-08-07,Yes,No
LEGACY-0700,Chipping may develop after coating.,Chipping may develop after coating.,Generic filler,"The card substitutes a topic label into a repeated template; it does not state a discrete, source-supported engineering fact.",Rejected during recovery audit; not approved for publication.,"A page-specific, source-supported claim would be required.",solutions/tablet-chipping.html,No source supplied in legacy card,2026-08-07,Yes,No
LEGACY-0701,Coating does not correct weak tablet structure.,Coating does not correct weak tablet structure.,Generic filler,"The card substitutes a topic label into a repeated template; it does not state a discrete, source-supported engineering fact.",Rejected during recovery audit; not approved for publication.,"A page-specific, source-supported claim would be required.",solutions/tablet-chipping.html,No source supplied in legacy card,2026-08-07,Yes,No
LEGACY-0702,Punch polishing may help when roughness contributes.,Punch polishing may help when roughness contributes.,Generic filler,"The card substitutes a topic label into a repeated template; it does not state a discrete, source-supported engineering fact.",Rejected during recovery audit; not approved for publication.,"A page-specific, source-supported claim would be required.",solutions/tablet-chipping.html,No source supplied in legacy card,2026-08-07,Yes,No
LEGACY-0703,Restoration may recover worn lands within limits.,Restoration may recover worn lands within limits.,Generic filler,"The card substitutes a topic label into a repeated template; it does not state a discrete, source-supported engineering fact.",Rejected during recovery audit; not approved for publication.,"A page-specific, source-supported claim would be required.",solutions/tablet-chipping.html,No source supplied in legacy card,2026-08-07,Yes,No
LEGACY-0704,Replacement is needed for severe geometry loss.,Replacement is needed for severe geometry loss.,Generic filler,"The card substitutes a topic label into a repeated template; it does not state a discrete, source-supported engineering fact.",Rejected during recovery audit; not approved for publication.,"A page-specific, source-supported claim would be required.",solutions/tablet-chipping.html,No source supplied in legacy card,2026-08-07,Yes,No
LEGACY-0705,Press speed influences impact and ejection dynamics.,Press speed influences impact and ejection dynamics.,Generic filler,"The card substitutes a topic label into a repeated template; it does not state a discrete, source-supported engineering fact.",Rejected during recovery audit; not approved for publication.,"A page-specific, source-supported claim would be required.",solutions/tablet-chipping.html,No source supplied in legacy card,2026-08-07,Yes,No
LEGACY-0706,Precompression may improve compact integrity.,Precompression may improve compact integrity.,Generic filler,"The card substitutes a topic label into a repeated template; it does not state a discrete, source-supported engineering fact.",Rejected during recovery audit; not approved for publication.,"A page-specific, source-supported claim would be required.",solutions/tablet-chipping.html,No source supplied in legacy card,2026-08-07,Yes,No
LEGACY-0707,Dwell time affects bonding.,Dwell time affects bonding.,Generic filler,"The card substitutes a topic label into a repeated template; it does not state a discrete, source-supported engineering fact.",Rejected during recovery audit; not approved for publication.,"A page-specific, source-supported claim would be required.",solutions/tablet-chipping.html,No source supplied in legacy card,2026-08-07,Yes,No
LEGACY-0708,Temperature may change brittleness or binder behavior.,Temperature may change brittleness or binder behavior.,Generic filler,"The card substitutes a topic label into a repeated template; it does not state a discrete, source-supported engineering fact.",Rejected during recovery audit; not approved for publication.,"A page-specific, source-supported claim would be required.",solutions/tablet-chipping.html,No source supplied in legacy card,2026-08-07,Yes,No
LEGACY-0709,Humidity can alter tablet edge strength.,Humidity can alter tablet edge strength.,Generic filler,"The card substitutes a topic label into a repeated template; it does not state a discrete, source-supported engineering fact.",Rejected during recovery audit; not approved for publication.,"A page-specific, source-supported claim would be required.",solutions/tablet-chipping.html,No source supplied in legacy card,2026-08-07,Yes,No
LEGACY-0710,Tooling material and wear resistance matter.,Tooling material and wear resistance matter.,Generic filler,"The card substitutes a topic label into a repeated template; it does not state a discrete, source-supported engineering fact.",Rejected during recovery audit; not approved for publication.,"A page-specific, source-supported claim would be required.",solutions/tablet-chipping.html,No source supplied in legacy card,2026-08-07,Yes,No
LEGACY-0711,Cleaning damage can alter punch edges.,Cleaning damage can alter punch edges.,Generic filler,"The card substitutes a topic label into a repeated template; it does not state a discrete, source-supported engineering fact.",Rejected during recovery audit; not approved for publication.,"A page-specific, source-supported claim would be required.",solutions/tablet-chipping.html,No source supplied in legacy card,2026-08-07,Yes,No
LEGACY-0712,Packaging can cause apparent manufacturing chipping.,Packaging can cause apparent manufacturing chipping.,Generic filler,"The card substitutes a topic label into a repeated template; it does not state a discrete, source-supported engineering fact.",Rejected during recovery audit; not approved for publication.,"A page-specific, source-supported claim would be required.",solutions/tablet-chipping.html,No source supplied in legacy card,2026-08-07,Yes,No
LEGACY-0713,Good-batch comparison helps isolate causes.,Good-batch comparison helps isolate causes.,Generic filler,"The card substitutes a topic label into a repeated template; it does not state a discrete, source-supported engineering fact.",Rejected during recovery audit; not approved for publication.,"A page-specific, source-supported claim would be required.",solutions/tablet-chipping.html,No source supplied in legacy card,2026-08-07,Yes,No
LEGACY-0714,One-variable trials improve confidence.,One-variable trials improve confidence.,Generic filler,"The card substitutes a topic label into a repeated template; it does not state a discrete, source-supported engineering fact.",Rejected during recovery audit; not approved for publication.,"A page-specific, source-supported claim would be required.",solutions/tablet-chipping.html,No source supplied in legacy card,2026-08-07,Yes,No
LEGACY-0715,Tablet photography should include multiple angles.,Tablet photography should include multiple angles.,Generic filler,"The card substitutes a topic label into a repeated template; it does not state a discrete, source-supported engineering fact.",Rejected during recovery audit; not approved for publication.,"A page-specific, source-supported claim would be required.",solutions/tablet-chipping.html,No source supplied in legacy card,2026-08-07,Yes,No
LEGACY-0716,Defect severity should be quantified.,Defect severity should be quantified.,Generic filler,"The card substitutes a topic label into a repeated template; it does not state a discrete, source-supported engineering fact.",Rejected during recovery audit; not approved for publication.,"A page-specific, source-supported claim would be required.",solutions/tablet-chipping.html,No source supplied in legacy card,2026-08-07,Yes,No
LEGACY-0717,Design review can prevent chipping.,Design review can prevent chipping.,Generic filler,"The card substitutes a topic label into a repeated template; it does not state a discrete, source-supported engineering fact.",Rejected during recovery audit; not approved for publication.,"A page-specific, source-supported claim would be required.",solutions/tablet-chipping.html,No source supplied in legacy card,2026-08-07,Yes,No
LEGACY-0718,Maintenance records support diagnosis.,Maintenance records support diagnosis.,Generic filler,"The card substitutes a topic label into a repeated template; it does not state a discrete, source-supported engineering fact.",Rejected during recovery audit; not approved for publication.,"A page-specific, source-supported claim would be required.",solutions/tablet-chipping.html,No source supplied in legacy card,2026-08-07,Yes,No
LEGACY-0719,Cross-functional review is often necessary.,Cross-functional review is often necessary.,Generic filler,"The card substitutes a topic label into a repeated template; it does not state a discrete, source-supported engineering fact.",Rejected during recovery audit; not approved for publication.,"A page-specific, source-supported claim would be required.",solutions/tablet-chipping.html,No source supplied in legacy card,2026-08-07,Yes,No
LEGACY-0720,The best corrective action targets the fracture mechanism.,The best corrective action targets the fracture mechanism.,Generic filler,"The card substitutes a topic label into a repeated template; it does not state a discrete, source-supported engineering fact.",Rejected during recovery audit; not approved for publication.,"A page-specific, source-supported claim would be required.",solutions/tablet-chipping.html,No source supplied in legacy card,2026-08-07,Yes,No
LEGACY-0721,Tablet defects should be classified before troubleshooting.,Tablet defects should be classified before troubleshooting.,Generic filler,"The card substitutes a topic label into a repeated template; it does not state a discrete, source-supported engineering fact.",Rejected during recovery audit; not approved for publication.,"A page-specific, source-supported claim would be required.",solutions/tablet-compression-defects.html,No source supplied in legacy card,2026-08-07,Yes,No
LEGACY-0722,Sticking affects a broader punch-face area.,Sticking affects a broader punch-face area.,Generic filler,"The card substitutes a topic label into a repeated template; it does not state a discrete, source-supported engineering fact.",Rejected during recovery audit; not approved for publication.,"A page-specific, source-supported claim would be required.",solutions/tablet-compression-defects.html,No source supplied in legacy card,2026-08-07,Yes,No
LEGACY-0723,Picking is localized around features.,Picking is localized around features.,Generic filler,"The card substitutes a topic label into a repeated template; it does not state a discrete, source-supported engineering fact.",Rejected during recovery audit; not approved for publication.,"A page-specific, source-supported claim would be required.",solutions/tablet-compression-defects.html,No source supplied in legacy card,2026-08-07,Yes,No
LEGACY-0724,Capping involves separation of a tablet crown.,Capping involves separation of a tablet crown.,Generic filler,"The card substitutes a topic label into a repeated template; it does not state a discrete, source-supported engineering fact.",Rejected during recovery audit; not approved for publication.,"A page-specific, source-supported claim would be required.",solutions/tablet-compression-defects.html,No source supplied in legacy card,2026-08-07,Yes,No
LEGACY-0725,Lamination involves separation into layers.,Lamination involves separation into layers.,Generic filler,"The card substitutes a topic label into a repeated template; it does not state a discrete, source-supported engineering fact.",Rejected during recovery audit; not approved for publication.,"A page-specific, source-supported claim would be required.",solutions/tablet-compression-defects.html,No source supplied in legacy card,2026-08-07,Yes,No
LEGACY-0726,Chipping affects tablet edges.,Chipping affects tablet edges.,Generic filler,"The card substitutes a topic label into a repeated template; it does not state a discrete, source-supported engineering fact.",Rejected during recovery audit; not approved for publication.,"A page-specific, source-supported claim would be required.",solutions/tablet-compression-defects.html,No source supplied in legacy card,2026-08-07,Yes,No
LEGACY-0727,Cracking may reflect stress concentration.,Cracking may reflect stress concentration.,Generic filler,"The card substitutes a topic label into a repeated template; it does not state a discrete, source-supported engineering fact.",Rejected during recovery audit; not approved for publication.,"A page-specific, source-supported claim would be required.",solutions/tablet-compression-defects.html,No source supplied in legacy card,2026-08-07,Yes,No
LEGACY-0728,Binding involves difficult die-wall movement.,Binding involves difficult die-wall movement.,Generic filler,"The card substitutes a topic label into a repeated template; it does not state a discrete, source-supported engineering fact.",Rejected during recovery audit; not approved for publication.,"A page-specific, source-supported claim would be required.",solutions/tablet-compression-defects.html,No source supplied in legacy card,2026-08-07,Yes,No
LEGACY-0729,Double impression is often linked to punch rotation.,Double impression is often linked to punch rotation.,Generic filler,"The card substitutes a topic label into a repeated template; it does not state a discrete, source-supported engineering fact.",Rejected during recovery audit; not approved for publication.,"A page-specific, source-supported claim would be required.",solutions/tablet-compression-defects.html,No source supplied in legacy card,2026-08-07,Yes,No
LEGACY-0730,Mottling is a visual uniformity issue.,Mottling is a visual uniformity issue.,Generic filler,"The card substitutes a topic label into a repeated template; it does not state a discrete, source-supported engineering fact.",Rejected during recovery audit; not approved for publication.,"A page-specific, source-supported claim would be required.",solutions/tablet-compression-defects.html,No source supplied in legacy card,2026-08-07,Yes,No
LEGACY-0731,Weight variation begins with fill consistency.,Weight variation begins with fill consistency.,Generic filler,"The card substitutes a topic label into a repeated template; it does not state a discrete, source-supported engineering fact.",Rejected during recovery audit; not approved for publication.,"A page-specific, source-supported claim would be required.",solutions/tablet-compression-defects.html,No source supplied in legacy card,2026-08-07,Yes,No
LEGACY-0732,Thickness variation can reflect compression or fill changes.,Thickness variation can reflect compression or fill changes.,Generic filler,"The card substitutes a topic label into a repeated template; it does not state a discrete, source-supported engineering fact.",Rejected during recovery audit; not approved for publication.,"A page-specific, source-supported claim would be required.",solutions/tablet-compression-defects.html,No source supplied in legacy card,2026-08-07,Yes,No
LEGACY-0733,Hardness variation may reflect formulation and force.,Hardness variation may reflect formulation and force.,Generic filler,"The card substitutes a topic label into a repeated template; it does not state a discrete, source-supported engineering fact.",Rejected during recovery audit; not approved for publication.,"A page-specific, source-supported claim would be required.",solutions/tablet-compression-defects.html,No source supplied in legacy card,2026-08-07,Yes,No
LEGACY-0734,Defects may appear only at startup.,Defects may appear only at startup.,Generic filler,"The card substitutes a topic label into a repeated template; it does not state a discrete, source-supported engineering fact.",Rejected during recovery audit; not approved for publication.,"A page-specific, source-supported claim would be required.",solutions/tablet-compression-defects.html,No source supplied in legacy card,2026-08-07,Yes,No
LEGACY-0735,Defects may develop after heat buildup.,Defects may develop after heat buildup.,Generic filler,"The card substitutes a topic label into a repeated template; it does not state a discrete, source-supported engineering fact.",Rejected during recovery audit; not approved for publication.,"A page-specific, source-supported claim would be required.",solutions/tablet-compression-defects.html,No source supplied in legacy card,2026-08-07,Yes,No
LEGACY-0736,Station-specific defects suggest local causes.,Station-specific defects suggest local causes.,Generic filler,"The card substitutes a topic label into a repeated template; it does not state a discrete, source-supported engineering fact.",Rejected during recovery audit; not approved for publication.,"A page-specific, source-supported claim would be required.",solutions/tablet-compression-defects.html,No source supplied in legacy card,2026-08-07,Yes,No
LEGACY-0737,Set-wide defects suggest systemic causes.,Set-wide defects suggest systemic causes.,Generic filler,"The card substitutes a topic label into a repeated template; it does not state a discrete, source-supported engineering fact.",Rejected during recovery audit; not approved for publication.,"A page-specific, source-supported claim would be required.",solutions/tablet-compression-defects.html,No source supplied in legacy card,2026-08-07,Yes,No
LEGACY-0738,Upper and lower tablet faces provide different clues.,Upper and lower tablet faces provide different clues.,Generic filler,"The card substitutes a topic label into a repeated template; it does not state a discrete, source-supported engineering fact.",Rejected during recovery audit; not approved for publication.,"A page-specific, source-supported claim would be required.",solutions/tablet-compression-defects.html,No source supplied in legacy card,2026-08-07,Yes,No
LEGACY-0739,Engraving can concentrate defects.,Engraving can concentrate defects.,Generic filler,"The card substitutes a topic label into a repeated template; it does not state a discrete, source-supported engineering fact.",Rejected during recovery audit; not approved for publication.,"A page-specific, source-supported claim would be required.",solutions/tablet-compression-defects.html,No source supplied in legacy card,2026-08-07,Yes,No
LEGACY-0740,Cup geometry affects stress and release.,Cup geometry affects stress and release.,Generic filler,"The card substitutes a topic label into a repeated template; it does not state a discrete, source-supported engineering fact.",Rejected during recovery audit; not approved for publication.,"A page-specific, source-supported claim would be required.",solutions/tablet-compression-defects.html,No source supplied in legacy card,2026-08-07,Yes,No
LEGACY-0741,Die condition affects multiple defects.,Die condition affects multiple defects.,Generic filler,"The card substitutes a topic label into a repeated template; it does not state a discrete, source-supported engineering fact.",Rejected during recovery audit; not approved for publication.,"A page-specific, source-supported claim would be required.",solutions/tablet-compression-defects.html,No source supplied in legacy card,2026-08-07,Yes,No
LEGACY-0742,Moisture can worsen or reduce different defects.,Moisture can worsen or reduce different defects.,Generic filler,"The card substitutes a topic label into a repeated template; it does not state a discrete, source-supported engineering fact.",Rejected during recovery audit; not approved for publication.,"A page-specific, source-supported claim would be required.",solutions/tablet-compression-defects.html,No source supplied in legacy card,2026-08-07,Yes,No
LEGACY-0743,Lubrication affects ejection and strength.,Lubrication affects ejection and strength.,Generic filler,"The card substitutes a topic label into a repeated template; it does not state a discrete, source-supported engineering fact.",Rejected during recovery audit; not approved for publication.,"A page-specific, source-supported claim would be required.",solutions/tablet-compression-defects.html,No source supplied in legacy card,2026-08-07,Yes,No
LEGACY-0744,Fines influence flow and adhesion.,Fines influence flow and adhesion.,Generic filler,"The card substitutes a topic label into a repeated template; it does not state a discrete, source-supported engineering fact.",Rejected during recovery audit; not approved for publication.,"A page-specific, source-supported claim would be required.",solutions/tablet-compression-defects.html,No source supplied in legacy card,2026-08-07,Yes,No
LEGACY-0745,Binder level affects cohesion and adhesion.,Binder level affects cohesion and adhesion.,Generic filler,"The card substitutes a topic label into a repeated template; it does not state a discrete, source-supported engineering fact.",Rejected during recovery audit; not approved for publication.,"A page-specific, source-supported claim would be required.",solutions/tablet-compression-defects.html,No source supplied in legacy card,2026-08-07,Yes,No
LEGACY-0746,Compression force is not the only compression variable.,Compression force is not the only compression variable.,Generic filler,"The card substitutes a topic label into a repeated template; it does not state a discrete, source-supported engineering fact.",Rejected during recovery audit; not approved for publication.,"A page-specific, source-supported claim would be required.",solutions/tablet-compression-defects.html,No source supplied in legacy card,2026-08-07,Yes,No
LEGACY-0747,Press speed can expose process limits.,Press speed can expose process limits.,Generic filler,"The card substitutes a topic label into a repeated template; it does not state a discrete, source-supported engineering fact.",Rejected during recovery audit; not approved for publication.,"A page-specific, source-supported claim would be required.",solutions/tablet-compression-defects.html,No source supplied in legacy card,2026-08-07,Yes,No
LEGACY-0748,Ejection force is a useful signal.,Ejection force is a useful signal.,Generic filler,"The card substitutes a topic label into a repeated template; it does not state a discrete, source-supported engineering fact.",Rejected during recovery audit; not approved for publication.,"A page-specific, source-supported claim would be required.",solutions/tablet-compression-defects.html,No source supplied in legacy card,2026-08-07,Yes,No
LEGACY-0749,Tooling wear can mimic formulation problems.,Tooling wear can mimic formulation problems.,Generic filler,"The card substitutes a topic label into a repeated template; it does not state a discrete, source-supported engineering fact.",Rejected during recovery audit; not approved for publication.,"A page-specific, source-supported claim would be required.",solutions/tablet-compression-defects.html,No source supplied in legacy card,2026-08-07,Yes,No
LEGACY-0750,Cleaning residue can create defects.,Cleaning residue can create defects.,Generic filler,"The card substitutes a topic label into a repeated template; it does not state a discrete, source-supported engineering fact.",Rejected during recovery audit; not approved for publication.,"A page-specific, source-supported claim would be required.",solutions/tablet-compression-defects.html,No source supplied in legacy card,2026-08-07,Yes,No
LEGACY-0751,Abrasive cleaning can create scratches.,Abrasive cleaning can create scratches.,Generic filler,"The card substitutes a topic label into a repeated template; it does not state a discrete, source-supported engineering fact.",Rejected during recovery audit; not approved for publication.,"A page-specific, source-supported claim would be required.",solutions/tablet-compression-defects.html,No source supplied in legacy card,2026-08-07,Yes,No
LEGACY-0752,Coating damage can localize defects.,Coating damage can localize defects.,Generic filler,"The card substitutes a topic label into a repeated template; it does not state a discrete, source-supported engineering fact.",Rejected during recovery audit; not approved for publication.,"A page-specific, source-supported claim would be required.",solutions/tablet-compression-defects.html,No source supplied in legacy card,2026-08-07,Yes,No
LEGACY-0753,One variable at a time improves troubleshooting.,One variable at a time improves troubleshooting.,Generic filler,"The card substitutes a topic label into a repeated template; it does not state a discrete, source-supported engineering fact.",Rejected during recovery audit; not approved for publication.,"A page-specific, source-supported claim would be required.",solutions/tablet-compression-defects.html,No source supplied in legacy card,2026-08-07,Yes,No
LEGACY-0754,Good-batch comparison is powerful.,Good-batch comparison is powerful.,Generic filler,"The card substitutes a topic label into a repeated template; it does not state a discrete, source-supported engineering fact.",Rejected during recovery audit; not approved for publication.,"A page-specific, source-supported claim would be required.",solutions/tablet-compression-defects.html,No source supplied in legacy card,2026-08-07,Yes,No
LEGACY-0755,Defect severity should be quantified.,Defect severity should be quantified.,Generic filler,"The card substitutes a topic label into a repeated template; it does not state a discrete, source-supported engineering fact.",Rejected during recovery audit; not approved for publication.,"A page-specific, source-supported claim would be required.",solutions/tablet-compression-defects.html,No source supplied in legacy card,2026-08-07,Yes,No
LEGACY-0756,Photographs should include scale and lighting.,Photographs should include scale and lighting.,Generic filler,"The card substitutes a topic label into a repeated template; it does not state a discrete, source-supported engineering fact.",Rejected during recovery audit; not approved for publication.,"A page-specific, source-supported claim would be required.",solutions/tablet-compression-defects.html,No source supplied in legacy card,2026-08-07,Yes,No
LEGACY-0757,Tooling identity should remain traceable.,Tooling identity should remain traceable.,Generic filler,"The card substitutes a topic label into a repeated template; it does not state a discrete, source-supported engineering fact.",Rejected during recovery audit; not approved for publication.,"A page-specific, source-supported claim would be required.",solutions/tablet-compression-defects.html,No source supplied in legacy card,2026-08-07,Yes,No
LEGACY-0758,Defect terminology should be shared across teams.,Defect terminology should be shared across teams.,Generic filler,"The card substitutes a topic label into a repeated template; it does not state a discrete, source-supported engineering fact.",Rejected during recovery audit; not approved for publication.,"A page-specific, source-supported claim would be required.",solutions/tablet-compression-defects.html,No source supplied in legacy card,2026-08-07,Yes,No
LEGACY-0759,Corrective actions should target root causes.,Corrective actions should target root causes.,Generic filler,"The card substitutes a topic label into a repeated template; it does not state a discrete, source-supported engineering fact.",Rejected during recovery audit; not approved for publication.,"A page-specific, source-supported claim would be required.",solutions/tablet-compression-defects.html,No source supplied in legacy card,2026-08-07,Yes,No
LEGACY-0760,Temporary improvement does not prove root cause.,Temporary improvement does not prove root cause.,Generic filler,"The card substitutes a topic label into a repeated template; it does not state a discrete, source-supported engineering fact.",Rejected during recovery audit; not approved for publication.,"A page-specific, source-supported claim would be required.",solutions/tablet-compression-defects.html,No source supplied in legacy card,2026-08-07,Yes,No
LEGACY-0761,Preventive controls belong upstream and downstream.,Preventive controls belong upstream and downstream.,Generic filler,"The card substitutes a topic label into a repeated template; it does not state a discrete, source-supported engineering fact.",Rejected during recovery audit; not approved for publication.,"A page-specific, source-supported claim would be required.",solutions/tablet-compression-defects.html,No source supplied in legacy card,2026-08-07,Yes,No
LEGACY-0762,Restoration may help tooling-driven defects.,Restoration may help tooling-driven defects.,Generic filler,"The card substitutes a topic label into a repeated template; it does not state a discrete, source-supported engineering fact.",Rejected during recovery audit; not approved for publication.,"A page-specific, source-supported claim would be required.",solutions/tablet-compression-defects.html,No source supplied in legacy card,2026-08-07,Yes,No
LEGACY-0763,Replacement may be required for structural or dimensional failure.,Replacement may be required for structural or dimensional failure.,Generic filler,"The card substitutes a topic label into a repeated template; it does not state a discrete, source-supported engineering fact.",Rejected during recovery audit; not approved for publication.,"A page-specific, source-supported claim would be required.",solutions/tablet-compression-defects.html,No source supplied in legacy card,2026-08-07,Yes,No
LEGACY-0764,Documentation supports validation and recurrence control.,Documentation supports validation and recurrence control.,Generic filler,"The card substitutes a topic label into a repeated template; it does not state a discrete, source-supported engineering fact.",Rejected during recovery audit; not approved for publication.,"A page-specific, source-supported claim would be required.",solutions/tablet-compression-defects.html,No source supplied in legacy card,2026-08-07,Yes,No
LEGACY-0765,The strongest defect investigations are multidisciplinary.,The strongest defect investigations are multidisciplinary.,Generic filler,"The card substitutes a topic label into a repeated template; it does not state a discrete, source-supported engineering fact.",Rejected during recovery audit; not approved for publication.,"A page-specific, source-supported claim would be required.",solutions/tablet-compression-defects.html,No source supplied in legacy card,2026-08-07,Yes,No
LEGACY-0766,Tablet lamination is separation into distinct layers.,Tablet lamination is separation into distinct layers.,Generic filler,"The card substitutes a topic label into a repeated template; it does not state a discrete, source-supported engineering fact.",Rejected during recovery audit; not approved for publication.,"A page-specific, source-supported claim would be required.",solutions/tablet-lamination.html,No source supplied in legacy card,2026-08-07,Yes,No
LEGACY-0767,Lamination differs from capping.,Lamination differs from capping.,Generic filler,"The card substitutes a topic label into a repeated template; it does not state a discrete, source-supported engineering fact.",Rejected during recovery audit; not approved for publication.,"A page-specific, source-supported claim would be required.",solutions/tablet-lamination.html,No source supplied in legacy card,2026-08-07,Yes,No
LEGACY-0768,Air entrapment can contribute to lamination.,Air entrapment can contribute to lamination.,Generic filler,"The card substitutes a topic label into a repeated template; it does not state a discrete, source-supported engineering fact.",Rejected during recovery audit; not approved for publication.,"A page-specific, source-supported claim would be required.",solutions/tablet-lamination.html,No source supplied in legacy card,2026-08-07,Yes,No
LEGACY-0769,Rapid decompression can increase lamination risk.,Rapid decompression can increase lamination risk.,Generic filler,"The card substitutes a topic label into a repeated template; it does not state a discrete, source-supported engineering fact.",Rejected during recovery audit; not approved for publication.,"A page-specific, source-supported claim would be required.",solutions/tablet-lamination.html,No source supplied in legacy card,2026-08-07,Yes,No
LEGACY-0770,Excessive force can create internal stress.,Excessive force can create internal stress.,Generic filler,"The card substitutes a topic label into a repeated template; it does not state a discrete, source-supported engineering fact.",Rejected during recovery audit; not approved for publication.,"A page-specific, source-supported claim would be required.",solutions/tablet-lamination.html,No source supplied in legacy card,2026-08-07,Yes,No
LEGACY-0771,Insufficient force can leave weak interparticle bonds.,Insufficient force can leave weak interparticle bonds.,Generic filler,"The card substitutes a topic label into a repeated template; it does not state a discrete, source-supported engineering fact.",Rejected during recovery audit; not approved for publication.,"A page-specific, source-supported claim would be required.",solutions/tablet-lamination.html,No source supplied in legacy card,2026-08-07,Yes,No
LEGACY-0772,Precompression can improve air release.,Precompression can improve air release.,Generic filler,"The card substitutes a topic label into a repeated template; it does not state a discrete, source-supported engineering fact.",Rejected during recovery audit; not approved for publication.,"A page-specific, source-supported claim would be required.",solutions/tablet-lamination.html,No source supplied in legacy card,2026-08-07,Yes,No
LEGACY-0773,Dwell time affects particle bonding.,Dwell time affects particle bonding.,Generic filler,"The card substitutes a topic label into a repeated template; it does not state a discrete, source-supported engineering fact.",Rejected during recovery audit; not approved for publication.,"A page-specific, source-supported claim would be required.",solutions/tablet-lamination.html,No source supplied in legacy card,2026-08-07,Yes,No
LEGACY-0774,Granule segregation can create weak layers.,Granule segregation can create weak layers.,Generic filler,"The card substitutes a topic label into a repeated template; it does not state a discrete, source-supported engineering fact.",Rejected during recovery audit; not approved for publication.,"A page-specific, source-supported claim would be required.",solutions/tablet-lamination.html,No source supplied in legacy card,2026-08-07,Yes,No
LEGACY-0775,Fines can influence layering.,Fines can influence layering.,Generic filler,"The card substitutes a topic label into a repeated template; it does not state a discrete, source-supported engineering fact.",Rejected during recovery audit; not approved for publication.,"A page-specific, source-supported claim would be required.",solutions/tablet-lamination.html,No source supplied in legacy card,2026-08-07,Yes,No
LEGACY-0776,Over-lubrication can weaken bonding.,Over-lubrication can weaken bonding.,Generic filler,"The card substitutes a topic label into a repeated template; it does not state a discrete, source-supported engineering fact.",Rejected during recovery audit; not approved for publication.,"A page-specific, source-supported claim would be required.",solutions/tablet-lamination.html,No source supplied in legacy card,2026-08-07,Yes,No
LEGACY-0777,Under-lubrication can increase ejection stress.,Under-lubrication can increase ejection stress.,Generic filler,"The card substitutes a topic label into a repeated template; it does not state a discrete, source-supported engineering fact.",Rejected during recovery audit; not approved for publication.,"A page-specific, source-supported claim would be required.",solutions/tablet-lamination.html,No source supplied in legacy card,2026-08-07,Yes,No
LEGACY-0778,Binder distribution is critical.,Binder distribution is critical.,Generic filler,"The card substitutes a topic label into a repeated template; it does not state a discrete, source-supported engineering fact.",Rejected during recovery audit; not approved for publication.,"A page-specific, source-supported claim would be required.",solutions/tablet-lamination.html,No source supplied in legacy card,2026-08-07,Yes,No
LEGACY-0779,Moisture affects plasticity and bonding.,Moisture affects plasticity and bonding.,Generic filler,"The card substitutes a topic label into a repeated template; it does not state a discrete, source-supported engineering fact.",Rejected during recovery audit; not approved for publication.,"A page-specific, source-supported claim would be required.",solutions/tablet-lamination.html,No source supplied in legacy card,2026-08-07,Yes,No
LEGACY-0780,Elastic materials may rebound strongly.,Elastic materials may rebound strongly.,Generic filler,"The card substitutes a topic label into a repeated template; it does not state a discrete, source-supported engineering fact.",Rejected during recovery audit; not approved for publication.,"A page-specific, source-supported claim would be required.",solutions/tablet-lamination.html,No source supplied in legacy card,2026-08-07,Yes,No
LEGACY-0781,Brittle materials may fracture and rearrange.,Brittle materials may fracture and rearrange.,Generic filler,"The card substitutes a topic label into a repeated template; it does not state a discrete, source-supported engineering fact.",Rejected during recovery audit; not approved for publication.,"A page-specific, source-supported claim would be required.",solutions/tablet-lamination.html,No source supplied in legacy card,2026-08-07,Yes,No
LEGACY-0782,Die filling uniformity matters.,Die filling uniformity matters.,Generic filler,"The card substitutes a topic label into a repeated template; it does not state a discrete, source-supported engineering fact.",Rejected during recovery audit; not approved for publication.,"A page-specific, source-supported claim would be required.",solutions/tablet-lamination.html,No source supplied in legacy card,2026-08-07,Yes,No
LEGACY-0783,Feed-frame settings may influence segregation.,Feed-frame settings may influence segregation.,Generic filler,"The card substitutes a topic label into a repeated template; it does not state a discrete, source-supported engineering fact.",Rejected during recovery audit; not approved for publication.,"A page-specific, source-supported claim would be required.",solutions/tablet-lamination.html,No source supplied in legacy card,2026-08-07,Yes,No
LEGACY-0784,Deep cups can create nonuniform stress.,Deep cups can create nonuniform stress.,Generic filler,"The card substitutes a topic label into a repeated template; it does not state a discrete, source-supported engineering fact.",Rejected during recovery audit; not approved for publication.,"A page-specific, source-supported claim would be required.",solutions/tablet-lamination.html,No source supplied in legacy card,2026-08-07,Yes,No
LEGACY-0785,Embossing can create localized stress.,Embossing can create localized stress.,Generic filler,"The card substitutes a topic label into a repeated template; it does not state a discrete, source-supported engineering fact.",Rejected during recovery audit; not approved for publication.,"A page-specific, source-supported claim would be required.",solutions/tablet-lamination.html,No source supplied in legacy card,2026-08-07,Yes,No
LEGACY-0786,Score lines may interact with lamination.,Score lines may interact with lamination.,Generic filler,"The card substitutes a topic label into a repeated template; it does not state a discrete, source-supported engineering fact.",Rejected during recovery audit; not approved for publication.,"A page-specific, source-supported claim would be required.",solutions/tablet-lamination.html,No source supplied in legacy card,2026-08-07,Yes,No
LEGACY-0787,Tooling wear can change pressure distribution.,Tooling wear can change pressure distribution.,Generic filler,"The card substitutes a topic label into a repeated template; it does not state a discrete, source-supported engineering fact.",Rejected during recovery audit; not approved for publication.,"A page-specific, source-supported claim would be required.",solutions/tablet-lamination.html,No source supplied in legacy card,2026-08-07,Yes,No
LEGACY-0788,Die-bore wear can influence density and ejection.,Die-bore wear can influence density and ejection.,Generic filler,"The card substitutes a topic label into a repeated template; it does not state a discrete, source-supported engineering fact.",Rejected during recovery audit; not approved for publication.,"A page-specific, source-supported claim would be required.",solutions/tablet-lamination.html,No source supplied in legacy card,2026-08-07,Yes,No
LEGACY-0789,Misalignment can produce asymmetric compaction.,Misalignment can produce asymmetric compaction.,Generic filler,"The card substitutes a topic label into a repeated template; it does not state a discrete, source-supported engineering fact.",Rejected during recovery audit; not approved for publication.,"A page-specific, source-supported claim would be required.",solutions/tablet-lamination.html,No source supplied in legacy card,2026-08-07,Yes,No
LEGACY-0790,Station-specific lamination suggests local causes.,Station-specific lamination suggests local causes.,Generic filler,"The card substitutes a topic label into a repeated template; it does not state a discrete, source-supported engineering fact.",Rejected during recovery audit; not approved for publication.,"A page-specific, source-supported claim would be required.",solutions/tablet-lamination.html,No source supplied in legacy card,2026-08-07,Yes,No
LEGACY-0791,Set-wide lamination suggests systemic causes.,Set-wide lamination suggests systemic causes.,Generic filler,"The card substitutes a topic label into a repeated template; it does not state a discrete, source-supported engineering fact.",Rejected during recovery audit; not approved for publication.,"A page-specific, source-supported claim would be required.",solutions/tablet-lamination.html,No source supplied in legacy card,2026-08-07,Yes,No
LEGACY-0792,Lamination may become visible after handling.,Lamination may become visible after handling.,Generic filler,"The card substitutes a topic label into a repeated template; it does not state a discrete, source-supported engineering fact.",Rejected during recovery audit; not approved for publication.,"A page-specific, source-supported claim would be required.",solutions/tablet-lamination.html,No source supplied in legacy card,2026-08-07,Yes,No
LEGACY-0793,Tablet hardness may not reveal lamination risk.,Tablet hardness may not reveal lamination risk.,Generic filler,"The card substitutes a topic label into a repeated template; it does not state a discrete, source-supported engineering fact.",Rejected during recovery audit; not approved for publication.,"A page-specific, source-supported claim would be required.",solutions/tablet-lamination.html,No source supplied in legacy card,2026-08-07,Yes,No
LEGACY-0794,Thickness recovery can indicate elastic behavior.,Thickness recovery can indicate elastic behavior.,Generic filler,"The card substitutes a topic label into a repeated template; it does not state a discrete, source-supported engineering fact.",Rejected during recovery audit; not approved for publication.,"A page-specific, source-supported claim would be required.",solutions/tablet-lamination.html,No source supplied in legacy card,2026-08-07,Yes,No
LEGACY-0795,Temperature can change deformation.,Temperature can change deformation.,Generic filler,"The card substitutes a topic label into a repeated template; it does not state a discrete, source-supported engineering fact.",Rejected during recovery audit; not approved for publication.,"A page-specific, source-supported claim would be required.",solutions/tablet-lamination.html,No source supplied in legacy card,2026-08-07,Yes,No
LEGACY-0796,Humidity can change particle bonding.,Humidity can change particle bonding.,Generic filler,"The card substitutes a topic label into a repeated template; it does not state a discrete, source-supported engineering fact.",Rejected during recovery audit; not approved for publication.,"A page-specific, source-supported claim would be required.",solutions/tablet-lamination.html,No source supplied in legacy card,2026-08-07,Yes,No
LEGACY-0797,A coating on tooling is not a universal lamination fix.,A coating on tooling is not a universal lamination fix.,Generic filler,"The card substitutes a topic label into a repeated template; it does not state a discrete, source-supported engineering fact.",Rejected during recovery audit; not approved for publication.,"A page-specific, source-supported claim would be required.",solutions/tablet-lamination.html,No source supplied in legacy card,2026-08-07,Yes,No
LEGACY-0798,Polishing may help if die-wall friction contributes.,Polishing may help if die-wall friction contributes.,Generic filler,"The card substitutes a topic label into a repeated template; it does not state a discrete, source-supported engineering fact.",Rejected during recovery audit; not approved for publication.,"A page-specific, source-supported claim would be required.",solutions/tablet-lamination.html,No source supplied in legacy card,2026-08-07,Yes,No
LEGACY-0799,"Compression profiles should be reviewed, not just peak force.","Compression profiles should be reviewed, not just peak force.",Generic filler,"The card substitutes a topic label into a repeated template; it does not state a discrete, source-supported engineering fact.",Rejected during recovery audit; not approved for publication.,"A page-specific, source-supported claim would be required.",solutions/tablet-lamination.html,No source supplied in legacy card,2026-08-07,Yes,No
LEGACY-0800,Ejection force is a useful diagnostic.,Ejection force is a useful diagnostic.,Generic filler,"The card substitutes a topic label into a repeated template; it does not state a discrete, source-supported engineering fact.",Rejected during recovery audit; not approved for publication.,"A page-specific, source-supported claim would be required.",solutions/tablet-lamination.html,No source supplied in legacy card,2026-08-07,Yes,No
LEGACY-0801,Good-batch comparisons are valuable.,Good-batch comparisons are valuable.,Generic filler,"The card substitutes a topic label into a repeated template; it does not state a discrete, source-supported engineering fact.",Rejected during recovery audit; not approved for publication.,"A page-specific, source-supported claim would be required.",solutions/tablet-lamination.html,No source supplied in legacy card,2026-08-07,Yes,No
LEGACY-0802,One-variable trials improve learning.,One-variable trials improve learning.,Generic filler,"The card substitutes a topic label into a repeated template; it does not state a discrete, source-supported engineering fact.",Rejected during recovery audit; not approved for publication.,"A page-specific, source-supported claim would be required.",solutions/tablet-lamination.html,No source supplied in legacy card,2026-08-07,Yes,No
LEGACY-0803,Cross-sectional imaging can reveal internal planes.,Cross-sectional imaging can reveal internal planes.,Generic filler,"The card substitutes a topic label into a repeated template; it does not state a discrete, source-supported engineering fact.",Rejected during recovery audit; not approved for publication.,"A page-specific, source-supported claim would be required.",solutions/tablet-lamination.html,No source supplied in legacy card,2026-08-07,Yes,No
LEGACY-0804,Density distribution may influence lamination.,Density distribution may influence lamination.,Generic filler,"The card substitutes a topic label into a repeated template; it does not state a discrete, source-supported engineering fact.",Rejected during recovery audit; not approved for publication.,"A page-specific, source-supported claim would be required.",solutions/tablet-lamination.html,No source supplied in legacy card,2026-08-07,Yes,No
LEGACY-0805,Hold time before compression matters.,Hold time before compression matters.,Generic filler,"The card substitutes a topic label into a repeated template; it does not state a discrete, source-supported engineering fact.",Rejected during recovery audit; not approved for publication.,"A page-specific, source-supported claim would be required.",solutions/tablet-lamination.html,No source supplied in legacy card,2026-08-07,Yes,No
LEGACY-0806,Tablet design can influence risk.,Tablet design can influence risk.,Generic filler,"The card substitutes a topic label into a repeated template; it does not state a discrete, source-supported engineering fact.",Rejected during recovery audit; not approved for publication.,"A page-specific, source-supported claim would be required.",solutions/tablet-lamination.html,No source supplied in legacy card,2026-08-07,Yes,No
LEGACY-0807,Tooling restoration may help only when tooling condition contributes.,Tooling restoration may help only when tooling condition contributes.,Generic filler,"The card substitutes a topic label into a repeated template; it does not state a discrete, source-supported engineering fact.",Rejected during recovery audit; not approved for publication.,"A page-specific, source-supported claim would be required.",solutions/tablet-lamination.html,No source supplied in legacy card,2026-08-07,Yes,No
LEGACY-0808,Replacement may be needed for severe tooling damage.,Replacement may be needed for severe tooling damage.,Generic filler,"The card substitutes a topic label into a repeated template; it does not state a discrete, source-supported engineering fact.",Rejected during recovery audit; not approved for publication.,"A page-specific, source-supported claim would be required.",solutions/tablet-lamination.html,No source supplied in legacy card,2026-08-07,Yes,No
LEGACY-0809,Documentation supports recurrence prevention.,Documentation supports recurrence prevention.,Generic filler,"The card substitutes a topic label into a repeated template; it does not state a discrete, source-supported engineering fact.",Rejected during recovery audit; not approved for publication.,"A page-specific, source-supported claim would be required.",solutions/tablet-lamination.html,No source supplied in legacy card,2026-08-07,Yes,No
LEGACY-0810,The best solution is mechanism-specific.,The best solution is mechanism-specific.,Generic filler,"The card substitutes a topic label into a repeated template; it does not state a discrete, source-supported engineering fact.",Rejected during recovery audit; not approved for publication.,"A page-specific, source-supported claim would be required.",solutions/tablet-lamination.html,No source supplied in legacy card,2026-08-07,Yes,No
LEGACY-0811,Tablet picking is localized adhesion.,Tablet picking is localized adhesion.,Generic filler,"The card substitutes a topic label into a repeated template; it does not state a discrete, source-supported engineering fact.",Rejected during recovery audit; not approved for publication.,"A page-specific, source-supported claim would be required.",solutions/tablet-picking.html,No source supplied in legacy card,2026-08-07,Yes,No
LEGACY-0812,Picking differs from broad sticking.,Picking differs from broad sticking.,Generic filler,"The card substitutes a topic label into a repeated template; it does not state a discrete, source-supported engineering fact.",Rejected during recovery audit; not approved for publication.,"A page-specific, source-supported claim would be required.",solutions/tablet-picking.html,No source supplied in legacy card,2026-08-07,Yes,No
LEGACY-0813,Deep engraving can increase retention risk.,Deep engraving can increase retention risk.,Generic filler,"The card substitutes a topic label into a repeated template; it does not state a discrete, source-supported engineering fact.",Rejected during recovery audit; not approved for publication.,"A page-specific, source-supported claim would be required.",solutions/tablet-picking.html,No source supplied in legacy card,2026-08-07,Yes,No
LEGACY-0814,Narrow character spacing can trap product.,Narrow character spacing can trap product.,Generic filler,"The card substitutes a topic label into a repeated template; it does not state a discrete, source-supported engineering fact.",Rejected during recovery audit; not approved for publication.,"A page-specific, source-supported claim would be required.",solutions/tablet-picking.html,No source supplied in legacy card,2026-08-07,Yes,No
LEGACY-0815,Sharp internal corners can retain formulation.,Sharp internal corners can retain formulation.,Generic filler,"The card substitutes a topic label into a repeated template; it does not state a discrete, source-supported engineering fact.",Rejected during recovery audit; not approved for publication.,"A page-specific, source-supported claim would be required.",solutions/tablet-picking.html,No source supplied in legacy card,2026-08-07,Yes,No
LEGACY-0816,Character islands are vulnerable features.,Character islands are vulnerable features.,Generic filler,"The card substitutes a topic label into a repeated template; it does not state a discrete, source-supported engineering fact.",Rejected during recovery audit; not approved for publication.,"A page-specific, source-supported claim would be required.",solutions/tablet-picking.html,No source supplied in legacy card,2026-08-07,Yes,No
LEGACY-0817,Score lines can become picking sites.,Score lines can become picking sites.,Generic filler,"The card substitutes a topic label into a repeated template; it does not state a discrete, source-supported engineering fact.",Rejected during recovery audit; not approved for publication.,"A page-specific, source-supported claim would be required.",solutions/tablet-picking.html,No source supplied in legacy card,2026-08-07,Yes,No
LEGACY-0818,Rough engraving walls can anchor product.,Rough engraving walls can anchor product.,Generic filler,"The card substitutes a topic label into a repeated template; it does not state a discrete, source-supported engineering fact.",Rejected during recovery audit; not approved for publication.,"A page-specific, source-supported claim would be required.",solutions/tablet-picking.html,No source supplied in legacy card,2026-08-07,Yes,No
LEGACY-0819,Cup curvature changes local contact.,Cup curvature changes local contact.,Generic filler,"The card substitutes a topic label into a repeated template; it does not state a discrete, source-supported engineering fact.",Rejected during recovery audit; not approved for publication.,"A page-specific, source-supported claim would be required.",solutions/tablet-picking.html,No source supplied in legacy card,2026-08-07,Yes,No
LEGACY-0820,Formulation tackiness still matters.,Formulation tackiness still matters.,Generic filler,"The card substitutes a topic label into a repeated template; it does not state a discrete, source-supported engineering fact.",Rejected during recovery audit; not approved for publication.,"A page-specific, source-supported claim would be required.",solutions/tablet-picking.html,No source supplied in legacy card,2026-08-07,Yes,No
LEGACY-0821,Hygroscopic products may worsen over time.,Hygroscopic products may worsen over time.,Generic filler,"The card substitutes a topic label into a repeated template; it does not state a discrete, source-supported engineering fact.",Rejected during recovery audit; not approved for publication.,"A page-specific, source-supported claim would be required.",solutions/tablet-picking.html,No source supplied in legacy card,2026-08-07,Yes,No
LEGACY-0822,Heat can increase localized adhesion.,Heat can increase localized adhesion.,Generic filler,"The card substitutes a topic label into a repeated template; it does not state a discrete, source-supported engineering fact.",Rejected during recovery audit; not approved for publication.,"A page-specific, source-supported claim would be required.",solutions/tablet-picking.html,No source supplied in legacy card,2026-08-07,Yes,No
LEGACY-0823,Press speed affects buildup rate.,Press speed affects buildup rate.,Generic filler,"The card substitutes a topic label into a repeated template; it does not state a discrete, source-supported engineering fact.",Rejected during recovery audit; not approved for publication.,"A page-specific, source-supported claim would be required.",solutions/tablet-picking.html,No source supplied in legacy card,2026-08-07,Yes,No
LEGACY-0824,Compression force can change feature contact.,Compression force can change feature contact.,Generic filler,"The card substitutes a topic label into a repeated template; it does not state a discrete, source-supported engineering fact.",Rejected during recovery audit; not approved for publication.,"A page-specific, source-supported claim would be required.",solutions/tablet-picking.html,No source supplied in legacy card,2026-08-07,Yes,No
LEGACY-0825,Dwell time influences consolidation.,Dwell time influences consolidation.,Generic filler,"The card substitutes a topic label into a repeated template; it does not state a discrete, source-supported engineering fact.",Rejected during recovery audit; not approved for publication.,"A page-specific, source-supported claim would be required.",solutions/tablet-picking.html,No source supplied in legacy card,2026-08-07,Yes,No
LEGACY-0826,Fines may pack into engraving.,Fines may pack into engraving.,Generic filler,"The card substitutes a topic label into a repeated template; it does not state a discrete, source-supported engineering fact.",Rejected during recovery audit; not approved for publication.,"A page-specific, source-supported claim would be required.",solutions/tablet-picking.html,No source supplied in legacy card,2026-08-07,Yes,No
LEGACY-0827,Binder distribution can localize adhesion.,Binder distribution can localize adhesion.,Generic filler,"The card substitutes a topic label into a repeated template; it does not state a discrete, source-supported engineering fact.",Rejected during recovery audit; not approved for publication.,"A page-specific, source-supported claim would be required.",solutions/tablet-picking.html,No source supplied in legacy card,2026-08-07,Yes,No
LEGACY-0828,Lubrication can affect picking indirectly.,Lubrication can affect picking indirectly.,Generic filler,"The card substitutes a topic label into a repeated template; it does not state a discrete, source-supported engineering fact.",Rejected during recovery audit; not approved for publication.,"A page-specific, source-supported claim would be required.",solutions/tablet-picking.html,No source supplied in legacy card,2026-08-07,Yes,No
LEGACY-0829,Punch-face scratches near engraving matter.,Punch-face scratches near engraving matter.,Generic filler,"The card substitutes a topic label into a repeated template; it does not state a discrete, source-supported engineering fact.",Rejected during recovery audit; not approved for publication.,"A page-specific, source-supported claim would be required.",solutions/tablet-picking.html,No source supplied in legacy card,2026-08-07,Yes,No
LEGACY-0830,Corrosion inside engraving is difficult to clean.,Corrosion inside engraving is difficult to clean.,Generic filler,"The card substitutes a topic label into a repeated template; it does not state a discrete, source-supported engineering fact.",Rejected during recovery audit; not approved for publication.,"A page-specific, source-supported claim would be required.",solutions/tablet-picking.html,No source supplied in legacy card,2026-08-07,Yes,No
LEGACY-0831,Polishing engraving is high risk.,Polishing engraving is high risk.,Generic filler,"The card substitutes a topic label into a repeated template; it does not state a discrete, source-supported engineering fact.",Rejected during recovery audit; not approved for publication.,"A page-specific, source-supported claim would be required.",solutions/tablet-picking.html,No source supplied in legacy card,2026-08-07,Yes,No
LEGACY-0832,Pre-picking relief must be engineered.,Pre-picking relief must be engineered.,Generic filler,"The card substitutes a topic label into a repeated template; it does not state a discrete, source-supported engineering fact.",Rejected during recovery audit; not approved for publication.,"A page-specific, source-supported claim would be required.",solutions/tablet-picking.html,No source supplied in legacy card,2026-08-07,Yes,No
LEGACY-0833,Font selection affects compression performance.,Font selection affects compression performance.,Generic filler,"The card substitutes a topic label into a repeated template; it does not state a discrete, source-supported engineering fact.",Rejected during recovery audit; not approved for publication.,"A page-specific, source-supported claim would be required.",solutions/tablet-picking.html,No source supplied in legacy card,2026-08-07,Yes,No
LEGACY-0834,Logo complexity can increase risk.,Logo complexity can increase risk.,Generic filler,"The card substitutes a topic label into a repeated template; it does not state a discrete, source-supported engineering fact.",Rejected during recovery audit; not approved for publication.,"A page-specific, source-supported claim would be required.",solutions/tablet-picking.html,No source supplied in legacy card,2026-08-07,Yes,No
LEGACY-0835,Feature depth should match tablet design.,Feature depth should match tablet design.,Generic filler,"The card substitutes a topic label into a repeated template; it does not state a discrete, source-supported engineering fact.",Rejected during recovery audit; not approved for publication.,"A page-specific, source-supported claim would be required.",solutions/tablet-picking.html,No source supplied in legacy card,2026-08-07,Yes,No
LEGACY-0836,Feature location affects stress.,Feature location affects stress.,Generic filler,"The card substitutes a topic label into a repeated template; it does not state a discrete, source-supported engineering fact.",Rejected during recovery audit; not approved for publication.,"A page-specific, source-supported claim would be required.",solutions/tablet-picking.html,No source supplied in legacy card,2026-08-07,Yes,No
LEGACY-0837,Upper and lower picking patterns may differ.,Upper and lower picking patterns may differ.,Generic filler,"The card substitutes a topic label into a repeated template; it does not state a discrete, source-supported engineering fact.",Rejected during recovery audit; not approved for publication.,"A page-specific, source-supported claim would be required.",solutions/tablet-picking.html,No source supplied in legacy card,2026-08-07,Yes,No
LEGACY-0838,Station-specific picking suggests local tooling damage.,Station-specific picking suggests local tooling damage.,Generic filler,"The card substitutes a topic label into a repeated template; it does not state a discrete, source-supported engineering fact.",Rejected during recovery audit; not approved for publication.,"A page-specific, source-supported claim would be required.",solutions/tablet-picking.html,No source supplied in legacy card,2026-08-07,Yes,No
LEGACY-0839,Set-wide picking suggests a broader cause.,Set-wide picking suggests a broader cause.,Generic filler,"The card substitutes a topic label into a repeated template; it does not state a discrete, source-supported engineering fact.",Rejected during recovery audit; not approved for publication.,"A page-specific, source-supported claim would be required.",solutions/tablet-picking.html,No source supplied in legacy card,2026-08-07,Yes,No
LEGACY-0840,Filming can develop before visible picking.,Filming can develop before visible picking.,Generic filler,"The card substitutes a topic label into a repeated template; it does not state a discrete, source-supported engineering fact.",Rejected during recovery audit; not approved for publication.,"A page-specific, source-supported claim would be required.",solutions/tablet-picking.html,No source supplied in legacy card,2026-08-07,Yes,No
LEGACY-0841,Cleaning residue inside engraving can contribute.,Cleaning residue inside engraving can contribute.,Generic filler,"The card substitutes a topic label into a repeated template; it does not state a discrete, source-supported engineering fact.",Rejected during recovery audit; not approved for publication.,"A page-specific, source-supported claim would be required.",solutions/tablet-picking.html,No source supplied in legacy card,2026-08-07,Yes,No
LEGACY-0842,Abrasive cleaning can worsen engraving.,Abrasive cleaning can worsen engraving.,Generic filler,"The card substitutes a topic label into a repeated template; it does not state a discrete, source-supported engineering fact.",Rejected during recovery audit; not approved for publication.,"A page-specific, source-supported claim would be required.",solutions/tablet-picking.html,No source supplied in legacy card,2026-08-07,Yes,No
LEGACY-0843,Coatings may help some picking mechanisms.,Coatings may help some picking mechanisms.,Generic filler,"The card substitutes a topic label into a repeated template; it does not state a discrete, source-supported engineering fact.",Rejected during recovery audit; not approved for publication.,"A page-specific, source-supported claim would be required.",solutions/tablet-picking.html,No source supplied in legacy card,2026-08-07,Yes,No
LEGACY-0844,Coating coverage in engraving requires attention.,Coating coverage in engraving requires attention.,Generic filler,"The card substitutes a topic label into a repeated template; it does not state a discrete, source-supported engineering fact.",Rejected during recovery audit; not approved for publication.,"A page-specific, source-supported claim would be required.",solutions/tablet-picking.html,No source supplied in legacy card,2026-08-07,Yes,No
LEGACY-0845,Coating damage may localize picking.,Coating damage may localize picking.,Generic filler,"The card substitutes a topic label into a repeated template; it does not state a discrete, source-supported engineering fact.",Rejected during recovery audit; not approved for publication.,"A page-specific, source-supported claim would be required.",solutions/tablet-picking.html,No source supplied in legacy card,2026-08-07,Yes,No
LEGACY-0846,Restoration may help recoverable picking damage.,Restoration may help recoverable picking damage.,Generic filler,"The card substitutes a topic label into a repeated template; it does not state a discrete, source-supported engineering fact.",Rejected during recovery audit; not approved for publication.,"A page-specific, source-supported claim would be required.",solutions/tablet-picking.html,No source supplied in legacy card,2026-08-07,Yes,No
LEGACY-0847,Replacement may be safer for severe engraving loss.,Replacement may be safer for severe engraving loss.,Generic filler,"The card substitutes a topic label into a repeated template; it does not state a discrete, source-supported engineering fact.",Rejected during recovery audit; not approved for publication.,"A page-specific, source-supported claim would be required.",solutions/tablet-picking.html,No source supplied in legacy card,2026-08-07,Yes,No
LEGACY-0848,Tablet photography should focus on the missing feature.,Tablet photography should focus on the missing feature.,Generic filler,"The card substitutes a topic label into a repeated template; it does not state a discrete, source-supported engineering fact.",Rejected during recovery audit; not approved for publication.,"A page-specific, source-supported claim would be required.",solutions/tablet-picking.html,No source supplied in legacy card,2026-08-07,Yes,No
LEGACY-0849,Time-to-picking is a useful metric.,Time-to-picking is a useful metric.,Generic filler,"The card substitutes a topic label into a repeated template; it does not state a discrete, source-supported engineering fact.",Rejected during recovery audit; not approved for publication.,"A page-specific, source-supported claim would be required.",solutions/tablet-picking.html,No source supplied in legacy card,2026-08-07,Yes,No
LEGACY-0850,Cleaning frequency can quantify severity.,Cleaning frequency can quantify severity.,Generic filler,"The card substitutes a topic label into a repeated template; it does not state a discrete, source-supported engineering fact.",Rejected during recovery audit; not approved for publication.,"A page-specific, source-supported claim would be required.",solutions/tablet-picking.html,No source supplied in legacy card,2026-08-07,Yes,No
LEGACY-0851,Controlled trials should isolate variables.,Controlled trials should isolate variables.,Generic filler,"The card substitutes a topic label into a repeated template; it does not state a discrete, source-supported engineering fact.",Rejected during recovery audit; not approved for publication.,"A page-specific, source-supported claim would be required.",solutions/tablet-picking.html,No source supplied in legacy card,2026-08-07,Yes,No
LEGACY-0852,Picking can be product-specific.,Picking can be product-specific.,Generic filler,"The card substitutes a topic label into a repeated template; it does not state a discrete, source-supported engineering fact.",Rejected during recovery audit; not approved for publication.,"A page-specific, source-supported claim would be required.",solutions/tablet-picking.html,No source supplied in legacy card,2026-08-07,Yes,No
LEGACY-0853,Manufacturability review is preventive.,Manufacturability review is preventive.,Generic filler,"The card substitutes a topic label into a repeated template; it does not state a discrete, source-supported engineering fact.",Rejected during recovery audit; not approved for publication.,"A page-specific, source-supported claim would be required.",solutions/tablet-picking.html,No source supplied in legacy card,2026-08-07,Yes,No
LEGACY-0854,Technical communication should use exact feature names.,Technical communication should use exact feature names.,Generic filler,"The card substitutes a topic label into a repeated template; it does not state a discrete, source-supported engineering fact.",Rejected during recovery audit; not approved for publication.,"A page-specific, source-supported claim would be required.",solutions/tablet-picking.html,No source supplied in legacy card,2026-08-07,Yes,No
LEGACY-0855,The strongest picking solution is application-specific.,The strongest picking solution is application-specific.,Generic filler,"The card substitutes a topic label into a repeated template; it does not state a discrete, source-supported engineering fact.",Rejected during recovery audit; not approved for publication.,"A page-specific, source-supported claim would be required.",solutions/tablet-picking.html,No source supplied in legacy card,2026-08-07,Yes,No
LEGACY-0856,Particle Cutting,Particle Cutting must be evaluated in context.,Generic filler,"The card substitutes a topic label into a repeated template; it does not state a discrete, source-supported engineering fact.",Rejected during recovery audit; not approved for publication.,"A page-specific, source-supported claim would be required.",solutions/tablet-punch-abrasion.html,No source supplied in legacy card,2026-08-07,Yes,No
LEGACY-0857,Abrasive Excipients,Abrasive Excipients must be evaluated in context.,Generic filler,"The card substitutes a topic label into a repeated template; it does not state a discrete, source-supported engineering fact.",Rejected during recovery audit; not approved for publication.,"A page-specific, source-supported claim would be required.",solutions/tablet-punch-abrasion.html,No source supplied in legacy card,2026-08-07,Yes,No
LEGACY-0858,Granule Hardness,Granule Hardness must be evaluated in context.,Generic filler,"The card substitutes a topic label into a repeated template; it does not state a discrete, source-supported engineering fact.",Rejected during recovery audit; not approved for publication.,"A page-specific, source-supported claim would be required.",solutions/tablet-punch-abrasion.html,No source supplied in legacy card,2026-08-07,Yes,No
LEGACY-0859,Fines,Fines must be evaluated in context.,Generic filler,"The card substitutes a topic label into a repeated template; it does not state a discrete, source-supported engineering fact.",Rejected during recovery audit; not approved for publication.,"A page-specific, source-supported claim would be required.",solutions/tablet-punch-abrasion.html,No source supplied in legacy card,2026-08-07,Yes,No
LEGACY-0860,Contamination,Contamination must be evaluated in context.,Generic filler,"The card substitutes a topic label into a repeated template; it does not state a discrete, source-supported engineering fact.",Rejected during recovery audit; not approved for publication.,"A page-specific, source-supported claim would be required.",solutions/tablet-punch-abrasion.html,No source supplied in legacy card,2026-08-07,Yes,No
LEGACY-0861,Punch-Face Abrasion,Punch-Face Abrasion must be evaluated in context.,Generic filler,"The card substitutes a topic label into a repeated template; it does not state a discrete, source-supported engineering fact.",Rejected during recovery audit; not approved for publication.,"A page-specific, source-supported claim would be required.",solutions/tablet-punch-abrasion.html,No source supplied in legacy card,2026-08-07,Yes,No
LEGACY-0862,Engraving Abrasion,Engraving Abrasion must be evaluated in context.,Generic filler,"The card substitutes a topic label into a repeated template; it does not state a discrete, source-supported engineering fact.",Rejected during recovery audit; not approved for publication.,"A page-specific, source-supported claim would be required.",solutions/tablet-punch-abrasion.html,No source supplied in legacy card,2026-08-07,Yes,No
LEGACY-0863,Score-Line Wear,Score-Line Wear must be evaluated in context.,Generic filler,"The card substitutes a topic label into a repeated template; it does not state a discrete, source-supported engineering fact.",Rejected during recovery audit; not approved for publication.,"A page-specific, source-supported claim would be required.",solutions/tablet-punch-abrasion.html,No source supplied in legacy card,2026-08-07,Yes,No
LEGACY-0864,Land Erosion,Land Erosion must be evaluated in context.,Generic filler,"The card substitutes a topic label into a repeated template; it does not state a discrete, source-supported engineering fact.",Rejected during recovery audit; not approved for publication.,"A page-specific, source-supported claim would be required.",solutions/tablet-punch-abrasion.html,No source supplied in legacy card,2026-08-07,Yes,No
LEGACY-0865,Die-Bore Abrasion,Die-Bore Abrasion must be evaluated in context.,Generic filler,"The card substitutes a topic label into a repeated template; it does not state a discrete, source-supported engineering fact.",Rejected during recovery audit; not approved for publication.,"A page-specific, source-supported claim would be required.",solutions/tablet-punch-abrasion.html,No source supplied in legacy card,2026-08-07,Yes,No
LEGACY-0866,Feed-Frame Wear,Feed-Frame Wear must be evaluated in context.,Generic filler,"The card substitutes a topic label into a repeated template; it does not state a discrete, source-supported engineering fact.",Rejected during recovery audit; not approved for publication.,"A page-specific, source-supported claim would be required.",solutions/tablet-punch-abrasion.html,No source supplied in legacy card,2026-08-07,Yes,No
LEGACY-0867,Production Volume,Production Volume must be evaluated in context.,Generic filler,"The card substitutes a topic label into a repeated template; it does not state a discrete, source-supported engineering fact.",Rejected during recovery audit; not approved for publication.,"A page-specific, source-supported claim would be required.",solutions/tablet-punch-abrasion.html,No source supplied in legacy card,2026-08-07,Yes,No
LEGACY-0868,Press Speed,Press Speed must be evaluated in context.,Generic filler,"The card substitutes a topic label into a repeated template; it does not state a discrete, source-supported engineering fact.",Rejected during recovery audit; not approved for publication.,"A page-specific, source-supported claim would be required.",solutions/tablet-punch-abrasion.html,No source supplied in legacy card,2026-08-07,Yes,No
LEGACY-0869,Compression Force,Compression Force must be evaluated in context.,Generic filler,"The card substitutes a topic label into a repeated template; it does not state a discrete, source-supported engineering fact.",Rejected during recovery audit; not approved for publication.,"A page-specific, source-supported claim would be required.",solutions/tablet-punch-abrasion.html,No source supplied in legacy card,2026-08-07,Yes,No
LEGACY-0870,Substrate Hardness,Substrate Hardness must be evaluated in context.,Generic filler,"The card substitutes a topic label into a repeated template; it does not state a discrete, source-supported engineering fact.",Rejected during recovery audit; not approved for publication.,"A page-specific, source-supported claim would be required.",solutions/tablet-punch-abrasion.html,No source supplied in legacy card,2026-08-07,Yes,No
LEGACY-0871,Powder-Metallurgy Steels,Powder-Metallurgy Steels must be evaluated in context.,Generic filler,"The card substitutes a topic label into a repeated template; it does not state a discrete, source-supported engineering fact.",Rejected during recovery audit; not approved for publication.,"A page-specific, source-supported claim would be required.",solutions/tablet-punch-abrasion.html,No source supplied in legacy card,2026-08-07,Yes,No
LEGACY-0872,Coating Hardness,Coating Hardness must be evaluated in context.,Generic filler,"The card substitutes a topic label into a repeated template; it does not state a discrete, source-supported engineering fact.",Rejected during recovery audit; not approved for publication.,"A page-specific, source-supported claim would be required.",solutions/tablet-punch-abrasion.html,No source supplied in legacy card,2026-08-07,Yes,No
LEGACY-0873,Coating Thickness,Coating Thickness must be evaluated in context.,Generic filler,"The card substitutes a topic label into a repeated template; it does not state a discrete, source-supported engineering fact.",Rejected during recovery audit; not approved for publication.,"A page-specific, source-supported claim would be required.",solutions/tablet-punch-abrasion.html,No source supplied in legacy card,2026-08-07,Yes,No
LEGACY-0874,Coating Defects,Coating Defects must be evaluated in context.,Generic filler,"The card substitutes a topic label into a repeated template; it does not state a discrete, source-supported engineering fact.",Rejected during recovery audit; not approved for publication.,"A page-specific, source-supported claim would be required.",solutions/tablet-punch-abrasion.html,No source supplied in legacy card,2026-08-07,Yes,No
LEGACY-0875,Crn Coatings,Crn Coatings must be evaluated in context.,Generic filler,"The card substitutes a topic label into a repeated template; it does not state a discrete, source-supported engineering fact.",Rejected during recovery audit; not approved for publication.,"A page-specific, source-supported claim would be required.",solutions/tablet-punch-abrasion.html,No source supplied in legacy card,2026-08-07,Yes,No
LEGACY-0876,Tin Coatings,Tin Coatings must be evaluated in context.,Generic filler,"The card substitutes a topic label into a repeated template; it does not state a discrete, source-supported engineering fact.",Rejected during recovery audit; not approved for publication.,"A page-specific, source-supported claim would be required.",solutions/tablet-punch-abrasion.html,No source supplied in legacy card,2026-08-07,Yes,No
LEGACY-0877,Ticn Coatings,Ticn Coatings must be evaluated in context.,Generic filler,"The card substitutes a topic label into a repeated template; it does not state a discrete, source-supported engineering fact.",Rejected during recovery audit; not approved for publication.,"A page-specific, source-supported claim would be required.",solutions/tablet-punch-abrasion.html,No source supplied in legacy card,2026-08-07,Yes,No
LEGACY-0878,Dlc Coatings,Dlc Coatings must be evaluated in context.,Generic filler,"The card substitutes a topic label into a repeated template; it does not state a discrete, source-supported engineering fact.",Rejected during recovery audit; not approved for publication.,"A page-specific, source-supported claim would be required.",solutions/tablet-punch-abrasion.html,No source supplied in legacy card,2026-08-07,Yes,No
LEGACY-0879,Surface Finish,Surface Finish must be evaluated in context.,Generic filler,"The card substitutes a topic label into a repeated template; it does not state a discrete, source-supported engineering fact.",Rejected during recovery audit; not approved for publication.,"A page-specific, source-supported claim would be required.",solutions/tablet-punch-abrasion.html,No source supplied in legacy card,2026-08-07,Yes,No
LEGACY-0880,Ra Limitations,Ra Limitations must be evaluated in context.,Generic filler,"The card substitutes a topic label into a repeated template; it does not state a discrete, source-supported engineering fact.",Rejected during recovery audit; not approved for publication.,"A page-specific, source-supported claim would be required.",solutions/tablet-punch-abrasion.html,No source supplied in legacy card,2026-08-07,Yes,No
LEGACY-0881,Cleaning Abrasion,Cleaning Abrasion must be evaluated in context.,Generic filler,"The card substitutes a topic label into a repeated template; it does not state a discrete, source-supported engineering fact.",Rejected during recovery audit; not approved for publication.,"A page-specific, source-supported claim would be required.",solutions/tablet-punch-abrasion.html,No source supplied in legacy card,2026-08-07,Yes,No
LEGACY-0882,Polishing Limits,Polishing Limits must be evaluated in context.,Generic filler,"The card substitutes a topic label into a repeated template; it does not state a discrete, source-supported engineering fact.",Rejected during recovery audit; not approved for publication.,"A page-specific, source-supported claim would be required.",solutions/tablet-punch-abrasion.html,No source supplied in legacy card,2026-08-07,Yes,No
LEGACY-0883,Restoration,Restoration must be evaluated in context.,Generic filler,"The card substitutes a topic label into a repeated template; it does not state a discrete, source-supported engineering fact.",Rejected during recovery audit; not approved for publication.,"A page-specific, source-supported claim would be required.",solutions/tablet-punch-abrasion.html,No source supplied in legacy card,2026-08-07,Yes,No
LEGACY-0884,Service Allowance,Service Allowance must be evaluated in context.,Generic filler,"The card substitutes a topic label into a repeated template; it does not state a discrete, source-supported engineering fact.",Rejected during recovery audit; not approved for publication.,"A page-specific, source-supported claim would be required.",solutions/tablet-punch-abrasion.html,No source supplied in legacy card,2026-08-07,Yes,No
LEGACY-0885,Replacement Criteria,Replacement Criteria must be evaluated in context.,Generic filler,"The card substitutes a topic label into a repeated template; it does not state a discrete, source-supported engineering fact.",Rejected during recovery audit; not approved for publication.,"A page-specific, source-supported claim would be required.",solutions/tablet-punch-abrasion.html,No source supplied in legacy card,2026-08-07,Yes,No
LEGACY-0886,Station Mapping,Station Mapping must be evaluated in context.,Generic filler,"The card substitutes a topic label into a repeated template; it does not state a discrete, source-supported engineering fact.",Rejected during recovery audit; not approved for publication.,"A page-specific, source-supported claim would be required.",solutions/tablet-punch-abrasion.html,No source supplied in legacy card,2026-08-07,Yes,No
LEGACY-0887,Set-Wide Abrasion,Set-Wide Abrasion must be evaluated in context.,Generic filler,"The card substitutes a topic label into a repeated template; it does not state a discrete, source-supported engineering fact.",Rejected during recovery audit; not approved for publication.,"A page-specific, source-supported claim would be required.",solutions/tablet-punch-abrasion.html,No source supplied in legacy card,2026-08-07,Yes,No
LEGACY-0888,Wear Debris,Wear Debris must be evaluated in context.,Generic filler,"The card substitutes a topic label into a repeated template; it does not state a discrete, source-supported engineering fact.",Rejected during recovery audit; not approved for publication.,"A page-specific, source-supported claim would be required.",solutions/tablet-punch-abrasion.html,No source supplied in legacy card,2026-08-07,Yes,No
LEGACY-0889,Microscopy,Microscopy must be evaluated in context.,Generic filler,"The card substitutes a topic label into a repeated template; it does not state a discrete, source-supported engineering fact.",Rejected during recovery audit; not approved for publication.,"A page-specific, source-supported claim would be required.",solutions/tablet-punch-abrasion.html,No source supplied in legacy card,2026-08-07,Yes,No
LEGACY-0890,Good-Tooling Controls,Good-Tooling Controls must be evaluated in context.,Generic filler,"The card substitutes a topic label into a repeated template; it does not state a discrete, source-supported engineering fact.",Rejected during recovery audit; not approved for publication.,"A page-specific, source-supported claim would be required.",solutions/tablet-punch-abrasion.html,No source supplied in legacy card,2026-08-07,Yes,No
LEGACY-0891,Tooling Identity,Tooling Identity must be evaluated in context.,Generic filler,"The card substitutes a topic label into a repeated template; it does not state a discrete, source-supported engineering fact.",Rejected during recovery audit; not approved for publication.,"A page-specific, source-supported claim would be required.",solutions/tablet-punch-abrasion.html,No source supplied in legacy card,2026-08-07,Yes,No
LEGACY-0892,Inspection Intervals,Inspection Intervals must be evaluated in context.,Generic filler,"The card substitutes a topic label into a repeated template; it does not state a discrete, source-supported engineering fact.",Rejected during recovery audit; not approved for publication.,"A page-specific, source-supported claim would be required.",solutions/tablet-punch-abrasion.html,No source supplied in legacy card,2026-08-07,Yes,No
LEGACY-0893,Corrosion Balance,Corrosion Balance must be evaluated in context.,Generic filler,"The card substitutes a topic label into a repeated template; it does not state a discrete, source-supported engineering fact.",Rejected during recovery audit; not approved for publication.,"A page-specific, source-supported claim would be required.",solutions/tablet-punch-abrasion.html,No source supplied in legacy card,2026-08-07,Yes,No
LEGACY-0894,Toughness,Toughness must be evaluated in context.,Generic filler,"The card substitutes a topic label into a repeated template; it does not state a discrete, source-supported engineering fact.",Rejected during recovery audit; not approved for publication.,"A page-specific, source-supported claim would be required.",solutions/tablet-punch-abrasion.html,No source supplied in legacy card,2026-08-07,Yes,No
LEGACY-0895,Heat Treatment,Heat Treatment must be evaluated in context.,Generic filler,"The card substitutes a topic label into a repeated template; it does not state a discrete, source-supported engineering fact.",Rejected during recovery audit; not approved for publication.,"A page-specific, source-supported claim would be required.",solutions/tablet-punch-abrasion.html,No source supplied in legacy card,2026-08-07,Yes,No
LEGACY-0896,Coating Adhesion,Coating Adhesion must be evaluated in context.,Generic filler,"The card substitutes a topic label into a repeated template; it does not state a discrete, source-supported engineering fact.",Rejected during recovery audit; not approved for publication.,"A page-specific, source-supported claim would be required.",solutions/tablet-punch-abrasion.html,No source supplied in legacy card,2026-08-07,Yes,No
LEGACY-0897,Edge Condition,Edge Condition must be evaluated in context.,Generic filler,"The card substitutes a topic label into a repeated template; it does not state a discrete, source-supported engineering fact.",Rejected during recovery audit; not approved for publication.,"A page-specific, source-supported claim would be required.",solutions/tablet-punch-abrasion.html,No source supplied in legacy card,2026-08-07,Yes,No
LEGACY-0898,Cleaning Intervals,Cleaning Intervals must be evaluated in context.,Generic filler,"The card substitutes a topic label into a repeated template; it does not state a discrete, source-supported engineering fact.",Rejected during recovery audit; not approved for publication.,"A page-specific, source-supported claim would be required.",solutions/tablet-punch-abrasion.html,No source supplied in legacy card,2026-08-07,Yes,No
LEGACY-0899,Wear-Rate Measurement,Wear-Rate Measurement must be evaluated in context.,Generic filler,"The card substitutes a topic label into a repeated template; it does not state a discrete, source-supported engineering fact.",Rejected during recovery audit; not approved for publication.,"A page-specific, source-supported claim would be required.",solutions/tablet-punch-abrasion.html,No source supplied in legacy card,2026-08-07,Yes,No
LEGACY-0900,Application-Specific Strategy,Application-Specific Strategy must be evaluated in context.,Generic filler,"The card substitutes a topic label into a repeated template; it does not state a discrete, source-supported engineering fact.",Rejected during recovery audit; not approved for publication.,"A page-specific, source-supported claim would be required.",solutions/tablet-punch-abrasion.html,No source supplied in legacy card,2026-08-07,Yes,No
LEGACY-0901,Tablet punch corrosion begins with a susceptible surface and environment.,Tablet punch corrosion begins with a susceptible surface and environment.,Generic filler,"The card substitutes a topic label into a repeated template; it does not state a discrete, source-supported engineering fact.",Rejected during recovery audit; not approved for publication.,"A page-specific, source-supported claim would be required.",solutions/tablet-punch-corrosion.html,No source supplied in legacy card,2026-08-07,Yes,No
LEGACY-0902,Pitting corrosion creates product-retention sites.,Pitting corrosion creates product-retention sites.,Generic filler,"The card substitutes a topic label into a repeated template; it does not state a discrete, source-supported engineering fact.",Rejected during recovery audit; not approved for publication.,"A page-specific, source-supported claim would be required.",solutions/tablet-punch-corrosion.html,No source supplied in legacy card,2026-08-07,Yes,No
LEGACY-0903,Surface rust is not the only corrosion form.,Surface rust is not the only corrosion form.,Generic filler,"The card substitutes a topic label into a repeated template; it does not state a discrete, source-supported engineering fact.",Rejected during recovery audit; not approved for publication.,"A page-specific, source-supported claim would be required.",solutions/tablet-punch-corrosion.html,No source supplied in legacy card,2026-08-07,Yes,No
LEGACY-0904,Cleaning chemistry can initiate corrosion.,Cleaning chemistry can initiate corrosion.,Generic filler,"The card substitutes a topic label into a repeated template; it does not state a discrete, source-supported engineering fact.",Rejected during recovery audit; not approved for publication.,"A page-specific, source-supported claim would be required.",solutions/tablet-punch-corrosion.html,No source supplied in legacy card,2026-08-07,Yes,No
LEGACY-0905,Water quality matters.,Water quality matters.,Generic filler,"The card substitutes a topic label into a repeated template; it does not state a discrete, source-supported engineering fact.",Rejected during recovery audit; not approved for publication.,"A page-specific, source-supported claim would be required.",solutions/tablet-punch-corrosion.html,No source supplied in legacy card,2026-08-07,Yes,No
LEGACY-0906,Incomplete drying increases risk.,Incomplete drying increases risk.,Generic filler,"The card substitutes a topic label into a repeated template; it does not state a discrete, source-supported engineering fact.",Rejected during recovery audit; not approved for publication.,"A page-specific, source-supported claim would be required.",solutions/tablet-punch-corrosion.html,No source supplied in legacy card,2026-08-07,Yes,No
LEGACY-0907,Humidity during storage can cause corrosion.,Humidity during storage can cause corrosion.,Generic filler,"The card substitutes a topic label into a repeated template; it does not state a discrete, source-supported engineering fact.",Rejected during recovery audit; not approved for publication.,"A page-specific, source-supported claim would be required.",solutions/tablet-punch-corrosion.html,No source supplied in legacy card,2026-08-07,Yes,No
LEGACY-0908,Product residue can hold moisture and chemistry.,Product residue can hold moisture and chemistry.,Generic filler,"The card substitutes a topic label into a repeated template; it does not state a discrete, source-supported engineering fact.",Rejected during recovery audit; not approved for publication.,"A page-specific, source-supported claim would be required.",solutions/tablet-punch-corrosion.html,No source supplied in legacy card,2026-08-07,Yes,No
LEGACY-0909,Engraving is a high-risk corrosion zone.,Engraving is a high-risk corrosion zone.,Generic filler,"The card substitutes a topic label into a repeated template; it does not state a discrete, source-supported engineering fact.",Rejected during recovery audit; not approved for publication.,"A page-specific, source-supported claim would be required.",solutions/tablet-punch-corrosion.html,No source supplied in legacy card,2026-08-07,Yes,No
LEGACY-0910,Score lines can trap residue.,Score lines can trap residue.,Generic filler,"The card substitutes a topic label into a repeated template; it does not state a discrete, source-supported engineering fact.",Rejected during recovery audit; not approved for publication.,"A page-specific, source-supported claim would be required.",solutions/tablet-punch-corrosion.html,No source supplied in legacy card,2026-08-07,Yes,No
LEGACY-0911,Coating defects can expose the substrate.,Coating defects can expose the substrate.,Generic filler,"The card substitutes a topic label into a repeated template; it does not state a discrete, source-supported engineering fact.",Rejected during recovery audit; not approved for publication.,"A page-specific, source-supported claim would be required.",solutions/tablet-punch-corrosion.html,No source supplied in legacy card,2026-08-07,Yes,No
LEGACY-0912,Corrosion can spread beneath a coating.,Corrosion can spread beneath a coating.,Generic filler,"The card substitutes a topic label into a repeated template; it does not state a discrete, source-supported engineering fact.",Rejected during recovery audit; not approved for publication.,"A page-specific, source-supported claim would be required.",solutions/tablet-punch-corrosion.html,No source supplied in legacy card,2026-08-07,Yes,No
LEGACY-0913,CrN may support corrosion-related performance in suitable applications.,CrN may support corrosion-related performance in suitable applications.,Generic filler,"The card substitutes a topic label into a repeated template; it does not state a discrete, source-supported engineering fact.",Rejected during recovery audit; not approved for publication.,"A page-specific, source-supported claim would be required.",solutions/tablet-punch-corrosion.html,No source supplied in legacy card,2026-08-07,Yes,No
LEGACY-0914,DLC systems vary in corrosion behavior.,DLC systems vary in corrosion behavior.,Generic filler,"The card substitutes a topic label into a repeated template; it does not state a discrete, source-supported engineering fact.",Rejected during recovery audit; not approved for publication.,"A page-specific, source-supported claim would be required.",solutions/tablet-punch-corrosion.html,No source supplied in legacy card,2026-08-07,Yes,No
LEGACY-0915,TiN is not universally corrosion-resistant.,TiN is not universally corrosion-resistant.,Generic filler,"The card substitutes a topic label into a repeated template; it does not state a discrete, source-supported engineering fact.",Rejected during recovery audit; not approved for publication.,"A page-specific, source-supported claim would be required.",solutions/tablet-punch-corrosion.html,No source supplied in legacy card,2026-08-07,Yes,No
LEGACY-0916,TiCN should be evaluated for the actual environment.,TiCN should be evaluated for the actual environment.,Generic filler,"The card substitutes a topic label into a repeated template; it does not state a discrete, source-supported engineering fact.",Rejected during recovery audit; not approved for publication.,"A page-specific, source-supported claim would be required.",solutions/tablet-punch-corrosion.html,No source supplied in legacy card,2026-08-07,Yes,No
LEGACY-0917,Coating edges require attention.,Coating edges require attention.,Generic filler,"The card substitutes a topic label into a repeated template; it does not state a discrete, source-supported engineering fact.",Rejected during recovery audit; not approved for publication.,"A page-specific, source-supported claim would be required.",solutions/tablet-punch-corrosion.html,No source supplied in legacy card,2026-08-07,Yes,No
LEGACY-0918,Impact damage can initiate corrosion.,Impact damage can initiate corrosion.,Generic filler,"The card substitutes a topic label into a repeated template; it does not state a discrete, source-supported engineering fact.",Rejected during recovery audit; not approved for publication.,"A page-specific, source-supported claim would be required.",solutions/tablet-punch-corrosion.html,No source supplied in legacy card,2026-08-07,Yes,No
LEGACY-0919,Abrasive cleaning can remove protective surfaces.,Abrasive cleaning can remove protective surfaces.,Generic filler,"The card substitutes a topic label into a repeated template; it does not state a discrete, source-supported engineering fact.",Rejected during recovery audit; not approved for publication.,"A page-specific, source-supported claim would be required.",solutions/tablet-punch-corrosion.html,No source supplied in legacy card,2026-08-07,Yes,No
LEGACY-0920,Polishing can remove corrosion within limits.,Polishing can remove corrosion within limits.,Generic filler,"The card substitutes a topic label into a repeated template; it does not state a discrete, source-supported engineering fact.",Rejected during recovery audit; not approved for publication.,"A page-specific, source-supported claim would be required.",solutions/tablet-punch-corrosion.html,No source supplied in legacy card,2026-08-07,Yes,No
LEGACY-0921,Deep pitting may make restoration unsuitable.,Deep pitting may make restoration unsuitable.,Generic filler,"The card substitutes a topic label into a repeated template; it does not state a discrete, source-supported engineering fact.",Rejected during recovery audit; not approved for publication.,"A page-specific, source-supported claim would be required.",solutions/tablet-punch-corrosion.html,No source supplied in legacy card,2026-08-07,Yes,No
LEGACY-0922,Corrosion near edges can be more critical.,Corrosion near edges can be more critical.,Generic filler,"The card substitutes a topic label into a repeated template; it does not state a discrete, source-supported engineering fact.",Rejected during recovery audit; not approved for publication.,"A page-specific, source-supported claim would be required.",solutions/tablet-punch-corrosion.html,No source supplied in legacy card,2026-08-07,Yes,No
LEGACY-0923,Corrosion at machine-contact surfaces also matters.,Corrosion at machine-contact surfaces also matters.,Generic filler,"The card substitutes a topic label into a repeated template; it does not state a discrete, source-supported engineering fact.",Rejected during recovery audit; not approved for publication.,"A page-specific, source-supported claim would be required.",solutions/tablet-punch-corrosion.html,No source supplied in legacy card,2026-08-07,Yes,No
LEGACY-0924,Tool steel selection influences corrosion resistance.,Tool steel selection influences corrosion resistance.,Generic filler,"The card substitutes a topic label into a repeated template; it does not state a discrete, source-supported engineering fact.",Rejected during recovery audit; not approved for publication.,"A page-specific, source-supported claim would be required.",solutions/tablet-punch-corrosion.html,No source supplied in legacy card,2026-08-07,Yes,No
LEGACY-0925,Heat treatment and surface condition can influence behavior.,Heat treatment and surface condition can influence behavior.,Generic filler,"The card substitutes a topic label into a repeated template; it does not state a discrete, source-supported engineering fact.",Rejected during recovery audit; not approved for publication.,"A page-specific, source-supported claim would be required.",solutions/tablet-punch-corrosion.html,No source supplied in legacy card,2026-08-07,Yes,No
LEGACY-0926,Passivation and surface preparation require compatibility.,Passivation and surface preparation require compatibility.,Generic filler,"The card substitutes a topic label into a repeated template; it does not state a discrete, source-supported engineering fact.",Rejected during recovery audit; not approved for publication.,"A page-specific, source-supported claim would be required.",solutions/tablet-punch-corrosion.html,No source supplied in legacy card,2026-08-07,Yes,No
LEGACY-0927,Corrosion can alter surface roughness.,Corrosion can alter surface roughness.,Generic filler,"The card substitutes a topic label into a repeated template; it does not state a discrete, source-supported engineering fact.",Rejected during recovery audit; not approved for publication.,"A page-specific, source-supported claim would be required.",solutions/tablet-punch-corrosion.html,No source supplied in legacy card,2026-08-07,Yes,No
LEGACY-0928,Corrosion can contribute to sticking and picking.,Corrosion can contribute to sticking and picking.,Generic filler,"The card substitutes a topic label into a repeated template; it does not state a discrete, source-supported engineering fact.",Rejected during recovery audit; not approved for publication.,"A page-specific, source-supported claim would be required.",solutions/tablet-punch-corrosion.html,No source supplied in legacy card,2026-08-07,Yes,No
LEGACY-0929,Corrosion can accelerate wear.,Corrosion can accelerate wear.,Generic filler,"The card substitutes a topic label into a repeated template; it does not state a discrete, source-supported engineering fact.",Rejected during recovery audit; not approved for publication.,"A page-specific, source-supported claim would be required.",solutions/tablet-punch-corrosion.html,No source supplied in legacy card,2026-08-07,Yes,No
LEGACY-0930,Repeated corrosion indicates an unresolved system problem.,Repeated corrosion indicates an unresolved system problem.,Generic filler,"The card substitutes a topic label into a repeated template; it does not state a discrete, source-supported engineering fact.",Rejected during recovery audit; not approved for publication.,"A page-specific, source-supported claim would be required.",solutions/tablet-punch-corrosion.html,No source supplied in legacy card,2026-08-07,Yes,No
LEGACY-0931,International shipping can introduce moisture exposure.,International shipping can introduce moisture exposure.,Generic filler,"The card substitutes a topic label into a repeated template; it does not state a discrete, source-supported engineering fact.",Rejected during recovery audit; not approved for publication.,"A page-specific, source-supported claim would be required.",solutions/tablet-punch-corrosion.html,No source supplied in legacy card,2026-08-07,Yes,No
LEGACY-0932,Packaging materials should be clean and dry.,Packaging materials should be clean and dry.,Generic filler,"The card substitutes a topic label into a repeated template; it does not state a discrete, source-supported engineering fact.",Rejected during recovery audit; not approved for publication.,"A page-specific, source-supported claim would be required.",solutions/tablet-punch-corrosion.html,No source supplied in legacy card,2026-08-07,Yes,No
LEGACY-0933,Desiccants may help but are not a complete solution.,Desiccants may help but are not a complete solution.,Generic filler,"The card substitutes a topic label into a repeated template; it does not state a discrete, source-supported engineering fact.",Rejected during recovery audit; not approved for publication.,"A page-specific, source-supported claim would be required.",solutions/tablet-punch-corrosion.html,No source supplied in legacy card,2026-08-07,Yes,No
LEGACY-0934,Photographs should capture corrosion location and scale.,Photographs should capture corrosion location and scale.,Generic filler,"The card substitutes a topic label into a repeated template; it does not state a discrete, source-supported engineering fact.",Rejected during recovery audit; not approved for publication.,"A page-specific, source-supported claim would be required.",solutions/tablet-punch-corrosion.html,No source supplied in legacy card,2026-08-07,Yes,No
LEGACY-0935,Corrosion depth matters more than color alone.,Corrosion depth matters more than color alone.,Generic filler,"The card substitutes a topic label into a repeated template; it does not state a discrete, source-supported engineering fact.",Rejected during recovery audit; not approved for publication.,"A page-specific, source-supported claim would be required.",solutions/tablet-punch-corrosion.html,No source supplied in legacy card,2026-08-07,Yes,No
LEGACY-0936,Good and bad tooling should be compared.,Good and bad tooling should be compared.,Generic filler,"The card substitutes a topic label into a repeated template; it does not state a discrete, source-supported engineering fact.",Rejected during recovery audit; not approved for publication.,"A page-specific, source-supported claim would be required.",solutions/tablet-punch-corrosion.html,No source supplied in legacy card,2026-08-07,Yes,No
LEGACY-0937,Cleaning records are essential evidence.,Cleaning records are essential evidence.,Generic filler,"The card substitutes a topic label into a repeated template; it does not state a discrete, source-supported engineering fact.",Rejected during recovery audit; not approved for publication.,"A page-specific, source-supported claim would be required.",solutions/tablet-punch-corrosion.html,No source supplied in legacy card,2026-08-07,Yes,No
LEGACY-0938,Storage records can reveal exposure.,Storage records can reveal exposure.,Generic filler,"The card substitutes a topic label into a repeated template; it does not state a discrete, source-supported engineering fact.",Rejected during recovery audit; not approved for publication.,"A page-specific, source-supported claim would be required.",solutions/tablet-punch-corrosion.html,No source supplied in legacy card,2026-08-07,Yes,No
LEGACY-0939,Coating selection should include cleaning compatibility.,Coating selection should include cleaning compatibility.,Generic filler,"The card substitutes a topic label into a repeated template; it does not state a discrete, source-supported engineering fact.",Rejected during recovery audit; not approved for publication.,"A page-specific, source-supported claim would be required.",solutions/tablet-punch-corrosion.html,No source supplied in legacy card,2026-08-07,Yes,No
LEGACY-0940,Recoating requires substrate inspection.,Recoating requires substrate inspection.,Generic filler,"The card substitutes a topic label into a repeated template; it does not state a discrete, source-supported engineering fact.",Rejected during recovery audit; not approved for publication.,"A page-specific, source-supported claim would be required.",solutions/tablet-punch-corrosion.html,No source supplied in legacy card,2026-08-07,Yes,No
LEGACY-0941,Repeated stripping reduces remaining allowance.,Repeated stripping reduces remaining allowance.,Generic filler,"The card substitutes a topic label into a repeated template; it does not state a discrete, source-supported engineering fact.",Rejected during recovery audit; not approved for publication.,"A page-specific, source-supported claim would be required.",solutions/tablet-punch-corrosion.html,No source supplied in legacy card,2026-08-07,Yes,No
LEGACY-0942,Replacement may be safer for severe corrosion.,Replacement may be safer for severe corrosion.,Generic filler,"The card substitutes a topic label into a repeated template; it does not state a discrete, source-supported engineering fact.",Rejected during recovery audit; not approved for publication.,"A page-specific, source-supported claim would be required.",solutions/tablet-punch-corrosion.html,No source supplied in legacy card,2026-08-07,Yes,No
LEGACY-0943,Corrosion prevention should be validated in practice.,Corrosion prevention should be validated in practice.,Generic filler,"The card substitutes a topic label into a repeated template; it does not state a discrete, source-supported engineering fact.",Rejected during recovery audit; not approved for publication.,"A page-specific, source-supported claim would be required.",solutions/tablet-punch-corrosion.html,No source supplied in legacy card,2026-08-07,Yes,No
LEGACY-0944,Corrosion terminology should be precise.,Corrosion terminology should be precise.,Generic filler,"The card substitutes a topic label into a repeated template; it does not state a discrete, source-supported engineering fact.",Rejected during recovery audit; not approved for publication.,"A page-specific, source-supported claim would be required.",solutions/tablet-punch-corrosion.html,No source supplied in legacy card,2026-08-07,Yes,No
LEGACY-0945,The strongest corrosion solution is application-specific.,The strongest corrosion solution is application-specific.,Generic filler,"The card substitutes a topic label into a repeated template; it does not state a discrete, source-supported engineering fact.",Rejected during recovery audit; not approved for publication.,"A page-specific, source-supported claim would be required.",solutions/tablet-punch-corrosion.html,No source supplied in legacy card,2026-08-07,Yes,No
LEGACY-0946,Fracture Initiation,Fracture Initiation must be evaluated within the full tooling system.,Generic filler,"The card substitutes a topic label into a repeated template; it does not state a discrete, source-supported engineering fact.",Rejected during recovery audit; not approved for publication.,"A page-specific, source-supported claim would be required.",solutions/tablet-punch-cracking.html,No source supplied in legacy card,2026-08-07,Yes,No
LEGACY-0947,Visible Surface Cracks,Visible Surface Cracks must be evaluated within the full tooling system.,Generic filler,"The card substitutes a topic label into a repeated template; it does not state a discrete, source-supported engineering fact.",Rejected during recovery audit; not approved for publication.,"A page-specific, source-supported claim would be required.",solutions/tablet-punch-cracking.html,No source supplied in legacy card,2026-08-07,Yes,No
LEGACY-0948,Subsurface Cracking,Subsurface Cracking must be evaluated within the full tooling system.,Generic filler,"The card substitutes a topic label into a repeated template; it does not state a discrete, source-supported engineering fact.",Rejected during recovery audit; not approved for publication.,"A page-specific, source-supported claim would be required.",solutions/tablet-punch-cracking.html,No source supplied in legacy card,2026-08-07,Yes,No
LEGACY-0949,Stress Concentration,Stress Concentration must be evaluated within the full tooling system.,Generic filler,"The card substitutes a topic label into a repeated template; it does not state a discrete, source-supported engineering fact.",Rejected during recovery audit; not approved for publication.,"A page-specific, source-supported claim would be required.",solutions/tablet-punch-cracking.html,No source supplied in legacy card,2026-08-07,Yes,No
LEGACY-0950,Sharp Internal Corners,Sharp Internal Corners must be evaluated within the full tooling system.,Generic filler,"The card substitutes a topic label into a repeated template; it does not state a discrete, source-supported engineering fact.",Rejected during recovery audit; not approved for publication.,"A page-specific, source-supported claim would be required.",solutions/tablet-punch-cracking.html,No source supplied in legacy card,2026-08-07,Yes,No
LEGACY-0951,Engraving Islands,Engraving Islands must be evaluated within the full tooling system.,Generic filler,"The card substitutes a topic label into a repeated template; it does not state a discrete, source-supported engineering fact.",Rejected during recovery audit; not approved for publication.,"A page-specific, source-supported claim would be required.",solutions/tablet-punch-cracking.html,No source supplied in legacy card,2026-08-07,Yes,No
LEGACY-0952,Score-Line Geometry,Score-Line Geometry must be evaluated within the full tooling system.,Generic filler,"The card substitutes a topic label into a repeated template; it does not state a discrete, source-supported engineering fact.",Rejected during recovery audit; not approved for publication.,"A page-specific, source-supported claim would be required.",solutions/tablet-punch-cracking.html,No source supplied in legacy card,2026-08-07,Yes,No
LEGACY-0953,Deep Cup Geometry,Deep Cup Geometry must be evaluated within the full tooling system.,Generic filler,"The card substitutes a topic label into a repeated template; it does not state a discrete, source-supported engineering fact.",Rejected during recovery audit; not approved for publication.,"A page-specific, source-supported claim would be required.",solutions/tablet-punch-cracking.html,No source supplied in legacy card,2026-08-07,Yes,No
LEGACY-0954,Thin Lands,Thin Lands must be evaluated within the full tooling system.,Generic filler,"The card substitutes a topic label into a repeated template; it does not state a discrete, source-supported engineering fact.",Rejected during recovery audit; not approved for publication.,"A page-specific, source-supported claim would be required.",solutions/tablet-punch-cracking.html,No source supplied in legacy card,2026-08-07,Yes,No
LEGACY-0955,Punch-Tip Overloading,Punch-Tip Overloading must be evaluated within the full tooling system.,Generic filler,"The card substitutes a topic label into a repeated template; it does not state a discrete, source-supported engineering fact.",Rejected during recovery audit; not approved for publication.,"A page-specific, source-supported claim would be required.",solutions/tablet-punch-cracking.html,No source supplied in legacy card,2026-08-07,Yes,No
LEGACY-0956,Press Misalignment,Press Misalignment must be evaluated within the full tooling system.,Generic filler,"The card substitutes a topic label into a repeated template; it does not state a discrete, source-supported engineering fact.",Rejected during recovery audit; not approved for publication.,"A page-specific, source-supported claim would be required.",solutions/tablet-punch-cracking.html,No source supplied in legacy card,2026-08-07,Yes,No
LEGACY-0957,Off-Center Loading,Off-Center Loading must be evaluated within the full tooling system.,Generic filler,"The card substitutes a topic label into a repeated template; it does not state a discrete, source-supported engineering fact.",Rejected during recovery audit; not approved for publication.,"A page-specific, source-supported claim would be required.",solutions/tablet-punch-cracking.html,No source supplied in legacy card,2026-08-07,Yes,No
LEGACY-0958,Impact Damage,Impact Damage must be evaluated within the full tooling system.,Generic filler,"The card substitutes a topic label into a repeated template; it does not state a discrete, source-supported engineering fact.",Rejected during recovery audit; not approved for publication.,"A page-specific, source-supported claim would be required.",solutions/tablet-punch-cracking.html,No source supplied in legacy card,2026-08-07,Yes,No
LEGACY-0959,Fatigue Cycling,Fatigue Cycling must be evaluated within the full tooling system.,Generic filler,"The card substitutes a topic label into a repeated template; it does not state a discrete, source-supported engineering fact.",Rejected during recovery audit; not approved for publication.,"A page-specific, source-supported claim would be required.",solutions/tablet-punch-cracking.html,No source supplied in legacy card,2026-08-07,Yes,No
LEGACY-0960,Material Toughness,Material Toughness must be evaluated within the full tooling system.,Generic filler,"The card substitutes a topic label into a repeated template; it does not state a discrete, source-supported engineering fact.",Rejected during recovery audit; not approved for publication.,"A page-specific, source-supported claim would be required.",solutions/tablet-punch-cracking.html,No source supplied in legacy card,2026-08-07,Yes,No
LEGACY-0961,Tool Steel Cleanliness,Tool Steel Cleanliness must be evaluated within the full tooling system.,Generic filler,"The card substitutes a topic label into a repeated template; it does not state a discrete, source-supported engineering fact.",Rejected during recovery audit; not approved for publication.,"A page-specific, source-supported claim would be required.",solutions/tablet-punch-cracking.html,No source supplied in legacy card,2026-08-07,Yes,No
LEGACY-0962,Heat-Treatment Quality,Heat-Treatment Quality must be evaluated within the full tooling system.,Generic filler,"The card substitutes a topic label into a repeated template; it does not state a discrete, source-supported engineering fact.",Rejected during recovery audit; not approved for publication.,"A page-specific, source-supported claim would be required.",solutions/tablet-punch-cracking.html,No source supplied in legacy card,2026-08-07,Yes,No
LEGACY-0963,Grinding Burn,Grinding Burn must be evaluated within the full tooling system.,Generic filler,"The card substitutes a topic label into a repeated template; it does not state a discrete, source-supported engineering fact.",Rejected during recovery audit; not approved for publication.,"A page-specific, source-supported claim would be required.",solutions/tablet-punch-cracking.html,No source supplied in legacy card,2026-08-07,Yes,No
LEGACY-0964,Residual Stress,Residual Stress must be evaluated within the full tooling system.,Generic filler,"The card substitutes a topic label into a repeated template; it does not state a discrete, source-supported engineering fact.",Rejected during recovery audit; not approved for publication.,"A page-specific, source-supported claim would be required.",solutions/tablet-punch-cracking.html,No source supplied in legacy card,2026-08-07,Yes,No
LEGACY-0965,Decarburization,Decarburization must be evaluated within the full tooling system.,Generic filler,"The card substitutes a topic label into a repeated template; it does not state a discrete, source-supported engineering fact.",Rejected during recovery audit; not approved for publication.,"A page-specific, source-supported claim would be required.",solutions/tablet-punch-cracking.html,No source supplied in legacy card,2026-08-07,Yes,No
LEGACY-0966,Coating Cracks,Coating Cracks must be evaluated within the full tooling system.,Generic filler,"The card substitutes a topic label into a repeated template; it does not state a discrete, source-supported engineering fact.",Rejected during recovery audit; not approved for publication.,"A page-specific, source-supported claim would be required.",solutions/tablet-punch-cracking.html,No source supplied in legacy card,2026-08-07,Yes,No
LEGACY-0967,Substrate Cracks,Substrate Cracks must be evaluated within the full tooling system.,Generic filler,"The card substitutes a topic label into a repeated template; it does not state a discrete, source-supported engineering fact.",Rejected during recovery audit; not approved for publication.,"A page-specific, source-supported claim would be required.",solutions/tablet-punch-cracking.html,No source supplied in legacy card,2026-08-07,Yes,No
LEGACY-0968,Corrosion-Assisted Cracking,Corrosion-Assisted Cracking must be evaluated within the full tooling system.,Generic filler,"The card substitutes a topic label into a repeated template; it does not state a discrete, source-supported engineering fact.",Rejected during recovery audit; not approved for publication.,"A page-specific, source-supported claim would be required.",solutions/tablet-punch-cracking.html,No source supplied in legacy card,2026-08-07,Yes,No
LEGACY-0969,Hydrogen-Related Damage,Hydrogen-Related Damage must be evaluated within the full tooling system.,Generic filler,"The card substitutes a topic label into a repeated template; it does not state a discrete, source-supported engineering fact.",Rejected during recovery audit; not approved for publication.,"A page-specific, source-supported claim would be required.",solutions/tablet-punch-cracking.html,No source supplied in legacy card,2026-08-07,Yes,No
LEGACY-0970,Thermal Cycling,Thermal Cycling must be evaluated within the full tooling system.,Generic filler,"The card substitutes a topic label into a repeated template; it does not state a discrete, source-supported engineering fact.",Rejected during recovery audit; not approved for publication.,"A page-specific, source-supported claim would be required.",solutions/tablet-punch-cracking.html,No source supplied in legacy card,2026-08-07,Yes,No
LEGACY-0971,Handling Damage,Handling Damage must be evaluated within the full tooling system.,Generic filler,"The card substitutes a topic label into a repeated template; it does not state a discrete, source-supported engineering fact.",Rejected during recovery audit; not approved for publication.,"A page-specific, source-supported claim would be required.",solutions/tablet-punch-cracking.html,No source supplied in legacy card,2026-08-07,Yes,No
LEGACY-0972,Installation Damage,Installation Damage must be evaluated within the full tooling system.,Generic filler,"The card substitutes a topic label into a repeated template; it does not state a discrete, source-supported engineering fact.",Rejected during recovery audit; not approved for publication.,"A page-specific, source-supported claim would be required.",solutions/tablet-punch-cracking.html,No source supplied in legacy card,2026-08-07,Yes,No
LEGACY-0973,Head And Barrel Inspection,Head And Barrel Inspection must be evaluated within the full tooling system.,Generic filler,"The card substitutes a topic label into a repeated template; it does not state a discrete, source-supported engineering fact.",Rejected during recovery audit; not approved for publication.,"A page-specific, source-supported claim would be required.",solutions/tablet-punch-cracking.html,No source supplied in legacy card,2026-08-07,Yes,No
LEGACY-0974,Keyway Stress,Keyway Stress must be evaluated within the full tooling system.,Generic filler,"The card substitutes a topic label into a repeated template; it does not state a discrete, source-supported engineering fact.",Rejected during recovery audit; not approved for publication.,"A page-specific, source-supported claim would be required.",solutions/tablet-punch-cracking.html,No source supplied in legacy card,2026-08-07,Yes,No
LEGACY-0975,Multi-Tip Tooling Stress,Multi-Tip Tooling Stress must be evaluated within the full tooling system.,Generic filler,"The card substitutes a topic label into a repeated template; it does not state a discrete, source-supported engineering fact.",Rejected during recovery audit; not approved for publication.,"A page-specific, source-supported claim would be required.",solutions/tablet-punch-cracking.html,No source supplied in legacy card,2026-08-07,Yes,No
LEGACY-0976,Station-Specific Cracking,Station-Specific Cracking must be evaluated within the full tooling system.,Generic filler,"The card substitutes a topic label into a repeated template; it does not state a discrete, source-supported engineering fact.",Rejected during recovery audit; not approved for publication.,"A page-specific, source-supported claim would be required.",solutions/tablet-punch-cracking.html,No source supplied in legacy card,2026-08-07,Yes,No
LEGACY-0977,Set-Wide Cracking,Set-Wide Cracking must be evaluated within the full tooling system.,Generic filler,"The card substitutes a topic label into a repeated template; it does not state a discrete, source-supported engineering fact.",Rejected during recovery audit; not approved for publication.,"A page-specific, source-supported claim would be required.",solutions/tablet-punch-cracking.html,No source supplied in legacy card,2026-08-07,Yes,No
LEGACY-0978,Crack-Detection Methods,Crack-Detection Methods must be evaluated within the full tooling system.,Generic filler,"The card substitutes a topic label into a repeated template; it does not state a discrete, source-supported engineering fact.",Rejected during recovery audit; not approved for publication.,"A page-specific, source-supported claim would be required.",solutions/tablet-punch-cracking.html,No source supplied in legacy card,2026-08-07,Yes,No
LEGACY-0979,Magnified Visual Inspection,Magnified Visual Inspection must be evaluated within the full tooling system.,Generic filler,"The card substitutes a topic label into a repeated template; it does not state a discrete, source-supported engineering fact.",Rejected during recovery audit; not approved for publication.,"A page-specific, source-supported claim would be required.",solutions/tablet-punch-cracking.html,No source supplied in legacy card,2026-08-07,Yes,No
LEGACY-0980,Dye Penetrant Limits,Dye Penetrant Limits must be evaluated within the full tooling system.,Generic filler,"The card substitutes a topic label into a repeated template; it does not state a discrete, source-supported engineering fact.",Rejected during recovery audit; not approved for publication.,"A page-specific, source-supported claim would be required.",solutions/tablet-punch-cracking.html,No source supplied in legacy card,2026-08-07,Yes,No
LEGACY-0981,Microscopy,Microscopy must be evaluated within the full tooling system.,Generic filler,"The card substitutes a topic label into a repeated template; it does not state a discrete, source-supported engineering fact.",Rejected during recovery audit; not approved for publication.,"A page-specific, source-supported claim would be required.",solutions/tablet-punch-cracking.html,No source supplied in legacy card,2026-08-07,Yes,No
LEGACY-0982,Fractography,Fractography must be evaluated within the full tooling system.,Generic filler,"The card substitutes a topic label into a repeated template; it does not state a discrete, source-supported engineering fact.",Rejected during recovery audit; not approved for publication.,"A page-specific, source-supported claim would be required.",solutions/tablet-punch-cracking.html,No source supplied in legacy card,2026-08-07,Yes,No
LEGACY-0983,Dimensional Inspection,Dimensional Inspection must be evaluated within the full tooling system.,Generic filler,"The card substitutes a topic label into a repeated template; it does not state a discrete, source-supported engineering fact.",Rejected during recovery audit; not approved for publication.,"A page-specific, source-supported claim would be required.",solutions/tablet-punch-cracking.html,No source supplied in legacy card,2026-08-07,Yes,No
LEGACY-0984,Service-History Review,Service-History Review must be evaluated within the full tooling system.,Generic filler,"The card substitutes a topic label into a repeated template; it does not state a discrete, source-supported engineering fact.",Rejected during recovery audit; not approved for publication.,"A page-specific, source-supported claim would be required.",solutions/tablet-punch-cracking.html,No source supplied in legacy card,2026-08-07,Yes,No
LEGACY-0985,Restore-Versus-Replace Limits,Restore-Versus-Replace Limits must be evaluated within the full tooling system.,Generic filler,"The card substitutes a topic label into a repeated template; it does not state a discrete, source-supported engineering fact.",Rejected during recovery audit; not approved for publication.,"A page-specific, source-supported claim would be required.",solutions/tablet-punch-cracking.html,No source supplied in legacy card,2026-08-07,Yes,No
LEGACY-0986,Quarantine Procedure,Quarantine Procedure must be evaluated within the full tooling system.,Generic filler,"The card substitutes a topic label into a repeated template; it does not state a discrete, source-supported engineering fact.",Rejected during recovery audit; not approved for publication.,"A page-specific, source-supported claim would be required.",solutions/tablet-punch-cracking.html,No source supplied in legacy card,2026-08-07,Yes,No
LEGACY-0987,Root-Cause Reporting,Root-Cause Reporting must be evaluated within the full tooling system.,Generic filler,"The card substitutes a topic label into a repeated template; it does not state a discrete, source-supported engineering fact.",Rejected during recovery audit; not approved for publication.,"A page-specific, source-supported claim would be required.",solutions/tablet-punch-cracking.html,No source supplied in legacy card,2026-08-07,Yes,No
LEGACY-0988,Preventive Design Review,Preventive Design Review must be evaluated within the full tooling system.,Generic filler,"The card substitutes a topic label into a repeated template; it does not state a discrete, source-supported engineering fact.",Rejected during recovery audit; not approved for publication.,"A page-specific, source-supported claim would be required.",solutions/tablet-punch-cracking.html,No source supplied in legacy card,2026-08-07,Yes,No
LEGACY-0989,Supplier Communication,Supplier Communication must be evaluated within the full tooling system.,Generic filler,"The card substitutes a topic label into a repeated template; it does not state a discrete, source-supported engineering fact.",Rejected during recovery audit; not approved for publication.,"A page-specific, source-supported claim would be required.",solutions/tablet-punch-cracking.html,No source supplied in legacy card,2026-08-07,Yes,No
LEGACY-0990,Return-To-Service Approval,Return-To-Service Approval must be evaluated within the full tooling system.,Generic filler,"The card substitutes a topic label into a repeated template; it does not state a discrete, source-supported engineering fact.",Rejected during recovery audit; not approved for publication.,"A page-specific, source-supported claim would be required.",solutions/tablet-punch-cracking.html,No source supplied in legacy card,2026-08-07,Yes,No
LEGACY-0991,Cyclic Loading,Cyclic Loading must be evaluated within the full tooling system.,Generic filler,"The card substitutes a topic label into a repeated template; it does not state a discrete, source-supported engineering fact.",Rejected during recovery audit; not approved for publication.,"A page-specific, source-supported claim would be required.",solutions/tablet-punch-fatigue.html,No source supplied in legacy card,2026-08-07,Yes,No
LEGACY-0992,High-Cycle Fatigue,High-Cycle Fatigue must be evaluated within the full tooling system.,Generic filler,"The card substitutes a topic label into a repeated template; it does not state a discrete, source-supported engineering fact.",Rejected during recovery audit; not approved for publication.,"A page-specific, source-supported claim would be required.",solutions/tablet-punch-fatigue.html,No source supplied in legacy card,2026-08-07,Yes,No
LEGACY-0993,Low-Cycle Fatigue,Low-Cycle Fatigue must be evaluated within the full tooling system.,Generic filler,"The card substitutes a topic label into a repeated template; it does not state a discrete, source-supported engineering fact.",Rejected during recovery audit; not approved for publication.,"A page-specific, source-supported claim would be required.",solutions/tablet-punch-fatigue.html,No source supplied in legacy card,2026-08-07,Yes,No
LEGACY-0994,Fatigue Crack Initiation,Fatigue Crack Initiation must be evaluated within the full tooling system.,Generic filler,"The card substitutes a topic label into a repeated template; it does not state a discrete, source-supported engineering fact.",Rejected during recovery audit; not approved for publication.,"A page-specific, source-supported claim would be required.",solutions/tablet-punch-fatigue.html,No source supplied in legacy card,2026-08-07,Yes,No
LEGACY-0995,Fatigue Crack Growth,Fatigue Crack Growth must be evaluated within the full tooling system.,Generic filler,"The card substitutes a topic label into a repeated template; it does not state a discrete, source-supported engineering fact.",Rejected during recovery audit; not approved for publication.,"A page-specific, source-supported claim would be required.",solutions/tablet-punch-fatigue.html,No source supplied in legacy card,2026-08-07,Yes,No
LEGACY-0996,Surface Defects,Surface Defects must be evaluated within the full tooling system.,Generic filler,"The card substitutes a topic label into a repeated template; it does not state a discrete, source-supported engineering fact.",Rejected during recovery audit; not approved for publication.,"A page-specific, source-supported claim would be required.",solutions/tablet-punch-fatigue.html,No source supplied in legacy card,2026-08-07,Yes,No
LEGACY-0997,Machining Marks,Machining Marks must be evaluated within the full tooling system.,Generic filler,"The card substitutes a topic label into a repeated template; it does not state a discrete, source-supported engineering fact.",Rejected during recovery audit; not approved for publication.,"A page-specific, source-supported claim would be required.",solutions/tablet-punch-fatigue.html,No source supplied in legacy card,2026-08-07,Yes,No
LEGACY-0998,Polishing Scratches,Polishing Scratches must be evaluated within the full tooling system.,Generic filler,"The card substitutes a topic label into a repeated template; it does not state a discrete, source-supported engineering fact.",Rejected during recovery audit; not approved for publication.,"A page-specific, source-supported claim would be required.",solutions/tablet-punch-fatigue.html,No source supplied in legacy card,2026-08-07,Yes,No
LEGACY-0999,Corrosion Pits,Corrosion Pits must be evaluated within the full tooling system.,Generic filler,"The card substitutes a topic label into a repeated template; it does not state a discrete, source-supported engineering fact.",Rejected during recovery audit; not approved for publication.,"A page-specific, source-supported claim would be required.",solutions/tablet-punch-fatigue.html,No source supplied in legacy card,2026-08-07,Yes,No
LEGACY-1000,Engraving Stress Risers,Engraving Stress Risers must be evaluated within the full tooling system.,Generic filler,"The card substitutes a topic label into a repeated template; it does not state a discrete, source-supported engineering fact.",Rejected during recovery audit; not approved for publication.,"A page-specific, source-supported claim would be required.",solutions/tablet-punch-fatigue.html,No source supplied in legacy card,2026-08-07,Yes,No
LEGACY-1001,Score-Line Stress,Score-Line Stress must be evaluated within the full tooling system.,Generic filler,"The card substitutes a topic label into a repeated template; it does not state a discrete, source-supported engineering fact.",Rejected during recovery audit; not approved for publication.,"A page-specific, source-supported claim would be required.",solutions/tablet-punch-fatigue.html,No source supplied in legacy card,2026-08-07,Yes,No
LEGACY-1002,Thin Sections,Thin Sections must be evaluated within the full tooling system.,Generic filler,"The card substitutes a topic label into a repeated template; it does not state a discrete, source-supported engineering fact.",Rejected during recovery audit; not approved for publication.,"A page-specific, source-supported claim would be required.",solutions/tablet-punch-fatigue.html,No source supplied in legacy card,2026-08-07,Yes,No
LEGACY-1003,Deep Cups,Deep Cups must be evaluated within the full tooling system.,Generic filler,"The card substitutes a topic label into a repeated template; it does not state a discrete, source-supported engineering fact.",Rejected during recovery audit; not approved for publication.,"A page-specific, source-supported claim would be required.",solutions/tablet-punch-fatigue.html,No source supplied in legacy card,2026-08-07,Yes,No
LEGACY-1004,Multi-Tip Geometry,Multi-Tip Geometry must be evaluated within the full tooling system.,Generic filler,"The card substitutes a topic label into a repeated template; it does not state a discrete, source-supported engineering fact.",Rejected during recovery audit; not approved for publication.,"A page-specific, source-supported claim would be required.",solutions/tablet-punch-fatigue.html,No source supplied in legacy card,2026-08-07,Yes,No
LEGACY-1005,Head Profile Loading,Head Profile Loading must be evaluated within the full tooling system.,Generic filler,"The card substitutes a topic label into a repeated template; it does not state a discrete, source-supported engineering fact.",Rejected during recovery audit; not approved for publication.,"A page-specific, source-supported claim would be required.",solutions/tablet-punch-fatigue.html,No source supplied in legacy card,2026-08-07,Yes,No
LEGACY-1006,Barrel Loading,Barrel Loading must be evaluated within the full tooling system.,Generic filler,"The card substitutes a topic label into a repeated template; it does not state a discrete, source-supported engineering fact.",Rejected during recovery audit; not approved for publication.,"A page-specific, source-supported claim would be required.",solutions/tablet-punch-fatigue.html,No source supplied in legacy card,2026-08-07,Yes,No
LEGACY-1007,Keyway Loading,Keyway Loading must be evaluated within the full tooling system.,Generic filler,"The card substitutes a topic label into a repeated template; it does not state a discrete, source-supported engineering fact.",Rejected during recovery audit; not approved for publication.,"A page-specific, source-supported claim would be required.",solutions/tablet-punch-fatigue.html,No source supplied in legacy card,2026-08-07,Yes,No
LEGACY-1008,Press Misalignment,Press Misalignment must be evaluated within the full tooling system.,Generic filler,"The card substitutes a topic label into a repeated template; it does not state a discrete, source-supported engineering fact.",Rejected during recovery audit; not approved for publication.,"A page-specific, source-supported claim would be required.",solutions/tablet-punch-fatigue.html,No source supplied in legacy card,2026-08-07,Yes,No
LEGACY-1009,Overload Events,Overload Events must be evaluated within the full tooling system.,Generic filler,"The card substitutes a topic label into a repeated template; it does not state a discrete, source-supported engineering fact.",Rejected during recovery audit; not approved for publication.,"A page-specific, source-supported claim would be required.",solutions/tablet-punch-fatigue.html,No source supplied in legacy card,2026-08-07,Yes,No
LEGACY-1010,Compression-Force History,Compression-Force History must be evaluated within the full tooling system.,Generic filler,"The card substitutes a topic label into a repeated template; it does not state a discrete, source-supported engineering fact.",Rejected during recovery audit; not approved for publication.,"A page-specific, source-supported claim would be required.",solutions/tablet-punch-fatigue.html,No source supplied in legacy card,2026-08-07,Yes,No
LEGACY-1011,Press Speed,Press Speed must be evaluated within the full tooling system.,Generic filler,"The card substitutes a topic label into a repeated template; it does not state a discrete, source-supported engineering fact.",Rejected during recovery audit; not approved for publication.,"A page-specific, source-supported claim would be required.",solutions/tablet-punch-fatigue.html,No source supplied in legacy card,2026-08-07,Yes,No
LEGACY-1012,Dwell Time,Dwell Time must be evaluated within the full tooling system.,Generic filler,"The card substitutes a topic label into a repeated template; it does not state a discrete, source-supported engineering fact.",Rejected during recovery audit; not approved for publication.,"A page-specific, source-supported claim would be required.",solutions/tablet-punch-fatigue.html,No source supplied in legacy card,2026-08-07,Yes,No
LEGACY-1013,Temperature Cycling,Temperature Cycling must be evaluated within the full tooling system.,Generic filler,"The card substitutes a topic label into a repeated template; it does not state a discrete, source-supported engineering fact.",Rejected during recovery audit; not approved for publication.,"A page-specific, source-supported claim would be required.",solutions/tablet-punch-fatigue.html,No source supplied in legacy card,2026-08-07,Yes,No
LEGACY-1014,Material Hardness,Material Hardness must be evaluated within the full tooling system.,Generic filler,"The card substitutes a topic label into a repeated template; it does not state a discrete, source-supported engineering fact.",Rejected during recovery audit; not approved for publication.,"A page-specific, source-supported claim would be required.",solutions/tablet-punch-fatigue.html,No source supplied in legacy card,2026-08-07,Yes,No
LEGACY-1015,Material Toughness,Material Toughness must be evaluated within the full tooling system.,Generic filler,"The card substitutes a topic label into a repeated template; it does not state a discrete, source-supported engineering fact.",Rejected during recovery audit; not approved for publication.,"A page-specific, source-supported claim would be required.",solutions/tablet-punch-fatigue.html,No source supplied in legacy card,2026-08-07,Yes,No
LEGACY-1016,Powder-Metallurgy Steels,Powder-Metallurgy Steels must be evaluated within the full tooling system.,Generic filler,"The card substitutes a topic label into a repeated template; it does not state a discrete, source-supported engineering fact.",Rejected during recovery audit; not approved for publication.,"A page-specific, source-supported claim would be required.",solutions/tablet-punch-fatigue.html,No source supplied in legacy card,2026-08-07,Yes,No
LEGACY-1017,Conventional Tool Steels,Conventional Tool Steels must be evaluated within the full tooling system.,Generic filler,"The card substitutes a topic label into a repeated template; it does not state a discrete, source-supported engineering fact.",Rejected during recovery audit; not approved for publication.,"A page-specific, source-supported claim would be required.",solutions/tablet-punch-fatigue.html,No source supplied in legacy card,2026-08-07,Yes,No
LEGACY-1018,Heat-Treatment Consistency,Heat-Treatment Consistency must be evaluated within the full tooling system.,Generic filler,"The card substitutes a topic label into a repeated template; it does not state a discrete, source-supported engineering fact.",Rejected during recovery audit; not approved for publication.,"A page-specific, source-supported claim would be required.",solutions/tablet-punch-fatigue.html,No source supplied in legacy card,2026-08-07,Yes,No
LEGACY-1019,Residual Stress,Residual Stress must be evaluated within the full tooling system.,Generic filler,"The card substitutes a topic label into a repeated template; it does not state a discrete, source-supported engineering fact.",Rejected during recovery audit; not approved for publication.,"A page-specific, source-supported claim would be required.",solutions/tablet-punch-fatigue.html,No source supplied in legacy card,2026-08-07,Yes,No
LEGACY-1020,Grinding Burn,Grinding Burn must be evaluated within the full tooling system.,Generic filler,"The card substitutes a topic label into a repeated template; it does not state a discrete, source-supported engineering fact.",Rejected during recovery audit; not approved for publication.,"A page-specific, source-supported claim would be required.",solutions/tablet-punch-fatigue.html,No source supplied in legacy card,2026-08-07,Yes,No
LEGACY-1021,Coating Influence,Coating Influence must be evaluated within the full tooling system.,Generic filler,"The card substitutes a topic label into a repeated template; it does not state a discrete, source-supported engineering fact.",Rejected during recovery audit; not approved for publication.,"A page-specific, source-supported claim would be required.",solutions/tablet-punch-fatigue.html,No source supplied in legacy card,2026-08-07,Yes,No
LEGACY-1022,Coating Damage,Coating Damage must be evaluated within the full tooling system.,Generic filler,"The card substitutes a topic label into a repeated template; it does not state a discrete, source-supported engineering fact.",Rejected during recovery audit; not approved for publication.,"A page-specific, source-supported claim would be required.",solutions/tablet-punch-fatigue.html,No source supplied in legacy card,2026-08-07,Yes,No
LEGACY-1023,Substrate Support,Substrate Support must be evaluated within the full tooling system.,Generic filler,"The card substitutes a topic label into a repeated template; it does not state a discrete, source-supported engineering fact.",Rejected during recovery audit; not approved for publication.,"A page-specific, source-supported claim would be required.",solutions/tablet-punch-fatigue.html,No source supplied in legacy card,2026-08-07,Yes,No
LEGACY-1024,Station Mapping,Station Mapping must be evaluated within the full tooling system.,Generic filler,"The card substitutes a topic label into a repeated template; it does not state a discrete, source-supported engineering fact.",Rejected during recovery audit; not approved for publication.,"A page-specific, source-supported claim would be required.",solutions/tablet-punch-fatigue.html,No source supplied in legacy card,2026-08-07,Yes,No
LEGACY-1025,Lifecycle Records,Lifecycle Records must be evaluated within the full tooling system.,Generic filler,"The card substitutes a topic label into a repeated template; it does not state a discrete, source-supported engineering fact.",Rejected during recovery audit; not approved for publication.,"A page-specific, source-supported claim would be required.",solutions/tablet-punch-fatigue.html,No source supplied in legacy card,2026-08-07,Yes,No
LEGACY-1026,Inspection Frequency,Inspection Frequency must be evaluated within the full tooling system.,Generic filler,"The card substitutes a topic label into a repeated template; it does not state a discrete, source-supported engineering fact.",Rejected during recovery audit; not approved for publication.,"A page-specific, source-supported claim would be required.",solutions/tablet-punch-fatigue.html,No source supplied in legacy card,2026-08-07,Yes,No
LEGACY-1027,Non-Destructive Testing,Non-Destructive Testing must be evaluated within the full tooling system.,Generic filler,"The card substitutes a topic label into a repeated template; it does not state a discrete, source-supported engineering fact.",Rejected during recovery audit; not approved for publication.,"A page-specific, source-supported claim would be required.",solutions/tablet-punch-fatigue.html,No source supplied in legacy card,2026-08-07,Yes,No
LEGACY-1028,Fractography,Fractography must be evaluated within the full tooling system.,Generic filler,"The card substitutes a topic label into a repeated template; it does not state a discrete, source-supported engineering fact.",Rejected during recovery audit; not approved for publication.,"A page-specific, source-supported claim would be required.",solutions/tablet-punch-fatigue.html,No source supplied in legacy card,2026-08-07,Yes,No
LEGACY-1029,Wear-Fatigue Interaction,Wear-Fatigue Interaction must be evaluated within the full tooling system.,Generic filler,"The card substitutes a topic label into a repeated template; it does not state a discrete, source-supported engineering fact.",Rejected during recovery audit; not approved for publication.,"A page-specific, source-supported claim would be required.",solutions/tablet-punch-fatigue.html,No source supplied in legacy card,2026-08-07,Yes,No
LEGACY-1030,Corrosion-Fatigue Interaction,Corrosion-Fatigue Interaction must be evaluated within the full tooling system.,Generic filler,"The card substitutes a topic label into a repeated template; it does not state a discrete, source-supported engineering fact.",Rejected during recovery audit; not approved for publication.,"A page-specific, source-supported claim would be required.",solutions/tablet-punch-fatigue.html,No source supplied in legacy card,2026-08-07,Yes,No
LEGACY-1031,Preventive Maintenance,Preventive Maintenance must be evaluated within the full tooling system.,Generic filler,"The card substitutes a topic label into a repeated template; it does not state a discrete, source-supported engineering fact.",Rejected during recovery audit; not approved for publication.,"A page-specific, source-supported claim would be required.",solutions/tablet-punch-fatigue.html,No source supplied in legacy card,2026-08-07,Yes,No
LEGACY-1032,Spare Tooling Planning,Spare Tooling Planning must be evaluated within the full tooling system.,Generic filler,"The card substitutes a topic label into a repeated template; it does not state a discrete, source-supported engineering fact.",Rejected during recovery audit; not approved for publication.,"A page-specific, source-supported claim would be required.",solutions/tablet-punch-fatigue.html,No source supplied in legacy card,2026-08-07,Yes,No
LEGACY-1033,Replacement Thresholds,Replacement Thresholds must be evaluated within the full tooling system.,Generic filler,"The card substitutes a topic label into a repeated template; it does not state a discrete, source-supported engineering fact.",Rejected during recovery audit; not approved for publication.,"A page-specific, source-supported claim would be required.",solutions/tablet-punch-fatigue.html,No source supplied in legacy card,2026-08-07,Yes,No
LEGACY-1034,Failure Containment,Failure Containment must be evaluated within the full tooling system.,Generic filler,"The card substitutes a topic label into a repeated template; it does not state a discrete, source-supported engineering fact.",Rejected during recovery audit; not approved for publication.,"A page-specific, source-supported claim would be required.",solutions/tablet-punch-fatigue.html,No source supplied in legacy card,2026-08-07,Yes,No
LEGACY-1035,Evidence-Based Prevention,Evidence-Based Prevention must be evaluated within the full tooling system.,Generic filler,"The card substitutes a topic label into a repeated template; it does not state a discrete, source-supported engineering fact.",Rejected during recovery audit; not approved for publication.,"A page-specific, source-supported claim would be required.",solutions/tablet-punch-fatigue.html,No source supplied in legacy card,2026-08-07,Yes,No
LEGACY-1036,Metal Transfer,Metal Transfer must be evaluated in context.,Generic filler,"The card substitutes a topic label into a repeated template; it does not state a discrete, source-supported engineering fact.",Rejected during recovery audit; not approved for publication.,"A page-specific, source-supported claim would be required.",solutions/tablet-punch-galling.html,No source supplied in legacy card,2026-08-07,Yes,No
LEGACY-1037,Adhesive Wear,Adhesive Wear must be evaluated in context.,Generic filler,"The card substitutes a topic label into a repeated template; it does not state a discrete, source-supported engineering fact.",Rejected during recovery audit; not approved for publication.,"A page-specific, source-supported claim would be required.",solutions/tablet-punch-galling.html,No source supplied in legacy card,2026-08-07,Yes,No
LEGACY-1038,High Contact Pressure,High Contact Pressure must be evaluated in context.,Generic filler,"The card substitutes a topic label into a repeated template; it does not state a discrete, source-supported engineering fact.",Rejected during recovery audit; not approved for publication.,"A page-specific, source-supported claim would be required.",solutions/tablet-punch-galling.html,No source supplied in legacy card,2026-08-07,Yes,No
LEGACY-1039,Insufficient Lubrication,Insufficient Lubrication must be evaluated in context.,Generic filler,"The card substitutes a topic label into a repeated template; it does not state a discrete, source-supported engineering fact.",Rejected during recovery audit; not approved for publication.,"A page-specific, source-supported claim would be required.",solutions/tablet-punch-galling.html,No source supplied in legacy card,2026-08-07,Yes,No
LEGACY-1040,Contaminated Lubrication,Contaminated Lubrication must be evaluated in context.,Generic filler,"The card substitutes a topic label into a repeated template; it does not state a discrete, source-supported engineering fact.",Rejected during recovery audit; not approved for publication.,"A page-specific, source-supported claim would be required.",solutions/tablet-punch-galling.html,No source supplied in legacy card,2026-08-07,Yes,No
LEGACY-1041,Material Compatibility,Material Compatibility must be evaluated in context.,Generic filler,"The card substitutes a topic label into a repeated template; it does not state a discrete, source-supported engineering fact.",Rejected during recovery audit; not approved for publication.,"A page-specific, source-supported claim would be required.",solutions/tablet-punch-galling.html,No source supplied in legacy card,2026-08-07,Yes,No
LEGACY-1042,Surface Finish,Surface Finish must be evaluated in context.,Generic filler,"The card substitutes a topic label into a repeated template; it does not state a discrete, source-supported engineering fact.",Rejected during recovery audit; not approved for publication.,"A page-specific, source-supported claim would be required.",solutions/tablet-punch-galling.html,No source supplied in legacy card,2026-08-07,Yes,No
LEGACY-1043,Misalignment,Misalignment must be evaluated in context.,Generic filler,"The card substitutes a topic label into a repeated template; it does not state a discrete, source-supported engineering fact.",Rejected during recovery audit; not approved for publication.,"A page-specific, source-supported claim would be required.",solutions/tablet-punch-galling.html,No source supplied in legacy card,2026-08-07,Yes,No
LEGACY-1044,Punch Barrels,Punch Barrels must be evaluated in context.,Generic filler,"The card substitutes a topic label into a repeated template; it does not state a discrete, source-supported engineering fact.",Rejected during recovery audit; not approved for publication.,"A page-specific, source-supported claim would be required.",solutions/tablet-punch-galling.html,No source supplied in legacy card,2026-08-07,Yes,No
LEGACY-1045,Punch Heads,Punch Heads must be evaluated in context.,Generic filler,"The card substitutes a topic label into a repeated template; it does not state a discrete, source-supported engineering fact.",Rejected during recovery audit; not approved for publication.,"A page-specific, source-supported claim would be required.",solutions/tablet-punch-galling.html,No source supplied in legacy card,2026-08-07,Yes,No
LEGACY-1046,Die Interfaces,Die Interfaces must be evaluated in context.,Generic filler,"The card substitutes a topic label into a repeated template; it does not state a discrete, source-supported engineering fact.",Rejected during recovery audit; not approved for publication.,"A page-specific, source-supported claim would be required.",solutions/tablet-punch-galling.html,No source supplied in legacy card,2026-08-07,Yes,No
LEGACY-1047,Frictional Heat,Frictional Heat must be evaluated in context.,Generic filler,"The card substitutes a topic label into a repeated template; it does not state a discrete, source-supported engineering fact.",Rejected during recovery audit; not approved for publication.,"A page-specific, source-supported claim would be required.",solutions/tablet-punch-galling.html,No source supplied in legacy card,2026-08-07,Yes,No
LEGACY-1048,Press Speed,Press Speed must be evaluated in context.,Generic filler,"The card substitutes a topic label into a repeated template; it does not state a discrete, source-supported engineering fact.",Rejected during recovery audit; not approved for publication.,"A page-specific, source-supported claim would be required.",solutions/tablet-punch-galling.html,No source supplied in legacy card,2026-08-07,Yes,No
LEGACY-1049,Cleaning Damage,Cleaning Damage must be evaluated in context.,Generic filler,"The card substitutes a topic label into a repeated template; it does not state a discrete, source-supported engineering fact.",Rejected during recovery audit; not approved for publication.,"A page-specific, source-supported claim would be required.",solutions/tablet-punch-galling.html,No source supplied in legacy card,2026-08-07,Yes,No
LEGACY-1050,Raised Transfer,Raised Transfer must be evaluated in context.,Generic filler,"The card substitutes a topic label into a repeated template; it does not state a discrete, source-supported engineering fact.",Rejected during recovery audit; not approved for publication.,"A page-specific, source-supported claim would be required.",solutions/tablet-punch-galling.html,No source supplied in legacy card,2026-08-07,Yes,No
LEGACY-1051,Self-Accelerating Damage,Self-Accelerating Damage must be evaluated in context.,Generic filler,"The card substitutes a topic label into a repeated template; it does not state a discrete, source-supported engineering fact.",Rejected during recovery audit; not approved for publication.,"A page-specific, source-supported claim would be required.",solutions/tablet-punch-galling.html,No source supplied in legacy card,2026-08-07,Yes,No
LEGACY-1052,Station Mapping,Station Mapping must be evaluated in context.,Generic filler,"The card substitutes a topic label into a repeated template; it does not state a discrete, source-supported engineering fact.",Rejected during recovery audit; not approved for publication.,"A page-specific, source-supported claim would be required.",solutions/tablet-punch-galling.html,No source supplied in legacy card,2026-08-07,Yes,No
LEGACY-1053,Set-Wide Galling,Set-Wide Galling must be evaluated in context.,Generic filler,"The card substitutes a topic label into a repeated template; it does not state a discrete, source-supported engineering fact.",Rejected during recovery audit; not approved for publication.,"A page-specific, source-supported claim would be required.",solutions/tablet-punch-galling.html,No source supplied in legacy card,2026-08-07,Yes,No
LEGACY-1054,Dlc Coatings,Dlc Coatings must be evaluated in context.,Generic filler,"The card substitutes a topic label into a repeated template; it does not state a discrete, source-supported engineering fact.",Rejected during recovery audit; not approved for publication.,"A page-specific, source-supported claim would be required.",solutions/tablet-punch-galling.html,No source supplied in legacy card,2026-08-07,Yes,No
LEGACY-1055,Crn Coatings,Crn Coatings must be evaluated in context.,Generic filler,"The card substitutes a topic label into a repeated template; it does not state a discrete, source-supported engineering fact.",Rejected during recovery audit; not approved for publication.,"A page-specific, source-supported claim would be required.",solutions/tablet-punch-galling.html,No source supplied in legacy card,2026-08-07,Yes,No
LEGACY-1056,Tin Coatings,Tin Coatings must be evaluated in context.,Generic filler,"The card substitutes a topic label into a repeated template; it does not state a discrete, source-supported engineering fact.",Rejected during recovery audit; not approved for publication.,"A page-specific, source-supported claim would be required.",solutions/tablet-punch-galling.html,No source supplied in legacy card,2026-08-07,Yes,No
LEGACY-1057,Ticn Coatings,Ticn Coatings must be evaluated in context.,Generic filler,"The card substitutes a topic label into a repeated template; it does not state a discrete, source-supported engineering fact.",Rejected during recovery audit; not approved for publication.,"A page-specific, source-supported claim would be required.",solutions/tablet-punch-galling.html,No source supplied in legacy card,2026-08-07,Yes,No
LEGACY-1058,Substrate Support,Substrate Support must be evaluated in context.,Generic filler,"The card substitutes a topic label into a repeated template; it does not state a discrete, source-supported engineering fact.",Rejected during recovery audit; not approved for publication.,"A page-specific, source-supported claim would be required.",solutions/tablet-punch-galling.html,No source supplied in legacy card,2026-08-07,Yes,No
LEGACY-1059,Coating Adhesion,Coating Adhesion must be evaluated in context.,Generic filler,"The card substitutes a topic label into a repeated template; it does not state a discrete, source-supported engineering fact.",Rejected during recovery audit; not approved for publication.,"A page-specific, source-supported claim would be required.",solutions/tablet-punch-galling.html,No source supplied in legacy card,2026-08-07,Yes,No
LEGACY-1060,Polishing,Polishing must be evaluated in context.,Generic filler,"The card substitutes a topic label into a repeated template; it does not state a discrete, source-supported engineering fact.",Rejected during recovery audit; not approved for publication.,"A page-specific, source-supported claim would be required.",solutions/tablet-punch-galling.html,No source supplied in legacy card,2026-08-07,Yes,No
LEGACY-1061,Restoration Limits,Restoration Limits must be evaluated in context.,Generic filler,"The card substitutes a topic label into a repeated template; it does not state a discrete, source-supported engineering fact.",Rejected during recovery audit; not approved for publication.,"A page-specific, source-supported claim would be required.",solutions/tablet-punch-galling.html,No source supplied in legacy card,2026-08-07,Yes,No
LEGACY-1062,Mating-Component Damage,Mating-Component Damage must be evaluated in context.,Generic filler,"The card substitutes a topic label into a repeated template; it does not state a discrete, source-supported engineering fact.",Rejected during recovery audit; not approved for publication.,"A page-specific, source-supported claim would be required.",solutions/tablet-punch-galling.html,No source supplied in legacy card,2026-08-07,Yes,No
LEGACY-1063,Material Selection,Material Selection must be evaluated in context.,Generic filler,"The card substitutes a topic label into a repeated template; it does not state a discrete, source-supported engineering fact.",Rejected during recovery audit; not approved for publication.,"A page-specific, source-supported claim would be required.",solutions/tablet-punch-galling.html,No source supplied in legacy card,2026-08-07,Yes,No
LEGACY-1064,Lubricant Type,Lubricant Type must be evaluated in context.,Generic filler,"The card substitutes a topic label into a repeated template; it does not state a discrete, source-supported engineering fact.",Rejected during recovery audit; not approved for publication.,"A page-specific, source-supported claim would be required.",solutions/tablet-punch-galling.html,No source supplied in legacy card,2026-08-07,Yes,No
LEGACY-1065,Lubrication Frequency,Lubrication Frequency must be evaluated in context.,Generic filler,"The card substitutes a topic label into a repeated template; it does not state a discrete, source-supported engineering fact.",Rejected during recovery audit; not approved for publication.,"A page-specific, source-supported claim would be required.",solutions/tablet-punch-galling.html,No source supplied in legacy card,2026-08-07,Yes,No
LEGACY-1066,Storage Corrosion,Storage Corrosion must be evaluated in context.,Generic filler,"The card substitutes a topic label into a repeated template; it does not state a discrete, source-supported engineering fact.",Rejected during recovery audit; not approved for publication.,"A page-specific, source-supported claim would be required.",solutions/tablet-punch-galling.html,No source supplied in legacy card,2026-08-07,Yes,No
LEGACY-1067,Handling Scratches,Handling Scratches must be evaluated in context.,Generic filler,"The card substitutes a topic label into a repeated template; it does not state a discrete, source-supported engineering fact.",Rejected during recovery audit; not approved for publication.,"A page-specific, source-supported claim would be required.",solutions/tablet-punch-galling.html,No source supplied in legacy card,2026-08-07,Yes,No
LEGACY-1068,Coating Buildup,Coating Buildup must be evaluated in context.,Generic filler,"The card substitutes a topic label into a repeated template; it does not state a discrete, source-supported engineering fact.",Rejected during recovery audit; not approved for publication.,"A page-specific, source-supported claim would be required.",solutions/tablet-punch-galling.html,No source supplied in legacy card,2026-08-07,Yes,No
LEGACY-1069,Microscopy,Microscopy must be evaluated in context.,Generic filler,"The card substitutes a topic label into a repeated template; it does not state a discrete, source-supported engineering fact.",Rejected during recovery audit; not approved for publication.,"A page-specific, source-supported claim would be required.",solutions/tablet-punch-galling.html,No source supplied in legacy card,2026-08-07,Yes,No
LEGACY-1070,Wear Debris,Wear Debris must be evaluated in context.,Generic filler,"The card substitutes a topic label into a repeated template; it does not state a discrete, source-supported engineering fact.",Rejected during recovery audit; not approved for publication.,"A page-specific, source-supported claim would be required.",solutions/tablet-punch-galling.html,No source supplied in legacy card,2026-08-07,Yes,No
LEGACY-1071,Good-Component Comparison,Good-Component Comparison must be evaluated in context.,Generic filler,"The card substitutes a topic label into a repeated template; it does not state a discrete, source-supported engineering fact.",Rejected during recovery audit; not approved for publication.,"A page-specific, source-supported claim would be required.",solutions/tablet-punch-galling.html,No source supplied in legacy card,2026-08-07,Yes,No
LEGACY-1072,Controlled Trials,Controlled Trials must be evaluated in context.,Generic filler,"The card substitutes a topic label into a repeated template; it does not state a discrete, source-supported engineering fact.",Rejected during recovery audit; not approved for publication.,"A page-specific, source-supported claim would be required.",solutions/tablet-punch-galling.html,No source supplied in legacy card,2026-08-07,Yes,No
LEGACY-1073,Maintenance Records,Maintenance Records must be evaluated in context.,Generic filler,"The card substitutes a topic label into a repeated template; it does not state a discrete, source-supported engineering fact.",Rejected during recovery audit; not approved for publication.,"A page-specific, source-supported claim would be required.",solutions/tablet-punch-galling.html,No source supplied in legacy card,2026-08-07,Yes,No
LEGACY-1074,System Design,System Design must be evaluated in context.,Generic filler,"The card substitutes a topic label into a repeated template; it does not state a discrete, source-supported engineering fact.",Rejected during recovery audit; not approved for publication.,"A page-specific, source-supported claim would be required.",solutions/tablet-punch-galling.html,No source supplied in legacy card,2026-08-07,Yes,No
LEGACY-1075,International Projects,International Projects must be evaluated in context.,Generic filler,"The card substitutes a topic label into a repeated template; it does not state a discrete, source-supported engineering fact.",Rejected during recovery audit; not approved for publication.,"A page-specific, source-supported claim would be required.",solutions/tablet-punch-galling.html,No source supplied in legacy card,2026-08-07,Yes,No
LEGACY-1076,Service Reports,Service Reports must be evaluated in context.,Generic filler,"The card substitutes a topic label into a repeated template; it does not state a discrete, source-supported engineering fact.",Rejected during recovery audit; not approved for publication.,"A page-specific, source-supported claim would be required.",solutions/tablet-punch-galling.html,No source supplied in legacy card,2026-08-07,Yes,No
LEGACY-1077,Return-To-Service Approval,Return-To-Service Approval must be evaluated in context.,Generic filler,"The card substitutes a topic label into a repeated template; it does not state a discrete, source-supported engineering fact.",Rejected during recovery audit; not approved for publication.,"A page-specific, source-supported claim would be required.",solutions/tablet-punch-galling.html,No source supplied in legacy card,2026-08-07,Yes,No
LEGACY-1078,Contact-Pair Design,Contact-Pair Design must be evaluated in context.,Generic filler,"The card substitutes a topic label into a repeated template; it does not state a discrete, source-supported engineering fact.",Rejected during recovery audit; not approved for publication.,"A page-specific, source-supported claim would be required.",solutions/tablet-punch-galling.html,No source supplied in legacy card,2026-08-07,Yes,No
LEGACY-1079,Guide Condition,Guide Condition must be evaluated in context.,Generic filler,"The card substitutes a topic label into a repeated template; it does not state a discrete, source-supported engineering fact.",Rejected during recovery audit; not approved for publication.,"A page-specific, source-supported claim would be required.",solutions/tablet-punch-galling.html,No source supplied in legacy card,2026-08-07,Yes,No
LEGACY-1080,Evidence-Based Prevention,Evidence-Based Prevention must be evaluated in context.,Generic filler,"The card substitutes a topic label into a repeated template; it does not state a discrete, source-supported engineering fact.",Rejected during recovery audit; not approved for publication.,"A page-specific, source-supported claim would be required.",solutions/tablet-punch-galling.html,No source supplied in legacy card,2026-08-07,Yes,No
LEGACY-1081,Frictional Damage,Frictional Damage must be evaluated in context.,Generic filler,"The card substitutes a topic label into a repeated template; it does not state a discrete, source-supported engineering fact.",Rejected during recovery audit; not approved for publication.,"A page-specific, source-supported claim would be required.",solutions/tablet-punch-scuffing.html,No source supplied in legacy card,2026-08-07,Yes,No
LEGACY-1082,Early Galling,Early Galling must be evaluated in context.,Generic filler,"The card substitutes a topic label into a repeated template; it does not state a discrete, source-supported engineering fact.",Rejected during recovery audit; not approved for publication.,"A page-specific, source-supported claim would be required.",solutions/tablet-punch-scuffing.html,No source supplied in legacy card,2026-08-07,Yes,No
LEGACY-1083,Abrasion Comparison,Abrasion Comparison must be evaluated in context.,Generic filler,"The card substitutes a topic label into a repeated template; it does not state a discrete, source-supported engineering fact.",Rejected during recovery audit; not approved for publication.,"A page-specific, source-supported claim would be required.",solutions/tablet-punch-scuffing.html,No source supplied in legacy card,2026-08-07,Yes,No
LEGACY-1084,Punch-Barrel Scuffing,Punch-Barrel Scuffing must be evaluated in context.,Generic filler,"The card substitutes a topic label into a repeated template; it does not state a discrete, source-supported engineering fact.",Rejected during recovery audit; not approved for publication.,"A page-specific, source-supported claim would be required.",solutions/tablet-punch-scuffing.html,No source supplied in legacy card,2026-08-07,Yes,No
LEGACY-1085,Punch-Tip Scuffing,Punch-Tip Scuffing must be evaluated in context.,Generic filler,"The card substitutes a topic label into a repeated template; it does not state a discrete, source-supported engineering fact.",Rejected during recovery audit; not approved for publication.,"A page-specific, source-supported claim would be required.",solutions/tablet-punch-scuffing.html,No source supplied in legacy card,2026-08-07,Yes,No
LEGACY-1086,Die-Bore Scuffing,Die-Bore Scuffing must be evaluated in context.,Generic filler,"The card substitutes a topic label into a repeated template; it does not state a discrete, source-supported engineering fact.",Rejected during recovery audit; not approved for publication.,"A page-specific, source-supported claim would be required.",solutions/tablet-punch-scuffing.html,No source supplied in legacy card,2026-08-07,Yes,No
LEGACY-1087,Poor Lubrication,Poor Lubrication must be evaluated in context.,Generic filler,"The card substitutes a topic label into a repeated template; it does not state a discrete, source-supported engineering fact.",Rejected during recovery audit; not approved for publication.,"A page-specific, source-supported claim would be required.",solutions/tablet-punch-scuffing.html,No source supplied in legacy card,2026-08-07,Yes,No
LEGACY-1088,Contamination,Contamination must be evaluated in context.,Generic filler,"The card substitutes a topic label into a repeated template; it does not state a discrete, source-supported engineering fact.",Rejected during recovery audit; not approved for publication.,"A page-specific, source-supported claim would be required.",solutions/tablet-punch-scuffing.html,No source supplied in legacy card,2026-08-07,Yes,No
LEGACY-1089,Misalignment,Misalignment must be evaluated in context.,Generic filler,"The card substitutes a topic label into a repeated template; it does not state a discrete, source-supported engineering fact.",Rejected during recovery audit; not approved for publication.,"A page-specific, source-supported claim would be required.",solutions/tablet-punch-scuffing.html,No source supplied in legacy card,2026-08-07,Yes,No
LEGACY-1090,Press Speed,Press Speed must be evaluated in context.,Generic filler,"The card substitutes a topic label into a repeated template; it does not state a discrete, source-supported engineering fact.",Rejected during recovery audit; not approved for publication.,"A page-specific, source-supported claim would be required.",solutions/tablet-punch-scuffing.html,No source supplied in legacy card,2026-08-07,Yes,No
LEGACY-1091,Frictional Heat,Frictional Heat must be evaluated in context.,Generic filler,"The card substitutes a topic label into a repeated template; it does not state a discrete, source-supported engineering fact.",Rejected during recovery audit; not approved for publication.,"A page-specific, source-supported claim would be required.",solutions/tablet-punch-scuffing.html,No source supplied in legacy card,2026-08-07,Yes,No
LEGACY-1092,Surface Roughness,Surface Roughness must be evaluated in context.,Generic filler,"The card substitutes a topic label into a repeated template; it does not state a discrete, source-supported engineering fact.",Rejected during recovery audit; not approved for publication.,"A page-specific, source-supported claim would be required.",solutions/tablet-punch-scuffing.html,No source supplied in legacy card,2026-08-07,Yes,No
LEGACY-1093,Ra Limitations,Ra Limitations must be evaluated in context.,Generic filler,"The card substitutes a topic label into a repeated template; it does not state a discrete, source-supported engineering fact.",Rejected during recovery audit; not approved for publication.,"A page-specific, source-supported claim would be required.",solutions/tablet-punch-scuffing.html,No source supplied in legacy card,2026-08-07,Yes,No
LEGACY-1094,Polishing Quality,Polishing Quality must be evaluated in context.,Generic filler,"The card substitutes a topic label into a repeated template; it does not state a discrete, source-supported engineering fact.",Rejected during recovery audit; not approved for publication.,"A page-specific, source-supported claim would be required.",solutions/tablet-punch-scuffing.html,No source supplied in legacy card,2026-08-07,Yes,No
LEGACY-1095,Abrasive Cleaning,Abrasive Cleaning must be evaluated in context.,Generic filler,"The card substitutes a topic label into a repeated template; it does not state a discrete, source-supported engineering fact.",Rejected during recovery audit; not approved for publication.,"A page-specific, source-supported claim would be required.",solutions/tablet-punch-scuffing.html,No source supplied in legacy card,2026-08-07,Yes,No
LEGACY-1096,Handling Contact,Handling Contact must be evaluated in context.,Generic filler,"The card substitutes a topic label into a repeated template; it does not state a discrete, source-supported engineering fact.",Rejected during recovery audit; not approved for publication.,"A page-specific, source-supported claim would be required.",solutions/tablet-punch-scuffing.html,No source supplied in legacy card,2026-08-07,Yes,No
LEGACY-1097,Low-Friction Coatings,Low-Friction Coatings must be evaluated in context.,Generic filler,"The card substitutes a topic label into a repeated template; it does not state a discrete, source-supported engineering fact.",Rejected during recovery audit; not approved for publication.,"A page-specific, source-supported claim would be required.",solutions/tablet-punch-scuffing.html,No source supplied in legacy card,2026-08-07,Yes,No
LEGACY-1098,Coating Damage,Coating Damage must be evaluated in context.,Generic filler,"The card substitutes a topic label into a repeated template; it does not state a discrete, source-supported engineering fact.",Rejected during recovery audit; not approved for publication.,"A page-specific, source-supported claim would be required.",solutions/tablet-punch-scuffing.html,No source supplied in legacy card,2026-08-07,Yes,No
LEGACY-1099,Substrate Support,Substrate Support must be evaluated in context.,Generic filler,"The card substitutes a topic label into a repeated template; it does not state a discrete, source-supported engineering fact.",Rejected during recovery audit; not approved for publication.,"A page-specific, source-supported claim would be required.",solutions/tablet-punch-scuffing.html,No source supplied in legacy card,2026-08-07,Yes,No
LEGACY-1100,Tablet Sticking,Tablet Sticking must be evaluated in context.,Generic filler,"The card substitutes a topic label into a repeated template; it does not state a discrete, source-supported engineering fact.",Rejected during recovery audit; not approved for publication.,"A page-specific, source-supported claim would be required.",solutions/tablet-punch-scuffing.html,No source supplied in legacy card,2026-08-07,Yes,No
LEGACY-1101,Cleanability,Cleanability must be evaluated in context.,Generic filler,"The card substitutes a topic label into a repeated template; it does not state a discrete, source-supported engineering fact.",Rejected during recovery audit; not approved for publication.,"A page-specific, source-supported claim would be required.",solutions/tablet-punch-scuffing.html,No source supplied in legacy card,2026-08-07,Yes,No
LEGACY-1102,Station-Specific Scuffing,Station-Specific Scuffing must be evaluated in context.,Generic filler,"The card substitutes a topic label into a repeated template; it does not state a discrete, source-supported engineering fact.",Rejected during recovery audit; not approved for publication.,"A page-specific, source-supported claim would be required.",solutions/tablet-punch-scuffing.html,No source supplied in legacy card,2026-08-07,Yes,No
LEGACY-1103,Set-Wide Scuffing,Set-Wide Scuffing must be evaluated in context.,Generic filler,"The card substitutes a topic label into a repeated template; it does not state a discrete, source-supported engineering fact.",Rejected during recovery audit; not approved for publication.,"A page-specific, source-supported claim would be required.",solutions/tablet-punch-scuffing.html,No source supplied in legacy card,2026-08-07,Yes,No
LEGACY-1104,Progressive Damage,Progressive Damage must be evaluated in context.,Generic filler,"The card substitutes a topic label into a repeated template; it does not state a discrete, source-supported engineering fact.",Rejected during recovery audit; not approved for publication.,"A page-specific, source-supported claim would be required.",solutions/tablet-punch-scuffing.html,No source supplied in legacy card,2026-08-07,Yes,No
LEGACY-1105,Mark Direction,Mark Direction must be evaluated in context.,Generic filler,"The card substitutes a topic label into a repeated template; it does not state a discrete, source-supported engineering fact.",Rejected during recovery audit; not approved for publication.,"A page-specific, source-supported claim would be required.",solutions/tablet-punch-scuffing.html,No source supplied in legacy card,2026-08-07,Yes,No
LEGACY-1106,Microscopy,Microscopy must be evaluated in context.,Generic filler,"The card substitutes a topic label into a repeated template; it does not state a discrete, source-supported engineering fact.",Rejected during recovery audit; not approved for publication.,"A page-specific, source-supported claim would be required.",solutions/tablet-punch-scuffing.html,No source supplied in legacy card,2026-08-07,Yes,No
LEGACY-1107,Wear Debris,Wear Debris must be evaluated in context.,Generic filler,"The card substitutes a topic label into a repeated template; it does not state a discrete, source-supported engineering fact.",Rejected during recovery audit; not approved for publication.,"A page-specific, source-supported claim would be required.",solutions/tablet-punch-scuffing.html,No source supplied in legacy card,2026-08-07,Yes,No
LEGACY-1108,Light Restoration,Light Restoration must be evaluated in context.,Generic filler,"The card substitutes a topic label into a repeated template; it does not state a discrete, source-supported engineering fact.",Rejected during recovery audit; not approved for publication.,"A page-specific, source-supported claim would be required.",solutions/tablet-punch-scuffing.html,No source supplied in legacy card,2026-08-07,Yes,No
LEGACY-1109,Replacement Limits,Replacement Limits must be evaluated in context.,Generic filler,"The card substitutes a topic label into a repeated template; it does not state a discrete, source-supported engineering fact.",Rejected during recovery audit; not approved for publication.,"A page-specific, source-supported claim would be required.",solutions/tablet-punch-scuffing.html,No source supplied in legacy card,2026-08-07,Yes,No
LEGACY-1110,Geometry Preservation,Geometry Preservation must be evaluated in context.,Generic filler,"The card substitutes a topic label into a repeated template; it does not state a discrete, source-supported engineering fact.",Rejected during recovery audit; not approved for publication.,"A page-specific, source-supported claim would be required.",solutions/tablet-punch-scuffing.html,No source supplied in legacy card,2026-08-07,Yes,No
LEGACY-1111,Recoating,Recoating must be evaluated in context.,Generic filler,"The card substitutes a topic label into a repeated template; it does not state a discrete, source-supported engineering fact.",Rejected during recovery audit; not approved for publication.,"A page-specific, source-supported claim would be required.",solutions/tablet-punch-scuffing.html,No source supplied in legacy card,2026-08-07,Yes,No
LEGACY-1112,Lubricant Compatibility,Lubricant Compatibility must be evaluated in context.,Generic filler,"The card substitutes a topic label into a repeated template; it does not state a discrete, source-supported engineering fact.",Rejected during recovery audit; not approved for publication.,"A page-specific, source-supported claim would be required.",solutions/tablet-punch-scuffing.html,No source supplied in legacy card,2026-08-07,Yes,No
LEGACY-1113,Lubrication Delivery,Lubrication Delivery must be evaluated in context.,Generic filler,"The card substitutes a topic label into a repeated template; it does not state a discrete, source-supported engineering fact.",Rejected during recovery audit; not approved for publication.,"A page-specific, source-supported claim would be required.",solutions/tablet-punch-scuffing.html,No source supplied in legacy card,2026-08-07,Yes,No
LEGACY-1114,Cleaning Residue,Cleaning Residue must be evaluated in context.,Generic filler,"The card substitutes a topic label into a repeated template; it does not state a discrete, source-supported engineering fact.",Rejected during recovery audit; not approved for publication.,"A page-specific, source-supported claim would be required.",solutions/tablet-punch-scuffing.html,No source supplied in legacy card,2026-08-07,Yes,No
LEGACY-1115,Corrosion,Corrosion must be evaluated in context.,Generic filler,"The card substitutes a topic label into a repeated template; it does not state a discrete, source-supported engineering fact.",Rejected during recovery audit; not approved for publication.,"A page-specific, source-supported claim would be required.",solutions/tablet-punch-scuffing.html,No source supplied in legacy card,2026-08-07,Yes,No
LEGACY-1116,Installation Damage,Installation Damage must be evaluated in context.,Generic filler,"The card substitutes a topic label into a repeated template; it does not state a discrete, source-supported engineering fact.",Rejected during recovery audit; not approved for publication.,"A page-specific, source-supported claim would be required.",solutions/tablet-punch-scuffing.html,No source supplied in legacy card,2026-08-07,Yes,No
LEGACY-1117,Guide Condition,Guide Condition must be evaluated in context.,Generic filler,"The card substitutes a topic label into a repeated template; it does not state a discrete, source-supported engineering fact.",Rejected during recovery audit; not approved for publication.,"A page-specific, source-supported claim would be required.",solutions/tablet-punch-scuffing.html,No source supplied in legacy card,2026-08-07,Yes,No
LEGACY-1118,Good-Tooling Comparison,Good-Tooling Comparison must be evaluated in context.,Generic filler,"The card substitutes a topic label into a repeated template; it does not state a discrete, source-supported engineering fact.",Rejected during recovery audit; not approved for publication.,"A page-specific, source-supported claim would be required.",solutions/tablet-punch-scuffing.html,No source supplied in legacy card,2026-08-07,Yes,No
LEGACY-1119,Controlled Trials,Controlled Trials must be evaluated in context.,Generic filler,"The card substitutes a topic label into a repeated template; it does not state a discrete, source-supported engineering fact.",Rejected during recovery audit; not approved for publication.,"A page-specific, source-supported claim would be required.",solutions/tablet-punch-scuffing.html,No source supplied in legacy card,2026-08-07,Yes,No
LEGACY-1120,Inspection Frequency,Inspection Frequency must be evaluated in context.,Generic filler,"The card substitutes a topic label into a repeated template; it does not state a discrete, source-supported engineering fact.",Rejected during recovery audit; not approved for publication.,"A page-specific, source-supported claim would be required.",solutions/tablet-punch-scuffing.html,No source supplied in legacy card,2026-08-07,Yes,No
LEGACY-1121,Terminology,Terminology must be evaluated in context.,Generic filler,"The card substitutes a topic label into a repeated template; it does not state a discrete, source-supported engineering fact.",Rejected during recovery audit; not approved for publication.,"A page-specific, source-supported claim would be required.",solutions/tablet-punch-scuffing.html,No source supplied in legacy card,2026-08-07,Yes,No
LEGACY-1122,Failure Reports,Failure Reports must be evaluated in context.,Generic filler,"The card substitutes a topic label into a repeated template; it does not state a discrete, source-supported engineering fact.",Rejected during recovery audit; not approved for publication.,"A page-specific, source-supported claim would be required.",solutions/tablet-punch-scuffing.html,No source supplied in legacy card,2026-08-07,Yes,No
LEGACY-1123,Lifecycle Records,Lifecycle Records must be evaluated in context.,Generic filler,"The card substitutes a topic label into a repeated template; it does not state a discrete, source-supported engineering fact.",Rejected during recovery audit; not approved for publication.,"A page-specific, source-supported claim would be required.",solutions/tablet-punch-scuffing.html,No source supplied in legacy card,2026-08-07,Yes,No
LEGACY-1124,Return-To-Use Criteria,Return-To-Use Criteria must be evaluated in context.,Generic filler,"The card substitutes a topic label into a repeated template; it does not state a discrete, source-supported engineering fact.",Rejected during recovery audit; not approved for publication.,"A page-specific, source-supported claim would be required.",solutions/tablet-punch-scuffing.html,No source supplied in legacy card,2026-08-07,Yes,No
LEGACY-1125,Application-Specific Correction,Application-Specific Correction must be evaluated in context.,Generic filler,"The card substitutes a topic label into a repeated template; it does not state a discrete, source-supported engineering fact.",Rejected during recovery audit; not approved for publication.,"A page-specific, source-supported claim would be required.",solutions/tablet-punch-scuffing.html,No source supplied in legacy card,2026-08-07,Yes,No
LEGACY-1126,Adhesive Wear,Adhesive Wear must be evaluated in context.,Generic filler,"The card substitutes a topic label into a repeated template; it does not state a discrete, source-supported engineering fact.",Rejected during recovery audit; not approved for publication.,"A page-specific, source-supported claim would be required.",solutions/tablet-punch-wear.html,No source supplied in legacy card,2026-08-07,Yes,No
LEGACY-1127,Abrasive Wear,Abrasive Wear must be evaluated in context.,Generic filler,"The card substitutes a topic label into a repeated template; it does not state a discrete, source-supported engineering fact.",Rejected during recovery audit; not approved for publication.,"A page-specific, source-supported claim would be required.",solutions/tablet-punch-wear.html,No source supplied in legacy card,2026-08-07,Yes,No
LEGACY-1128,Fatigue Wear,Fatigue Wear must be evaluated in context.,Generic filler,"The card substitutes a topic label into a repeated template; it does not state a discrete, source-supported engineering fact.",Rejected during recovery audit; not approved for publication.,"A page-specific, source-supported claim would be required.",solutions/tablet-punch-wear.html,No source supplied in legacy card,2026-08-07,Yes,No
LEGACY-1129,Impact Wear,Impact Wear must be evaluated in context.,Generic filler,"The card substitutes a topic label into a repeated template; it does not state a discrete, source-supported engineering fact.",Rejected during recovery audit; not approved for publication.,"A page-specific, source-supported claim would be required.",solutions/tablet-punch-wear.html,No source supplied in legacy card,2026-08-07,Yes,No
LEGACY-1130,Corrosive Wear,Corrosive Wear must be evaluated in context.,Generic filler,"The card substitutes a topic label into a repeated template; it does not state a discrete, source-supported engineering fact.",Rejected during recovery audit; not approved for publication.,"A page-specific, source-supported claim would be required.",solutions/tablet-punch-wear.html,No source supplied in legacy card,2026-08-07,Yes,No
LEGACY-1131,Punch-Face Scratches,Punch-Face Scratches must be evaluated in context.,Generic filler,"The card substitutes a topic label into a repeated template; it does not state a discrete, source-supported engineering fact.",Rejected during recovery audit; not approved for publication.,"A page-specific, source-supported claim would be required.",solutions/tablet-punch-wear.html,No source supplied in legacy card,2026-08-07,Yes,No
LEGACY-1132,Cup Wear,Cup Wear must be evaluated in context.,Generic filler,"The card substitutes a topic label into a repeated template; it does not state a discrete, source-supported engineering fact.",Rejected during recovery audit; not approved for publication.,"A page-specific, source-supported claim would be required.",solutions/tablet-punch-wear.html,No source supplied in legacy card,2026-08-07,Yes,No
LEGACY-1133,Land Wear,Land Wear must be evaluated in context.,Generic filler,"The card substitutes a topic label into a repeated template; it does not state a discrete, source-supported engineering fact.",Rejected during recovery audit; not approved for publication.,"A page-specific, source-supported claim would be required.",solutions/tablet-punch-wear.html,No source supplied in legacy card,2026-08-07,Yes,No
LEGACY-1134,Engraving Wear,Engraving Wear must be evaluated in context.,Generic filler,"The card substitutes a topic label into a repeated template; it does not state a discrete, source-supported engineering fact.",Rejected during recovery audit; not approved for publication.,"A page-specific, source-supported claim would be required.",solutions/tablet-punch-wear.html,No source supplied in legacy card,2026-08-07,Yes,No
LEGACY-1135,Die-Bore Wear,Die-Bore Wear must be evaluated in context.,Generic filler,"The card substitutes a topic label into a repeated template; it does not state a discrete, source-supported engineering fact.",Rejected during recovery audit; not approved for publication.,"A page-specific, source-supported claim would be required.",solutions/tablet-punch-wear.html,No source supplied in legacy card,2026-08-07,Yes,No
LEGACY-1136,Coating Loss,Coating Loss must be evaluated in context.,Generic filler,"The card substitutes a topic label into a repeated template; it does not state a discrete, source-supported engineering fact.",Rejected during recovery audit; not approved for publication.,"A page-specific, source-supported claim would be required.",solutions/tablet-punch-wear.html,No source supplied in legacy card,2026-08-07,Yes,No
LEGACY-1137,Substrate Hardness,Substrate Hardness must be evaluated in context.,Generic filler,"The card substitutes a topic label into a repeated template; it does not state a discrete, source-supported engineering fact.",Rejected during recovery audit; not approved for publication.,"A page-specific, source-supported claim would be required.",solutions/tablet-punch-wear.html,No source supplied in legacy card,2026-08-07,Yes,No
LEGACY-1138,Tooling Toughness,Tooling Toughness must be evaluated in context.,Generic filler,"The card substitutes a topic label into a repeated template; it does not state a discrete, source-supported engineering fact.",Rejected during recovery audit; not approved for publication.,"A page-specific, source-supported claim would be required.",solutions/tablet-punch-wear.html,No source supplied in legacy card,2026-08-07,Yes,No
LEGACY-1139,Press Speed,Press Speed must be evaluated in context.,Generic filler,"The card substitutes a topic label into a repeated template; it does not state a discrete, source-supported engineering fact.",Rejected during recovery audit; not approved for publication.,"A page-specific, source-supported claim would be required.",solutions/tablet-punch-wear.html,No source supplied in legacy card,2026-08-07,Yes,No
LEGACY-1140,Compression Force,Compression Force must be evaluated in context.,Generic filler,"The card substitutes a topic label into a repeated template; it does not state a discrete, source-supported engineering fact.",Rejected during recovery audit; not approved for publication.,"A page-specific, source-supported claim would be required.",solutions/tablet-punch-wear.html,No source supplied in legacy card,2026-08-07,Yes,No
LEGACY-1141,Misalignment,Misalignment must be evaluated in context.,Generic filler,"The card substitutes a topic label into a repeated template; it does not state a discrete, source-supported engineering fact.",Rejected during recovery audit; not approved for publication.,"A page-specific, source-supported claim would be required.",solutions/tablet-punch-wear.html,No source supplied in legacy card,2026-08-07,Yes,No
LEGACY-1142,Press Lubrication,Press Lubrication must be evaluated in context.,Generic filler,"The card substitutes a topic label into a repeated template; it does not state a discrete, source-supported engineering fact.",Rejected during recovery audit; not approved for publication.,"A page-specific, source-supported claim would be required.",solutions/tablet-punch-wear.html,No source supplied in legacy card,2026-08-07,Yes,No
LEGACY-1143,Cleaning Damage,Cleaning Damage must be evaluated in context.,Generic filler,"The card substitutes a topic label into a repeated template; it does not state a discrete, source-supported engineering fact.",Rejected during recovery audit; not approved for publication.,"A page-specific, source-supported claim would be required.",solutions/tablet-punch-wear.html,No source supplied in legacy card,2026-08-07,Yes,No
LEGACY-1144,Handling Damage,Handling Damage must be evaluated in context.,Generic filler,"The card substitutes a topic label into a repeated template; it does not state a discrete, source-supported engineering fact.",Rejected during recovery audit; not approved for publication.,"A page-specific, source-supported claim would be required.",solutions/tablet-punch-wear.html,No source supplied in legacy card,2026-08-07,Yes,No
LEGACY-1145,Wear Debris,Wear Debris must be evaluated in context.,Generic filler,"The card substitutes a topic label into a repeated template; it does not state a discrete, source-supported engineering fact.",Rejected during recovery audit; not approved for publication.,"A page-specific, source-supported claim would be required.",solutions/tablet-punch-wear.html,No source supplied in legacy card,2026-08-07,Yes,No
LEGACY-1146,Tooling Temperature,Tooling Temperature must be evaluated in context.,Generic filler,"The card substitutes a topic label into a repeated template; it does not state a discrete, source-supported engineering fact.",Rejected during recovery audit; not approved for publication.,"A page-specific, source-supported claim would be required.",solutions/tablet-punch-wear.html,No source supplied in legacy card,2026-08-07,Yes,No
LEGACY-1147,Tablet Sticking,Tablet Sticking must be evaluated in context.,Generic filler,"The card substitutes a topic label into a repeated template; it does not state a discrete, source-supported engineering fact.",Rejected during recovery audit; not approved for publication.,"A page-specific, source-supported claim would be required.",solutions/tablet-punch-wear.html,No source supplied in legacy card,2026-08-07,Yes,No
LEGACY-1148,Tablet Picking,Tablet Picking must be evaluated in context.,Generic filler,"The card substitutes a topic label into a repeated template; it does not state a discrete, source-supported engineering fact.",Rejected during recovery audit; not approved for publication.,"A page-specific, source-supported claim would be required.",solutions/tablet-punch-wear.html,No source supplied in legacy card,2026-08-07,Yes,No
LEGACY-1149,Cleanability,Cleanability must be evaluated in context.,Generic filler,"The card substitutes a topic label into a repeated template; it does not state a discrete, source-supported engineering fact.",Rejected during recovery audit; not approved for publication.,"A page-specific, source-supported claim would be required.",solutions/tablet-punch-wear.html,No source supplied in legacy card,2026-08-07,Yes,No
LEGACY-1150,Restoration,Restoration must be evaluated in context.,Generic filler,"The card substitutes a topic label into a repeated template; it does not state a discrete, source-supported engineering fact.",Rejected during recovery audit; not approved for publication.,"A page-specific, source-supported claim would be required.",solutions/tablet-punch-wear.html,No source supplied in legacy card,2026-08-07,Yes,No
LEGACY-1151,Replacement Limits,Replacement Limits must be evaluated in context.,Generic filler,"The card substitutes a topic label into a repeated template; it does not state a discrete, source-supported engineering fact.",Rejected during recovery audit; not approved for publication.,"A page-specific, source-supported claim would be required.",solutions/tablet-punch-wear.html,No source supplied in legacy card,2026-08-07,Yes,No
LEGACY-1152,Lifecycle Records,Lifecycle Records must be evaluated in context.,Generic filler,"The card substitutes a topic label into a repeated template; it does not state a discrete, source-supported engineering fact.",Rejected during recovery audit; not approved for publication.,"A page-specific, source-supported claim would be required.",solutions/tablet-punch-wear.html,No source supplied in legacy card,2026-08-07,Yes,No
LEGACY-1153,Wear Rate,Wear Rate must be evaluated in context.,Generic filler,"The card substitutes a topic label into a repeated template; it does not state a discrete, source-supported engineering fact.",Rejected during recovery audit; not approved for publication.,"A page-specific, source-supported claim would be required.",solutions/tablet-punch-wear.html,No source supplied in legacy card,2026-08-07,Yes,No
LEGACY-1154,Station Mapping,Station Mapping must be evaluated in context.,Generic filler,"The card substitutes a topic label into a repeated template; it does not state a discrete, source-supported engineering fact.",Rejected during recovery audit; not approved for publication.,"A page-specific, source-supported claim would be required.",solutions/tablet-punch-wear.html,No source supplied in legacy card,2026-08-07,Yes,No
LEGACY-1155,Set-Wide Wear,Set-Wide Wear must be evaluated in context.,Generic filler,"The card substitutes a topic label into a repeated template; it does not state a discrete, source-supported engineering fact.",Rejected during recovery audit; not approved for publication.,"A page-specific, source-supported claim would be required.",solutions/tablet-punch-wear.html,No source supplied in legacy card,2026-08-07,Yes,No
LEGACY-1156,Roughness,Roughness must be evaluated in context.,Generic filler,"The card substitutes a topic label into a repeated template; it does not state a discrete, source-supported engineering fact.",Rejected during recovery audit; not approved for publication.,"A page-specific, source-supported claim would be required.",solutions/tablet-punch-wear.html,No source supplied in legacy card,2026-08-07,Yes,No
LEGACY-1157,Surface Directionality,Surface Directionality must be evaluated in context.,Generic filler,"The card substitutes a topic label into a repeated template; it does not state a discrete, source-supported engineering fact.",Rejected during recovery audit; not approved for publication.,"A page-specific, source-supported claim would be required.",solutions/tablet-punch-wear.html,No source supplied in legacy card,2026-08-07,Yes,No
LEGACY-1158,Crn Coatings,Crn Coatings must be evaluated in context.,Generic filler,"The card substitutes a topic label into a repeated template; it does not state a discrete, source-supported engineering fact.",Rejected during recovery audit; not approved for publication.,"A page-specific, source-supported claim would be required.",solutions/tablet-punch-wear.html,No source supplied in legacy card,2026-08-07,Yes,No
LEGACY-1159,Dlc Coatings,Dlc Coatings must be evaluated in context.,Generic filler,"The card substitutes a topic label into a repeated template; it does not state a discrete, source-supported engineering fact.",Rejected during recovery audit; not approved for publication.,"A page-specific, source-supported claim would be required.",solutions/tablet-punch-wear.html,No source supplied in legacy card,2026-08-07,Yes,No
LEGACY-1160,Tin Coatings,Tin Coatings must be evaluated in context.,Generic filler,"The card substitutes a topic label into a repeated template; it does not state a discrete, source-supported engineering fact.",Rejected during recovery audit; not approved for publication.,"A page-specific, source-supported claim would be required.",solutions/tablet-punch-wear.html,No source supplied in legacy card,2026-08-07,Yes,No
LEGACY-1161,Ticn Coatings,Ticn Coatings must be evaluated in context.,Generic filler,"The card substitutes a topic label into a repeated template; it does not state a discrete, source-supported engineering fact.",Rejected during recovery audit; not approved for publication.,"A page-specific, source-supported claim would be required.",solutions/tablet-punch-wear.html,No source supplied in legacy card,2026-08-07,Yes,No
LEGACY-1162,Tool Steel Selection,Tool Steel Selection must be evaluated in context.,Generic filler,"The card substitutes a topic label into a repeated template; it does not state a discrete, source-supported engineering fact.",Rejected during recovery audit; not approved for publication.,"A page-specific, source-supported claim would be required.",solutions/tablet-punch-wear.html,No source supplied in legacy card,2026-08-07,Yes,No
LEGACY-1163,Inspection Frequency,Inspection Frequency must be evaluated in context.,Generic filler,"The card substitutes a topic label into a repeated template; it does not state a discrete, source-supported engineering fact.",Rejected during recovery audit; not approved for publication.,"A page-specific, source-supported claim would be required.",solutions/tablet-punch-wear.html,No source supplied in legacy card,2026-08-07,Yes,No
LEGACY-1164,Production Volume,Production Volume must be evaluated in context.,Generic filler,"The card substitutes a topic label into a repeated template; it does not state a discrete, source-supported engineering fact.",Rejected during recovery audit; not approved for publication.,"A page-specific, source-supported claim would be required.",solutions/tablet-punch-wear.html,No source supplied in legacy card,2026-08-07,Yes,No
LEGACY-1165,Engraving Condition,Engraving Condition must be evaluated in context.,Generic filler,"The card substitutes a topic label into a repeated template; it does not state a discrete, source-supported engineering fact.",Rejected during recovery audit; not approved for publication.,"A page-specific, source-supported claim would be required.",solutions/tablet-punch-wear.html,No source supplied in legacy card,2026-08-07,Yes,No
LEGACY-1166,Punch-Head Wear,Punch-Head Wear must be evaluated in context.,Generic filler,"The card substitutes a topic label into a repeated template; it does not state a discrete, source-supported engineering fact.",Rejected during recovery audit; not approved for publication.,"A page-specific, source-supported claim would be required.",solutions/tablet-punch-wear.html,No source supplied in legacy card,2026-08-07,Yes,No
LEGACY-1167,Barrel Wear,Barrel Wear must be evaluated in context.,Generic filler,"The card substitutes a topic label into a repeated template; it does not state a discrete, source-supported engineering fact.",Rejected during recovery audit; not approved for publication.,"A page-specific, source-supported claim would be required.",solutions/tablet-punch-wear.html,No source supplied in legacy card,2026-08-07,Yes,No
LEGACY-1168,Die Wear,Die Wear must be evaluated in context.,Generic filler,"The card substitutes a topic label into a repeated template; it does not state a discrete, source-supported engineering fact.",Rejected during recovery audit; not approved for publication.,"A page-specific, source-supported claim would be required.",solutions/tablet-punch-wear.html,No source supplied in legacy card,2026-08-07,Yes,No
LEGACY-1169,Validation,Validation must be evaluated in context.,Generic filler,"The card substitutes a topic label into a repeated template; it does not state a discrete, source-supported engineering fact.",Rejected during recovery audit; not approved for publication.,"A page-specific, source-supported claim would be required.",solutions/tablet-punch-wear.html,No source supplied in legacy card,2026-08-07,Yes,No
LEGACY-1170,Application-Specific Decisions,Application-Specific Decisions must be evaluated in context.,Generic filler,"The card substitutes a topic label into a repeated template; it does not state a discrete, source-supported engineering fact.",Rejected during recovery audit; not approved for publication.,"A page-specific, source-supported claim would be required.",solutions/tablet-punch-wear.html,No source supplied in legacy card,2026-08-07,Yes,No
LEGACY-1171,Tablet sticking and tablet picking are different defects.,Tablet sticking and tablet picking are different defects.,Generic filler,"The card substitutes a topic label into a repeated template; it does not state a discrete, source-supported engineering fact.",Rejected during recovery audit; not approved for publication.,"A page-specific, source-supported claim would be required.",solutions/tablet-sticking-picking.html,No source supplied in legacy card,2026-08-07,Yes,No
LEGACY-1172,Moisture can increase tablet sticking.,Moisture can increase tablet sticking.,Generic filler,"The card substitutes a topic label into a repeated template; it does not state a discrete, source-supported engineering fact.",Rejected during recovery audit; not approved for publication.,"A page-specific, source-supported claim would be required.",solutions/tablet-sticking-picking.html,No source supplied in legacy card,2026-08-07,Yes,No
LEGACY-1173,Over-dry granulation can also affect release.,Over-dry granulation can also affect release.,Generic filler,"The card substitutes a topic label into a repeated template; it does not state a discrete, source-supported engineering fact.",Rejected during recovery audit; not approved for publication.,"A page-specific, source-supported claim would be required.",solutions/tablet-sticking-picking.html,No source supplied in legacy card,2026-08-07,Yes,No
LEGACY-1174,Binder concentration influences adhesion.,Binder concentration influences adhesion.,Generic filler,"The card substitutes a topic label into a repeated template; it does not state a discrete, source-supported engineering fact.",Rejected during recovery audit; not approved for publication.,"A page-specific, source-supported claim would be required.",solutions/tablet-sticking-picking.html,No source supplied in legacy card,2026-08-07,Yes,No
LEGACY-1175,Magnesium stearate mixing time matters.,Magnesium stearate mixing time matters.,Generic filler,"The card substitutes a topic label into a repeated template; it does not state a discrete, source-supported engineering fact.",Rejected during recovery audit; not approved for publication.,"A page-specific, source-supported claim would be required.",solutions/tablet-sticking-picking.html,No source supplied in legacy card,2026-08-07,Yes,No
LEGACY-1176,"Glidants and anti-adherents are formulation tools, not universal fixes.","Glidants and anti-adherents are formulation tools, not universal fixes.",Generic filler,"The card substitutes a topic label into a repeated template; it does not state a discrete, source-supported engineering fact.",Rejected during recovery audit; not approved for publication.,"A page-specific, source-supported claim would be required.",solutions/tablet-sticking-picking.html,No source supplied in legacy card,2026-08-07,Yes,No
LEGACY-1177,Powder rheology affects die fill and tooling contact.,Powder rheology affects die fill and tooling contact.,Generic filler,"The card substitutes a topic label into a repeated template; it does not state a discrete, source-supported engineering fact.",Rejected during recovery audit; not approved for publication.,"A page-specific, source-supported claim would be required.",solutions/tablet-sticking-picking.html,No source supplied in legacy card,2026-08-07,Yes,No
LEGACY-1178,Fines can increase product retention.,Fines can increase product retention.,Generic filler,"The card substitutes a topic label into a repeated template; it does not state a discrete, source-supported engineering fact.",Rejected during recovery audit; not approved for publication.,"A page-specific, source-supported claim would be required.",solutions/tablet-sticking-picking.html,No source supplied in legacy card,2026-08-07,Yes,No
LEGACY-1179,Hygroscopic ingredients can change during the run.,Hygroscopic ingredients can change during the run.,Generic filler,"The card substitutes a topic label into a repeated template; it does not state a discrete, source-supported engineering fact.",Rejected during recovery audit; not approved for publication.,"A page-specific, source-supported claim would be required.",solutions/tablet-sticking-picking.html,No source supplied in legacy card,2026-08-07,Yes,No
LEGACY-1180,Compression force can change sticking behavior.,Compression force can change sticking behavior.,Generic filler,"The card substitutes a topic label into a repeated template; it does not state a discrete, source-supported engineering fact.",Rejected during recovery audit; not approved for publication.,"A page-specific, source-supported claim would be required.",solutions/tablet-sticking-picking.html,No source supplied in legacy card,2026-08-07,Yes,No
LEGACY-1181,Dwell time is not the same as compression force.,Dwell time is not the same as compression force.,Generic filler,"The card substitutes a topic label into a repeated template; it does not state a discrete, source-supported engineering fact.",Rejected during recovery audit; not approved for publication.,"A page-specific, source-supported claim would be required.",solutions/tablet-sticking-picking.html,No source supplied in legacy card,2026-08-07,Yes,No
LEGACY-1182,Press speed can intensify sticking.,Press speed can intensify sticking.,Generic filler,"The card substitutes a topic label into a repeated template; it does not state a discrete, source-supported engineering fact.",Rejected during recovery audit; not approved for publication.,"A page-specific, source-supported claim would be required.",solutions/tablet-sticking-picking.html,No source supplied in legacy card,2026-08-07,Yes,No
LEGACY-1183,Heat can soften susceptible formulations.,Heat can soften susceptible formulations.,Generic filler,"The card substitutes a topic label into a repeated template; it does not state a discrete, source-supported engineering fact.",Rejected during recovery audit; not approved for publication.,"A page-specific, source-supported claim would be required.",solutions/tablet-sticking-picking.html,No source supplied in legacy card,2026-08-07,Yes,No
LEGACY-1184,Punch-face scratches can become retention sites.,Punch-face scratches can become retention sites.,Generic filler,"The card substitutes a topic label into a repeated template; it does not state a discrete, source-supported engineering fact.",Rejected during recovery audit; not approved for publication.,"A page-specific, source-supported claim would be required.",solutions/tablet-sticking-picking.html,No source supplied in legacy card,2026-08-07,Yes,No
LEGACY-1185,Corrosion pits can worsen sticking and cleaning.,Corrosion pits can worsen sticking and cleaning.,Generic filler,"The card substitutes a topic label into a repeated template; it does not state a discrete, source-supported engineering fact.",Rejected during recovery audit; not approved for publication.,"A page-specific, source-supported claim would be required.",solutions/tablet-sticking-picking.html,No source supplied in legacy card,2026-08-07,Yes,No
LEGACY-1186,Surface roughness is not described by Ra alone.,Surface roughness is not described by Ra alone.,Generic filler,"The card substitutes a topic label into a repeated template; it does not state a discrete, source-supported engineering fact.",Rejected during recovery audit; not approved for publication.,"A page-specific, source-supported claim would be required.",solutions/tablet-sticking-picking.html,No source supplied in legacy card,2026-08-07,Yes,No
LEGACY-1187,The lowest possible Ra is not always the best target.,The lowest possible Ra is not always the best target.,Generic filler,"The card substitutes a topic label into a repeated template; it does not state a discrete, source-supported engineering fact.",Rejected during recovery audit; not approved for publication.,"A page-specific, source-supported claim would be required.",solutions/tablet-sticking-picking.html,No source supplied in legacy card,2026-08-07,Yes,No
LEGACY-1188,Polishing must preserve punch geometry.,Polishing must preserve punch geometry.,Generic filler,"The card substitutes a topic label into a repeated template; it does not state a discrete, source-supported engineering fact.",Rejected during recovery audit; not approved for publication.,"A page-specific, source-supported claim would be required.",solutions/tablet-sticking-picking.html,No source supplied in legacy card,2026-08-07,Yes,No
LEGACY-1189,Improper polishing can damage engraving.,Improper polishing can damage engraving.,Generic filler,"The card substitutes a topic label into a repeated template; it does not state a discrete, source-supported engineering fact.",Rejected during recovery audit; not approved for publication.,"A page-specific, source-supported claim would be required.",solutions/tablet-sticking-picking.html,No source supplied in legacy card,2026-08-07,Yes,No
LEGACY-1190,Cup depth affects material flow and release.,Cup depth affects material flow and release.,Generic filler,"The card substitutes a topic label into a repeated template; it does not state a discrete, source-supported engineering fact.",Rejected during recovery audit; not approved for publication.,"A page-specific, source-supported claim would be required.",solutions/tablet-sticking-picking.html,No source supplied in legacy card,2026-08-07,Yes,No
LEGACY-1191,Score lines can become picking locations.,Score lines can become picking locations.,Generic filler,"The card substitutes a topic label into a repeated template; it does not state a discrete, source-supported engineering fact.",Rejected during recovery audit; not approved for publication.,"A page-specific, source-supported claim would be required.",solutions/tablet-sticking-picking.html,No source supplied in legacy card,2026-08-07,Yes,No
LEGACY-1192,Character islands are high-risk features.,Character islands are high-risk features.,Generic filler,"The card substitutes a topic label into a repeated template; it does not state a discrete, source-supported engineering fact.",Rejected during recovery audit; not approved for publication.,"A page-specific, source-supported claim would be required.",solutions/tablet-sticking-picking.html,No source supplied in legacy card,2026-08-07,Yes,No
LEGACY-1193,Engraving depth influences picking risk.,Engraving depth influences picking risk.,Generic filler,"The card substitutes a topic label into a repeated template; it does not state a discrete, source-supported engineering fact.",Rejected during recovery audit; not approved for publication.,"A page-specific, source-supported claim would be required.",solutions/tablet-sticking-picking.html,No source supplied in legacy card,2026-08-07,Yes,No
LEGACY-1194,Sharp internal corners can retain product.,Sharp internal corners can retain product.,Generic filler,"The card substitutes a topic label into a repeated template; it does not state a discrete, source-supported engineering fact.",Rejected during recovery audit; not approved for publication.,"A page-specific, source-supported claim would be required.",solutions/tablet-sticking-picking.html,No source supplied in legacy card,2026-08-07,Yes,No
LEGACY-1195,Pre-picking features require controlled design.,Pre-picking features require controlled design.,Generic filler,"The card substitutes a topic label into a repeated template; it does not state a discrete, source-supported engineering fact.",Rejected during recovery audit; not approved for publication.,"A page-specific, source-supported claim would be required.",solutions/tablet-sticking-picking.html,No source supplied in legacy card,2026-08-07,Yes,No
LEGACY-1196,Upper and lower punches may behave differently.,Upper and lower punches may behave differently.,Generic filler,"The card substitutes a topic label into a repeated template; it does not state a discrete, source-supported engineering fact.",Rejected during recovery audit; not approved for publication.,"A page-specific, source-supported claim would be required.",solutions/tablet-sticking-picking.html,No source supplied in legacy card,2026-08-07,Yes,No
LEGACY-1197,Station-specific defects can indicate localized tooling problems.,Station-specific defects can indicate localized tooling problems.,Generic filler,"The card substitutes a topic label into a repeated template; it does not state a discrete, source-supported engineering fact.",Rejected during recovery audit; not approved for publication.,"A page-specific, source-supported claim would be required.",solutions/tablet-sticking-picking.html,No source supplied in legacy card,2026-08-07,Yes,No
LEGACY-1198,Filming can precede severe sticking.,Filming can precede severe sticking.,Generic filler,"The card substitutes a topic label into a repeated template; it does not state a discrete, source-supported engineering fact.",Rejected during recovery audit; not approved for publication.,"A page-specific, source-supported claim would be required.",solutions/tablet-sticking-picking.html,No source supplied in legacy card,2026-08-07,Yes,No
LEGACY-1199,Cleaning residue can contribute to adhesion.,Cleaning residue can contribute to adhesion.,Generic filler,"The card substitutes a topic label into a repeated template; it does not state a discrete, source-supported engineering fact.",Rejected during recovery audit; not approved for publication.,"A page-specific, source-supported claim would be required.",solutions/tablet-sticking-picking.html,No source supplied in legacy card,2026-08-07,Yes,No
LEGACY-1200,Abrasive cleaning can damage functional surfaces.,Abrasive cleaning can damage functional surfaces.,Generic filler,"The card substitutes a topic label into a repeated template; it does not state a discrete, source-supported engineering fact.",Rejected during recovery audit; not approved for publication.,"A page-specific, source-supported claim would be required.",solutions/tablet-sticking-picking.html,No source supplied in legacy card,2026-08-07,Yes,No
LEGACY-1201,Coatings are application-specific.,Coatings are application-specific.,Generic filler,"The card substitutes a topic label into a repeated template; it does not state a discrete, source-supported engineering fact.",Rejected during recovery audit; not approved for publication.,"A page-specific, source-supported claim would be required.",solutions/tablet-sticking-picking.html,No source supplied in legacy card,2026-08-07,Yes,No
LEGACY-1202,CrN is not a universal anti-stick solution.,CrN is not a universal anti-stick solution.,Generic filler,"The card substitutes a topic label into a repeated template; it does not state a discrete, source-supported engineering fact.",Rejected during recovery audit; not approved for publication.,"A page-specific, source-supported claim would be required.",solutions/tablet-sticking-picking.html,No source supplied in legacy card,2026-08-07,Yes,No
LEGACY-1203,"DLC is a coating family, not one single material.","DLC is a coating family, not one single material.",Generic filler,"The card substitutes a topic label into a repeated template; it does not state a discrete, source-supported engineering fact.",Rejected during recovery audit; not approved for publication.,"A page-specific, source-supported claim would be required.",solutions/tablet-sticking-picking.html,No source supplied in legacy card,2026-08-07,Yes,No
LEGACY-1204,TiN may improve wear without solving sticking.,TiN may improve wear without solving sticking.,Generic filler,"The card substitutes a topic label into a repeated template; it does not state a discrete, source-supported engineering fact.",Rejected during recovery audit; not approved for publication.,"A page-specific, source-supported claim would be required.",solutions/tablet-sticking-picking.html,No source supplied in legacy card,2026-08-07,Yes,No
LEGACY-1205,TiCN has a distinct hardness and friction profile.,TiCN has a distinct hardness and friction profile.,Generic filler,"The card substitutes a topic label into a repeated template; it does not state a discrete, source-supported engineering fact.",Rejected during recovery audit; not approved for publication.,"A page-specific, source-supported claim would be required.",solutions/tablet-sticking-picking.html,No source supplied in legacy card,2026-08-07,Yes,No
LEGACY-1206,Coating performance depends on substrate preparation.,Coating performance depends on substrate preparation.,Generic filler,"The card substitutes a topic label into a repeated template; it does not state a discrete, source-supported engineering fact.",Rejected during recovery audit; not approved for publication.,"A page-specific, source-supported claim would be required.",solutions/tablet-sticking-picking.html,No source supplied in legacy card,2026-08-07,Yes,No
LEGACY-1207,Coating edges and transitions require attention.,Coating edges and transitions require attention.,Generic filler,"The card substitutes a topic label into a repeated template; it does not state a discrete, source-supported engineering fact.",Rejected during recovery audit; not approved for publication.,"A page-specific, source-supported claim would be required.",solutions/tablet-sticking-picking.html,No source supplied in legacy card,2026-08-07,Yes,No
LEGACY-1208,A coating can fail because of cleaning.,A coating can fail because of cleaning.,Generic filler,"The card substitutes a topic label into a repeated template; it does not state a discrete, source-supported engineering fact.",Rejected during recovery audit; not approved for publication.,"A page-specific, source-supported claim would be required.",solutions/tablet-sticking-picking.html,No source supplied in legacy card,2026-08-07,Yes,No
LEGACY-1209,Restoration can be better than replacement in suitable cases.,Restoration can be better than replacement in suitable cases.,Generic filler,"The card substitutes a topic label into a repeated template; it does not state a discrete, source-supported engineering fact.",Rejected during recovery audit; not approved for publication.,"A page-specific, source-supported claim would be required.",solutions/tablet-sticking-picking.html,No source supplied in legacy card,2026-08-07,Yes,No
LEGACY-1210,Replacement is necessary when integrity is lost.,Replacement is necessary when integrity is lost.,Generic filler,"The card substitutes a topic label into a repeated template; it does not state a discrete, source-supported engineering fact.",Rejected during recovery audit; not approved for publication.,"A page-specific, source-supported claim would be required.",solutions/tablet-sticking-picking.html,No source supplied in legacy card,2026-08-07,Yes,No
LEGACY-1211,Photographs support preliminary evaluation.,Photographs support preliminary evaluation.,Generic filler,"The card substitutes a topic label into a repeated template; it does not state a discrete, source-supported engineering fact.",Rejected during recovery audit; not approved for publication.,"A page-specific, source-supported claim would be required.",solutions/tablet-sticking-picking.html,No source supplied in legacy card,2026-08-07,Yes,No
LEGACY-1212,A good investigation records when the defect begins.,A good investigation records when the defect begins.,Generic filler,"The card substitutes a topic label into a repeated template; it does not state a discrete, source-supported engineering fact.",Rejected during recovery audit; not approved for publication.,"A page-specific, source-supported claim would be required.",solutions/tablet-sticking-picking.html,No source supplied in legacy card,2026-08-07,Yes,No
LEGACY-1213,Controlled trials should change one variable at a time.,Controlled trials should change one variable at a time.,Generic filler,"The card substitutes a topic label into a repeated template; it does not state a discrete, source-supported engineering fact.",Rejected during recovery audit; not approved for publication.,"A page-specific, source-supported claim would be required.",solutions/tablet-sticking-picking.html,No source supplied in legacy card,2026-08-07,Yes,No
LEGACY-1214,The visible defect may be a symptom of a broader system problem.,The visible defect may be a symptom of a broader system problem.,Generic filler,"The card substitutes a topic label into a repeated template; it does not state a discrete, source-supported engineering fact.",Rejected during recovery audit; not approved for publication.,"A page-specific, source-supported claim would be required.",solutions/tablet-sticking-picking.html,No source supplied in legacy card,2026-08-07,Yes,No
LEGACY-1215,Application-specific recommendations are stronger than generic fixes.,Application-specific recommendations are stronger than generic fixes.,Generic filler,"The card substitutes a topic label into a repeated template; it does not state a discrete, source-supported engineering fact.",Rejected during recovery audit; not approved for publication.,"A page-specific, source-supported claim would be required.",solutions/tablet-sticking-picking.html,No source supplied in legacy card,2026-08-07,Yes,No
LEGACY-1216,Tablet sticking is broad punch-face adhesion.,Tablet sticking is broad punch-face adhesion.,Generic filler,"The card substitutes a topic label into a repeated template; it does not state a discrete, source-supported engineering fact.",Rejected during recovery audit; not approved for publication.,"A page-specific, source-supported claim would be required.",solutions/tablet-sticking.html,No source supplied in legacy card,2026-08-07,Yes,No
LEGACY-1217,Sticking differs from localized picking.,Sticking differs from localized picking.,Generic filler,"The card substitutes a topic label into a repeated template; it does not state a discrete, source-supported engineering fact.",Rejected during recovery audit; not approved for publication.,"A page-specific, source-supported claim would be required.",solutions/tablet-sticking.html,No source supplied in legacy card,2026-08-07,Yes,No
LEGACY-1218,Moisture can increase tackiness.,Moisture can increase tackiness.,Generic filler,"The card substitutes a topic label into a repeated template; it does not state a discrete, source-supported engineering fact.",Rejected during recovery audit; not approved for publication.,"A page-specific, source-supported claim would be required.",solutions/tablet-sticking.html,No source supplied in legacy card,2026-08-07,Yes,No
LEGACY-1219,Over-dry granulation can also affect release.,Over-dry granulation can also affect release.,Generic filler,"The card substitutes a topic label into a repeated template; it does not state a discrete, source-supported engineering fact.",Rejected during recovery audit; not approved for publication.,"A page-specific, source-supported claim would be required.",solutions/tablet-sticking.html,No source supplied in legacy card,2026-08-07,Yes,No
LEGACY-1220,Binder type and level influence sticking.,Binder type and level influence sticking.,Generic filler,"The card substitutes a topic label into a repeated template; it does not state a discrete, source-supported engineering fact.",Rejected during recovery audit; not approved for publication.,"A page-specific, source-supported claim would be required.",solutions/tablet-sticking.html,No source supplied in legacy card,2026-08-07,Yes,No
LEGACY-1221,Magnesium stearate blending matters.,Magnesium stearate blending matters.,Generic filler,"The card substitutes a topic label into a repeated template; it does not state a discrete, source-supported engineering fact.",Rejected during recovery audit; not approved for publication.,"A page-specific, source-supported claim would be required.",solutions/tablet-sticking.html,No source supplied in legacy card,2026-08-07,Yes,No
LEGACY-1222,Glidants are not universal anti-stick solutions.,Glidants are not universal anti-stick solutions.,Generic filler,"The card substitutes a topic label into a repeated template; it does not state a discrete, source-supported engineering fact.",Rejected during recovery audit; not approved for publication.,"A page-specific, source-supported claim would be required.",solutions/tablet-sticking.html,No source supplied in legacy card,2026-08-07,Yes,No
LEGACY-1223,Fines can intensify buildup.,Fines can intensify buildup.,Generic filler,"The card substitutes a topic label into a repeated template; it does not state a discrete, source-supported engineering fact.",Rejected during recovery audit; not approved for publication.,"A page-specific, source-supported claim would be required.",solutions/tablet-sticking.html,No source supplied in legacy card,2026-08-07,Yes,No
LEGACY-1224,Powder rheology affects tooling contact.,Powder rheology affects tooling contact.,Generic filler,"The card substitutes a topic label into a repeated template; it does not state a discrete, source-supported engineering fact.",Rejected during recovery audit; not approved for publication.,"A page-specific, source-supported claim would be required.",solutions/tablet-sticking.html,No source supplied in legacy card,2026-08-07,Yes,No
LEGACY-1225,Hygroscopic materials can worsen during exposure.,Hygroscopic materials can worsen during exposure.,Generic filler,"The card substitutes a topic label into a repeated template; it does not state a discrete, source-supported engineering fact.",Rejected during recovery audit; not approved for publication.,"A page-specific, source-supported claim would be required.",solutions/tablet-sticking.html,No source supplied in legacy card,2026-08-07,Yes,No
LEGACY-1226,Compression force changes contact stress.,Compression force changes contact stress.,Generic filler,"The card substitutes a topic label into a repeated template; it does not state a discrete, source-supported engineering fact.",Rejected during recovery audit; not approved for publication.,"A page-specific, source-supported claim would be required.",solutions/tablet-sticking.html,No source supplied in legacy card,2026-08-07,Yes,No
LEGACY-1227,Dwell time affects consolidation.,Dwell time affects consolidation.,Generic filler,"The card substitutes a topic label into a repeated template; it does not state a discrete, source-supported engineering fact.",Rejected during recovery audit; not approved for publication.,"A page-specific, source-supported claim would be required.",solutions/tablet-sticking.html,No source supplied in legacy card,2026-08-07,Yes,No
LEGACY-1228,Press speed changes multiple variables.,Press speed changes multiple variables.,Generic filler,"The card substitutes a topic label into a repeated template; it does not state a discrete, source-supported engineering fact.",Rejected during recovery audit; not approved for publication.,"A page-specific, source-supported claim would be required.",solutions/tablet-sticking.html,No source supplied in legacy card,2026-08-07,Yes,No
LEGACY-1229,Heat can soften susceptible components.,Heat can soften susceptible components.,Generic filler,"The card substitutes a topic label into a repeated template; it does not state a discrete, source-supported engineering fact.",Rejected during recovery audit; not approved for publication.,"A page-specific, source-supported claim would be required.",solutions/tablet-sticking.html,No source supplied in legacy card,2026-08-07,Yes,No
LEGACY-1230,Punch-face scratches create retention sites.,Punch-face scratches create retention sites.,Generic filler,"The card substitutes a topic label into a repeated template; it does not state a discrete, source-supported engineering fact.",Rejected during recovery audit; not approved for publication.,"A page-specific, source-supported claim would be required.",solutions/tablet-sticking.html,No source supplied in legacy card,2026-08-07,Yes,No
LEGACY-1231,Pits and corrosion worsen cleanability.,Pits and corrosion worsen cleanability.,Generic filler,"The card substitutes a topic label into a repeated template; it does not state a discrete, source-supported engineering fact.",Rejected during recovery audit; not approved for publication.,"A page-specific, source-supported claim would be required.",solutions/tablet-sticking.html,No source supplied in legacy card,2026-08-07,Yes,No
LEGACY-1232,Ra alone does not predict sticking.,Ra alone does not predict sticking.,Generic filler,"The card substitutes a topic label into a repeated template; it does not state a discrete, source-supported engineering fact.",Rejected during recovery audit; not approved for publication.,"A page-specific, source-supported claim would be required.",solutions/tablet-sticking.html,No source supplied in legacy card,2026-08-07,Yes,No
LEGACY-1233,Very low Ra does not guarantee release.,Very low Ra does not guarantee release.,Generic filler,"The card substitutes a topic label into a repeated template; it does not state a discrete, source-supported engineering fact.",Rejected during recovery audit; not approved for publication.,"A page-specific, source-supported claim would be required.",solutions/tablet-sticking.html,No source supplied in legacy card,2026-08-07,Yes,No
LEGACY-1234,Polishing may help when surface damage contributes.,Polishing may help when surface damage contributes.,Generic filler,"The card substitutes a topic label into a repeated template; it does not state a discrete, source-supported engineering fact.",Rejected during recovery audit; not approved for publication.,"A page-specific, source-supported claim would be required.",solutions/tablet-sticking.html,No source supplied in legacy card,2026-08-07,Yes,No
LEGACY-1235,Polishing may fail when formulation drives adhesion.,Polishing may fail when formulation drives adhesion.,Generic filler,"The card substitutes a topic label into a repeated template; it does not state a discrete, source-supported engineering fact.",Rejected during recovery audit; not approved for publication.,"A page-specific, source-supported claim would be required.",solutions/tablet-sticking.html,No source supplied in legacy card,2026-08-07,Yes,No
LEGACY-1236,Abrasive cleaning can create new sticking sites.,Abrasive cleaning can create new sticking sites.,Generic filler,"The card substitutes a topic label into a repeated template; it does not state a discrete, source-supported engineering fact.",Rejected during recovery audit; not approved for publication.,"A page-specific, source-supported claim would be required.",solutions/tablet-sticking.html,No source supplied in legacy card,2026-08-07,Yes,No
LEGACY-1237,Cleaning residue can alter surface chemistry.,Cleaning residue can alter surface chemistry.,Generic filler,"The card substitutes a topic label into a repeated template; it does not state a discrete, source-supported engineering fact.",Rejected during recovery audit; not approved for publication.,"A page-specific, source-supported claim would be required.",solutions/tablet-sticking.html,No source supplied in legacy card,2026-08-07,Yes,No
LEGACY-1238,Coatings are application-specific.,Coatings are application-specific.,Generic filler,"The card substitutes a topic label into a repeated template; it does not state a discrete, source-supported engineering fact.",Rejected during recovery audit; not approved for publication.,"A page-specific, source-supported claim would be required.",solutions/tablet-sticking.html,No source supplied in legacy card,2026-08-07,Yes,No
LEGACY-1239,CrN is not a universal fix.,CrN is not a universal fix.,Generic filler,"The card substitutes a topic label into a repeated template; it does not state a discrete, source-supported engineering fact.",Rejected during recovery audit; not approved for publication.,"A page-specific, source-supported claim would be required.",solutions/tablet-sticking.html,No source supplied in legacy card,2026-08-07,Yes,No
LEGACY-1240,DLC is a family of coatings.,DLC is a family of coatings.,Generic filler,"The card substitutes a topic label into a repeated template; it does not state a discrete, source-supported engineering fact.",Rejected during recovery audit; not approved for publication.,"A page-specific, source-supported claim would be required.",solutions/tablet-sticking.html,No source supplied in legacy card,2026-08-07,Yes,No
LEGACY-1241,TiN may improve wear without solving sticking.,TiN may improve wear without solving sticking.,Generic filler,"The card substitutes a topic label into a repeated template; it does not state a discrete, source-supported engineering fact.",Rejected during recovery audit; not approved for publication.,"A page-specific, source-supported claim would be required.",solutions/tablet-sticking.html,No source supplied in legacy card,2026-08-07,Yes,No
LEGACY-1242,TiCN has distinct properties.,TiCN has distinct properties.,Generic filler,"The card substitutes a topic label into a repeated template; it does not state a discrete, source-supported engineering fact.",Rejected during recovery audit; not approved for publication.,"A page-specific, source-supported claim would be required.",solutions/tablet-sticking.html,No source supplied in legacy card,2026-08-07,Yes,No
LEGACY-1243,Coating damage can become a sticking site.,Coating damage can become a sticking site.,Generic filler,"The card substitutes a topic label into a repeated template; it does not state a discrete, source-supported engineering fact.",Rejected during recovery audit; not approved for publication.,"A page-specific, source-supported claim would be required.",solutions/tablet-sticking.html,No source supplied in legacy card,2026-08-07,Yes,No
LEGACY-1244,Cup geometry affects product movement.,Cup geometry affects product movement.,Generic filler,"The card substitutes a topic label into a repeated template; it does not state a discrete, source-supported engineering fact.",Rejected during recovery audit; not approved for publication.,"A page-specific, source-supported claim would be required.",solutions/tablet-sticking.html,No source supplied in legacy card,2026-08-07,Yes,No
LEGACY-1245,Broad sticking can still be worse near engraving.,Broad sticking can still be worse near engraving.,Generic filler,"The card substitutes a topic label into a repeated template; it does not state a discrete, source-supported engineering fact.",Rejected during recovery audit; not approved for publication.,"A page-specific, source-supported claim would be required.",solutions/tablet-sticking.html,No source supplied in legacy card,2026-08-07,Yes,No
LEGACY-1246,Upper and lower punches may stick differently.,Upper and lower punches may stick differently.,Generic filler,"The card substitutes a topic label into a repeated template; it does not state a discrete, source-supported engineering fact.",Rejected during recovery audit; not approved for publication.,"A page-specific, source-supported claim would be required.",solutions/tablet-sticking.html,No source supplied in legacy card,2026-08-07,Yes,No
LEGACY-1247,Station-specific sticking indicates local factors.,Station-specific sticking indicates local factors.,Generic filler,"The card substitutes a topic label into a repeated template; it does not state a discrete, source-supported engineering fact.",Rejected during recovery audit; not approved for publication.,"A page-specific, source-supported claim would be required.",solutions/tablet-sticking.html,No source supplied in legacy card,2026-08-07,Yes,No
LEGACY-1248,Set-wide sticking indicates broader factors.,Set-wide sticking indicates broader factors.,Generic filler,"The card substitutes a topic label into a repeated template; it does not state a discrete, source-supported engineering fact.",Rejected during recovery audit; not approved for publication.,"A page-specific, source-supported claim would be required.",solutions/tablet-sticking.html,No source supplied in legacy card,2026-08-07,Yes,No
LEGACY-1249,Filming is an early warning.,Filming is an early warning.,Generic filler,"The card substitutes a topic label into a repeated template; it does not state a discrete, source-supported engineering fact.",Rejected during recovery audit; not approved for publication.,"A page-specific, source-supported claim would be required.",solutions/tablet-sticking.html,No source supplied in legacy card,2026-08-07,Yes,No
LEGACY-1250,Time-to-sticking is diagnostic.,Time-to-sticking is diagnostic.,Generic filler,"The card substitutes a topic label into a repeated template; it does not state a discrete, source-supported engineering fact.",Rejected during recovery audit; not approved for publication.,"A page-specific, source-supported claim would be required.",solutions/tablet-sticking.html,No source supplied in legacy card,2026-08-07,Yes,No
LEGACY-1251,Cleaning interval is a useful performance metric.,Cleaning interval is a useful performance metric.,Generic filler,"The card substitutes a topic label into a repeated template; it does not state a discrete, source-supported engineering fact.",Rejected during recovery audit; not approved for publication.,"A page-specific, source-supported claim would be required.",solutions/tablet-sticking.html,No source supplied in legacy card,2026-08-07,Yes,No
LEGACY-1252,Good-batch comparison strengthens analysis.,Good-batch comparison strengthens analysis.,Generic filler,"The card substitutes a topic label into a repeated template; it does not state a discrete, source-supported engineering fact.",Rejected during recovery audit; not approved for publication.,"A page-specific, source-supported claim would be required.",solutions/tablet-sticking.html,No source supplied in legacy card,2026-08-07,Yes,No
LEGACY-1253,One-variable trials improve evidence.,One-variable trials improve evidence.,Generic filler,"The card substitutes a topic label into a repeated template; it does not state a discrete, source-supported engineering fact.",Rejected during recovery audit; not approved for publication.,"A page-specific, source-supported claim would be required.",solutions/tablet-sticking.html,No source supplied in legacy card,2026-08-07,Yes,No
LEGACY-1254,Tooling restoration may help recoverable surface causes.,Tooling restoration may help recoverable surface causes.,Generic filler,"The card substitutes a topic label into a repeated template; it does not state a discrete, source-supported engineering fact.",Rejected during recovery audit; not approved for publication.,"A page-specific, source-supported claim would be required.",solutions/tablet-sticking.html,No source supplied in legacy card,2026-08-07,Yes,No
LEGACY-1255,Replacement is required for unsafe damage.,Replacement is required for unsafe damage.,Generic filler,"The card substitutes a topic label into a repeated template; it does not state a discrete, source-supported engineering fact.",Rejected during recovery audit; not approved for publication.,"A page-specific, source-supported claim would be required.",solutions/tablet-sticking.html,No source supplied in legacy card,2026-08-07,Yes,No
LEGACY-1256,Feed-frame condition can influence powder behavior.,Feed-frame condition can influence powder behavior.,Generic filler,"The card substitutes a topic label into a repeated template; it does not state a discrete, source-supported engineering fact.",Rejected during recovery audit; not approved for publication.,"A page-specific, source-supported claim would be required.",solutions/tablet-sticking.html,No source supplied in legacy card,2026-08-07,Yes,No
LEGACY-1257,Die condition can affect release and ejection.,Die condition can affect release and ejection.,Generic filler,"The card substitutes a topic label into a repeated template; it does not state a discrete, source-supported engineering fact.",Rejected during recovery audit; not approved for publication.,"A page-specific, source-supported claim would be required.",solutions/tablet-sticking.html,No source supplied in legacy card,2026-08-07,Yes,No
LEGACY-1258,Production evidence should guide treatment selection.,Production evidence should guide treatment selection.,Generic filler,"The card substitutes a topic label into a repeated template; it does not state a discrete, source-supported engineering fact.",Rejected during recovery audit; not approved for publication.,"A page-specific, source-supported claim would be required.",solutions/tablet-sticking.html,No source supplied in legacy card,2026-08-07,Yes,No
LEGACY-1259,Sticking may indicate a broader process problem.,Sticking may indicate a broader process problem.,Generic filler,"The card substitutes a topic label into a repeated template; it does not state a discrete, source-supported engineering fact.",Rejected during recovery audit; not approved for publication.,"A page-specific, source-supported claim would be required.",solutions/tablet-sticking.html,No source supplied in legacy card,2026-08-07,Yes,No
LEGACY-1260,The strongest sticking solution is application-specific.,The strongest sticking solution is application-specific.,Generic filler,"The card substitutes a topic label into a repeated template; it does not state a discrete, source-supported engineering fact.",Rejected during recovery audit; not approved for publication.,"A page-specific, source-supported claim would be required.",solutions/tablet-sticking.html,No source supplied in legacy card,2026-08-07,Yes,No
LEGACY-1261,Application-Specific Selection,Application-Specific Selection must be evaluated in context.,Generic filler,"The card substitutes a topic label into a repeated template; it does not state a discrete, source-supported engineering fact.",Rejected during recovery audit; not approved for publication.,"A page-specific, source-supported claim would be required.",solutions/tool-steel-selection.html,No source supplied in legacy card,2026-08-07,Yes,No
LEGACY-1262,Hardness,Hardness must be evaluated in context.,Generic filler,"The card substitutes a topic label into a repeated template; it does not state a discrete, source-supported engineering fact.",Rejected during recovery audit; not approved for publication.,"A page-specific, source-supported claim would be required.",solutions/tool-steel-selection.html,No source supplied in legacy card,2026-08-07,Yes,No
LEGACY-1263,Toughness,Toughness must be evaluated in context.,Generic filler,"The card substitutes a topic label into a repeated template; it does not state a discrete, source-supported engineering fact.",Rejected during recovery audit; not approved for publication.,"A page-specific, source-supported claim would be required.",solutions/tool-steel-selection.html,No source supplied in legacy card,2026-08-07,Yes,No
LEGACY-1264,Corrosion Resistance,Corrosion Resistance must be evaluated in context.,Generic filler,"The card substitutes a topic label into a repeated template; it does not state a discrete, source-supported engineering fact.",Rejected during recovery audit; not approved for publication.,"A page-specific, source-supported claim would be required.",solutions/tool-steel-selection.html,No source supplied in legacy card,2026-08-07,Yes,No
LEGACY-1265,Polishability,Polishability must be evaluated in context.,Generic filler,"The card substitutes a topic label into a repeated template; it does not state a discrete, source-supported engineering fact.",Rejected during recovery audit; not approved for publication.,"A page-specific, source-supported claim would be required.",solutions/tool-steel-selection.html,No source supplied in legacy card,2026-08-07,Yes,No
LEGACY-1266,Coating Compatibility,Coating Compatibility must be evaluated in context.,Generic filler,"The card substitutes a topic label into a repeated template; it does not state a discrete, source-supported engineering fact.",Rejected during recovery audit; not approved for publication.,"A page-specific, source-supported claim would be required.",solutions/tool-steel-selection.html,No source supplied in legacy card,2026-08-07,Yes,No
LEGACY-1267,Heat Treatment,Heat Treatment must be evaluated in context.,Generic filler,"The card substitutes a topic label into a repeated template; it does not state a discrete, source-supported engineering fact.",Rejected during recovery audit; not approved for publication.,"A page-specific, source-supported claim would be required.",solutions/tool-steel-selection.html,No source supplied in legacy card,2026-08-07,Yes,No
LEGACY-1268,Dimensional Stability,Dimensional Stability must be evaluated in context.,Generic filler,"The card substitutes a topic label into a repeated template; it does not state a discrete, source-supported engineering fact.",Rejected during recovery audit; not approved for publication.,"A page-specific, source-supported claim would be required.",solutions/tool-steel-selection.html,No source supplied in legacy card,2026-08-07,Yes,No
LEGACY-1269,M2 Steel,M2 Steel must be evaluated in context.,Generic filler,"The card substitutes a topic label into a repeated template; it does not state a discrete, source-supported engineering fact.",Rejected during recovery audit; not approved for publication.,"A page-specific, source-supported claim would be required.",solutions/tool-steel-selection.html,No source supplied in legacy card,2026-08-07,Yes,No
LEGACY-1270,M4 Steel,M4 Steel must be evaluated in context.,Generic filler,"The card substitutes a topic label into a repeated template; it does not state a discrete, source-supported engineering fact.",Rejected during recovery audit; not approved for publication.,"A page-specific, source-supported claim would be required.",solutions/tool-steel-selection.html,No source supplied in legacy card,2026-08-07,Yes,No
LEGACY-1271,Powder-Metallurgy Steels,Powder-Metallurgy Steels must be evaluated in context.,Generic filler,"The card substitutes a topic label into a repeated template; it does not state a discrete, source-supported engineering fact.",Rejected during recovery audit; not approved for publication.,"A page-specific, source-supported claim would be required.",solutions/tool-steel-selection.html,No source supplied in legacy card,2026-08-07,Yes,No
LEGACY-1272,Stainless Tooling,Stainless Tooling must be evaluated in context.,Generic filler,"The card substitutes a topic label into a repeated template; it does not state a discrete, source-supported engineering fact.",Rejected during recovery audit; not approved for publication.,"A page-specific, source-supported claim would be required.",solutions/tool-steel-selection.html,No source supplied in legacy card,2026-08-07,Yes,No
LEGACY-1273,Wear-Corrosion Balance,Wear-Corrosion Balance must be evaluated in context.,Generic filler,"The card substitutes a topic label into a repeated template; it does not state a discrete, source-supported engineering fact.",Rejected during recovery audit; not approved for publication.,"A page-specific, source-supported claim would be required.",solutions/tool-steel-selection.html,No source supplied in legacy card,2026-08-07,Yes,No
LEGACY-1274,Carbide,Carbide must be evaluated in context.,Generic filler,"The card substitutes a topic label into a repeated template; it does not state a discrete, source-supported engineering fact.",Rejected during recovery audit; not approved for publication.,"A page-specific, source-supported claim would be required.",solutions/tool-steel-selection.html,No source supplied in legacy card,2026-08-07,Yes,No
LEGACY-1275,Tooling Geometry,Tooling Geometry must be evaluated in context.,Generic filler,"The card substitutes a topic label into a repeated template; it does not state a discrete, source-supported engineering fact.",Rejected during recovery audit; not approved for publication.,"A page-specific, source-supported claim would be required.",solutions/tool-steel-selection.html,No source supplied in legacy card,2026-08-07,Yes,No
LEGACY-1276,Engraving Stress,Engraving Stress must be evaluated in context.,Generic filler,"The card substitutes a topic label into a repeated template; it does not state a discrete, source-supported engineering fact.",Rejected during recovery audit; not approved for publication.,"A page-specific, source-supported claim would be required.",solutions/tool-steel-selection.html,No source supplied in legacy card,2026-08-07,Yes,No
LEGACY-1277,Score-Line Stress,Score-Line Stress must be evaluated in context.,Generic filler,"The card substitutes a topic label into a repeated template; it does not state a discrete, source-supported engineering fact.",Rejected during recovery audit; not approved for publication.,"A page-specific, source-supported claim would be required.",solutions/tool-steel-selection.html,No source supplied in legacy card,2026-08-07,Yes,No
LEGACY-1278,Multi-Tip Tooling,Multi-Tip Tooling must be evaluated in context.,Generic filler,"The card substitutes a topic label into a repeated template; it does not state a discrete, source-supported engineering fact.",Rejected during recovery audit; not approved for publication.,"A page-specific, source-supported claim would be required.",solutions/tool-steel-selection.html,No source supplied in legacy card,2026-08-07,Yes,No
LEGACY-1279,Press Loading,Press Loading must be evaluated in context.,Generic filler,"The card substitutes a topic label into a repeated template; it does not state a discrete, source-supported engineering fact.",Rejected during recovery audit; not approved for publication.,"A page-specific, source-supported claim would be required.",solutions/tool-steel-selection.html,No source supplied in legacy card,2026-08-07,Yes,No
LEGACY-1280,Compression Force,Compression Force must be evaluated in context.,Generic filler,"The card substitutes a topic label into a repeated template; it does not state a discrete, source-supported engineering fact.",Rejected during recovery audit; not approved for publication.,"A page-specific, source-supported claim would be required.",solutions/tool-steel-selection.html,No source supplied in legacy card,2026-08-07,Yes,No
LEGACY-1281,Production Volume,Production Volume must be evaluated in context.,Generic filler,"The card substitutes a topic label into a repeated template; it does not state a discrete, source-supported engineering fact.",Rejected during recovery audit; not approved for publication.,"A page-specific, source-supported claim would be required.",solutions/tool-steel-selection.html,No source supplied in legacy card,2026-08-07,Yes,No
LEGACY-1282,Abrasive Formulations,Abrasive Formulations must be evaluated in context.,Generic filler,"The card substitutes a topic label into a repeated template; it does not state a discrete, source-supported engineering fact.",Rejected during recovery audit; not approved for publication.,"A page-specific, source-supported claim would be required.",solutions/tool-steel-selection.html,No source supplied in legacy card,2026-08-07,Yes,No
LEGACY-1283,Corrosive Formulations,Corrosive Formulations must be evaluated in context.,Generic filler,"The card substitutes a topic label into a repeated template; it does not state a discrete, source-supported engineering fact.",Rejected during recovery audit; not approved for publication.,"A page-specific, source-supported claim would be required.",solutions/tool-steel-selection.html,No source supplied in legacy card,2026-08-07,Yes,No
LEGACY-1284,Sticky Formulations,Sticky Formulations must be evaluated in context.,Generic filler,"The card substitutes a topic label into a repeated template; it does not state a discrete, source-supported engineering fact.",Rejected during recovery audit; not approved for publication.,"A page-specific, source-supported claim would be required.",solutions/tool-steel-selection.html,No source supplied in legacy card,2026-08-07,Yes,No
LEGACY-1285,Coating-Substrate Pairing,Coating-Substrate Pairing must be evaluated in context.,Generic filler,"The card substitutes a topic label into a repeated template; it does not state a discrete, source-supported engineering fact.",Rejected during recovery audit; not approved for publication.,"A page-specific, source-supported claim would be required.",solutions/tool-steel-selection.html,No source supplied in legacy card,2026-08-07,Yes,No
LEGACY-1286,Coating Temperature,Coating Temperature must be evaluated in context.,Generic filler,"The card substitutes a topic label into a repeated template; it does not state a discrete, source-supported engineering fact.",Rejected during recovery audit; not approved for publication.,"A page-specific, source-supported claim would be required.",solutions/tool-steel-selection.html,No source supplied in legacy card,2026-08-07,Yes,No
LEGACY-1287,Stripping Cycles,Stripping Cycles must be evaluated in context.,Generic filler,"The card substitutes a topic label into a repeated template; it does not state a discrete, source-supported engineering fact.",Rejected during recovery audit; not approved for publication.,"A page-specific, source-supported claim would be required.",solutions/tool-steel-selection.html,No source supplied in legacy card,2026-08-07,Yes,No
LEGACY-1288,Polishing Response,Polishing Response must be evaluated in context.,Generic filler,"The card substitutes a topic label into a repeated template; it does not state a discrete, source-supported engineering fact.",Rejected during recovery audit; not approved for publication.,"A page-specific, source-supported claim would be required.",solutions/tool-steel-selection.html,No source supplied in legacy card,2026-08-07,Yes,No
LEGACY-1289,Surface Specification,Surface Specification must be evaluated in context.,Generic filler,"The card substitutes a topic label into a repeated template; it does not state a discrete, source-supported engineering fact.",Rejected during recovery audit; not approved for publication.,"A page-specific, source-supported claim would be required.",solutions/tool-steel-selection.html,No source supplied in legacy card,2026-08-07,Yes,No
LEGACY-1290,Material Certificates,Material Certificates must be evaluated in context.,Generic filler,"The card substitutes a topic label into a repeated template; it does not state a discrete, source-supported engineering fact.",Rejected during recovery audit; not approved for publication.,"A page-specific, source-supported claim would be required.",solutions/tool-steel-selection.html,No source supplied in legacy card,2026-08-07,Yes,No
LEGACY-1291,Hardness Testing,Hardness Testing must be evaluated in context.,Generic filler,"The card substitutes a topic label into a repeated template; it does not state a discrete, source-supported engineering fact.",Rejected during recovery audit; not approved for publication.,"A page-specific, source-supported claim would be required.",solutions/tool-steel-selection.html,No source supplied in legacy card,2026-08-07,Yes,No
LEGACY-1292,Microstructure,Microstructure must be evaluated in context.,Generic filler,"The card substitutes a topic label into a repeated template; it does not state a discrete, source-supported engineering fact.",Rejected during recovery audit; not approved for publication.,"A page-specific, source-supported claim would be required.",solutions/tool-steel-selection.html,No source supplied in legacy card,2026-08-07,Yes,No
LEGACY-1293,Decarburization,Decarburization must be evaluated in context.,Generic filler,"The card substitutes a topic label into a repeated template; it does not state a discrete, source-supported engineering fact.",Rejected during recovery audit; not approved for publication.,"A page-specific, source-supported claim would be required.",solutions/tool-steel-selection.html,No source supplied in legacy card,2026-08-07,Yes,No
LEGACY-1294,Residual Stress,Residual Stress must be evaluated in context.,Generic filler,"The card substitutes a topic label into a repeated template; it does not state a discrete, source-supported engineering fact.",Rejected during recovery audit; not approved for publication.,"A page-specific, source-supported claim would be required.",solutions/tool-steel-selection.html,No source supplied in legacy card,2026-08-07,Yes,No
LEGACY-1295,Grinding Burn,Grinding Burn must be evaluated in context.,Generic filler,"The card substitutes a topic label into a repeated template; it does not state a discrete, source-supported engineering fact.",Rejected during recovery audit; not approved for publication.,"A page-specific, source-supported claim would be required.",solutions/tool-steel-selection.html,No source supplied in legacy card,2026-08-07,Yes,No
LEGACY-1296,Material Cleanliness,Material Cleanliness must be evaluated in context.,Generic filler,"The card substitutes a topic label into a repeated template; it does not state a discrete, source-supported engineering fact.",Rejected during recovery audit; not approved for publication.,"A page-specific, source-supported claim would be required.",solutions/tool-steel-selection.html,No source supplied in legacy card,2026-08-07,Yes,No
LEGACY-1297,Localized Corrosion,Localized Corrosion must be evaluated in context.,Generic filler,"The card substitutes a topic label into a repeated template; it does not state a discrete, source-supported engineering fact.",Rejected during recovery audit; not approved for publication.,"A page-specific, source-supported claim would be required.",solutions/tool-steel-selection.html,No source supplied in legacy card,2026-08-07,Yes,No
LEGACY-1298,Repair Strategy,Repair Strategy must be evaluated in context.,Generic filler,"The card substitutes a topic label into a repeated template; it does not state a discrete, source-supported engineering fact.",Rejected during recovery audit; not approved for publication.,"A page-specific, source-supported claim would be required.",solutions/tool-steel-selection.html,No source supplied in legacy card,2026-08-07,Yes,No
LEGACY-1299,Storage,Storage must be evaluated in context.,Generic filler,"The card substitutes a topic label into a repeated template; it does not state a discrete, source-supported engineering fact.",Rejected during recovery audit; not approved for publication.,"A page-specific, source-supported claim would be required.",solutions/tool-steel-selection.html,No source supplied in legacy card,2026-08-07,Yes,No
LEGACY-1300,Cleaning Compatibility,Cleaning Compatibility must be evaluated in context.,Generic filler,"The card substitutes a topic label into a repeated template; it does not state a discrete, source-supported engineering fact.",Rejected during recovery audit; not approved for publication.,"A page-specific, source-supported claim would be required.",solutions/tool-steel-selection.html,No source supplied in legacy card,2026-08-07,Yes,No
LEGACY-1301,Field History,Field History must be evaluated in context.,Generic filler,"The card substitutes a topic label into a repeated template; it does not state a discrete, source-supported engineering fact.",Rejected during recovery audit; not approved for publication.,"A page-specific, source-supported claim would be required.",solutions/tool-steel-selection.html,No source supplied in legacy card,2026-08-07,Yes,No
LEGACY-1302,Property Tables,Property Tables must be evaluated in context.,Generic filler,"The card substitutes a topic label into a repeated template; it does not state a discrete, source-supported engineering fact.",Rejected during recovery audit; not approved for publication.,"A page-specific, source-supported claim would be required.",solutions/tool-steel-selection.html,No source supplied in legacy card,2026-08-07,Yes,No
LEGACY-1303,International Sourcing,International Sourcing must be evaluated in context.,Generic filler,"The card substitutes a topic label into a repeated template; it does not state a discrete, source-supported engineering fact.",Rejected during recovery audit; not approved for publication.,"A page-specific, source-supported claim would be required.",solutions/tool-steel-selection.html,No source supplied in legacy card,2026-08-07,Yes,No
LEGACY-1304,Replacement History,Replacement History must be evaluated in context.,Generic filler,"The card substitutes a topic label into a repeated template; it does not state a discrete, source-supported engineering fact.",Rejected during recovery audit; not approved for publication.,"A page-specific, source-supported claim would be required.",solutions/tool-steel-selection.html,No source supplied in legacy card,2026-08-07,Yes,No
LEGACY-1305,Validation,Validation must be evaluated in context.,Generic filler,"The card substitutes a topic label into a repeated template; it does not state a discrete, source-supported engineering fact.",Rejected during recovery audit; not approved for publication.,"A page-specific, source-supported claim would be required.",solutions/tool-steel-selection.html,No source supplied in legacy card,2026-08-07,Yes,No
