record_number,batch_image_number,sku,make,model,part_name,category,catalog_part_number,oem_number,catalog_page,image_position,photo_status,verification,image_path
1,1,PGE-MAN-0001,Manesty,B3B,SEALING RING,Drive Components,M-123,35123,32,1,Catalog photo,Verified,/assets/images/parts/manesty/pge-man-0001-sealing-ring-oem-35123.png
2,2,PGE-MAN-0002,Manesty,B3B,BEARING FOR WORM SHAFT,Drive Components,M-51,35051,32,2,Catalog photo,Verified,/assets/images/parts/manesty/pge-man-0002-bearing-for-worm-shaft-oem-35051.png
3,3,PGE-MAN-0003,Manesty,B3B,SPACER,Drive Components,M5-11,35113,32,3,Catalog photo,Verified,/assets/images/parts/manesty/pge-man-0003-spacer-oem-35113.png
4,4,PGE-MAN-0004,Manesty,B3B,SPACER,Drive Components,M5-112,35112,32,4,Catalog photo,Verified,/assets/images/parts/manesty/pge-man-0004-spacer-oem-35112.png
5,5,PGE-MAN-0005,Manesty,B3B,WORMSHAFT,Drive Components,M5-160,35160,32,5,Catalog photo,Verified,/assets/images/parts/manesty/pge-man-0005-wormshaft-oem-35160.png
6,6,PGE-MAN-0006,Manesty,B3B,BEARING FOR WORM SHAFT,Drive Components,M5-52,35052,32,6,Catalog photo,Verified,/assets/images/parts/manesty/pge-man-0006-bearing-for-worm-shaft-oem-35052.png
7,7,PGE-MAN-0007,Manesty,B3B,SEALING RING,Drive Components,M5-87,35087,32,7,Catalog photo,Verified,/assets/images/parts/manesty/pge-man-0007-sealing-ring-oem-35087.png
8,8,PGE-MAN-0008,Manesty,B3B,BRONZE WORM,Drive Components,WG-4,"35042, A-213-848-1",32,8,Catalog photo,Verified,/assets/images/parts/manesty/pge-man-0008-bronze-worm-oem-35042-a-213-848-1.png
9,9,PGE-MAN-0009,Manesty,B3B,FLANGED SPACER,Drive Components,M-115,35115,32,9,Catalog photo,Verified,/assets/images/parts/manesty/pge-man-0009-flanged-spacer-oem-35115.png
10,10,PGE-MAN-0010,Manesty,B3B,REAR LOWER GUARD TOP PLATE,Guarding,M5-167,35167,32,10,Catalog photo,Verified,/assets/images/parts/manesty/pge-man-0010-rear-lower-guard-top-plate-oem-35167.png
11,11,PGE-MAN-0011,Manesty,B3B,TURRET GUARD SET (3 PCS),Guarding,M5-456,N/A,32,11,Catalog photo,Verified,/assets/images/parts/manesty/pge-man-0011-turret-guard-set-3-pcs-oem-n-a.png
12,12,PGE-MAN-0012,Manesty,B3B,SIDE UPPER GUIDE PIECE,Guarding,M5-5,N/A,32,12,Catalog photo,Verified,/assets/images/parts/manesty/pge-man-0012-side-upper-guide-piece-oem-n-a.png
13,13,PGE-MAN-0013,Manesty,B3B,DRIP LUBRICATOR,Hydraulic & Lubrication Components,M-15,1150,32,13,Catalog photo,Verified,/assets/images/parts/manesty/pge-man-0013-drip-lubricator-oem-1150.png
14,14,PGE-MAN-0014,Manesty,B3B,HYDRAULIC TONNAGE GAUGE SYSTEM,Hydraulic & Lubrication Components,M-177,N/A,32,14,Catalog photo,Verified,/assets/images/parts/manesty/pge-man-0014-hydraulic-tonnage-gauge-system-oem-n-a.png
15,15,PGE-MAN-0015,Manesty,B3B,UPPER OIL PAD,Hydraulic & Lubrication Components,M-72,35072,32,15,Catalog photo,Verified,/assets/images/parts/manesty/pge-man-0015-upper-oil-pad-oem-35072.png
16,16,PGE-MAN-0016,Manesty,B3B,DRIP LUBRICATOR,Hydraulic & Lubrication Components,M-78,36178,33,1,Catalog photo,Verified,/assets/images/parts/manesty/pge-man-0016-drip-lubricator-oem-36178.png
17,17,PGE-MAN-0017,Manesty,B3B,PUNCH LOADING PLUG,Lower Cam Tracks,M-10,35010,33,2,Catalog photo,Verified,/assets/images/parts/manesty/pge-man-0017-punch-loading-plug-oem-35010.png
18,18,PGE-MAN-0018,Manesty,B3B,WEIGHT ADJUST CAM SCREW,Lower Cam Tracks,M5-148,35148,33,3,Catalog photo,Verified,/assets/images/parts/manesty/pge-man-0018-weight-adjust-cam-screw-oem-35148.png
19,19,PGE-MAN-0019,Manesty,B3B,EJECTION CAM,Lower Cam Tracks,M5-22,35022,33,4,Catalog photo,Verified,/assets/images/parts/manesty/pge-man-0019-ejection-cam-oem-35022.png
20,20,PGE-MAN-0020,Manesty,B3B,LOWER CAM TRACK,Lower Cam Tracks,M5-72,35172,33,5,Catalog photo,Verified,/assets/images/parts/manesty/pge-man-0020-lower-cam-track-oem-35172.png
21,21,PGE-MAN-0021,Manesty,B3B,PUNCH ADJUSTER SCREW,Lower Cam Tracks,M-94,36094,33,6,Catalog photo,Verified,/assets/images/parts/manesty/pge-man-0021-punch-adjuster-screw-oem-36094.png
22,22,PGE-MAN-0022,Manesty,B3B,FULCRUM PIN,Pressure Rolls & Components,M5-23,35023,33,7,Catalog photo,Verified,/assets/images/parts/manesty/pge-man-0022-fulcrum-pin-oem-35023.png
23,23,PGE-MAN-0023,Manesty,B3B,UPPER ROLL PIN,Pressure Rolls & Components,M5-8,35008,33,8,Catalog photo,Verified,/assets/images/parts/manesty/pge-man-0023-upper-roll-pin-oem-35008.png
24,24,PGE-MAN-0024,Manesty,B3B,LOWER ROLL PIN,Pressure Rolls & Components,M-9,35009,33,9,Catalog photo,Verified,/assets/images/parts/manesty/pge-man-0024-lower-roll-pin-oem-35009.png
25,25,PGE-MAN-0025,Manesty,B3B,UPPER OR LOWER PRESSURE ROLL,Pressure Rolls & Components,PR-7,35007,33,10,Catalog photo,Verified,/assets/images/parts/manesty/pge-man-0025-upper-or-lower-pressure-roll-oem-35007.png
26,26,PGE-MAN-0026,Manesty,B3B,DUST NOZZLE ASSEMBLY,Product Control,M-117,35117,33,11,Catalog photo,Verified,/assets/images/parts/manesty/pge-man-0026-dust-nozzle-assembly-oem-35117.png
27,27,PGE-MAN-0027,Manesty,B3B,FEED FRAME LOCKNUT,Product Control,M-118,36118,33,12,Catalog photo,Verified,/assets/images/parts/manesty/pge-man-0027-feed-frame-locknut-oem-36118.png
28,28,PGE-MAN-0028,Manesty,B3B,HOPPER SPINDLE - COMPLETE,Product Control,M-124,35124,33,13,Catalog photo,Verified,/assets/images/parts/manesty/pge-man-0028-hopper-spindle-complete-oem-35124.png
29,29,PGE-MAN-0029,Manesty,B3B,FEED FRAME LOCKNUT - FRONT,Product Control,M5-041,35041,33,14,Catalog photo,Verified,/assets/images/parts/manesty/pge-man-0029-feed-frame-locknut-front-oem-35041.png
30,30,PGE-MAN-0030,Manesty,B3B,FEED FRAME STUD,Product Control,M5-110,35110,33,15,Catalog photo,Verified,/assets/images/parts/manesty/pge-man-0030-feed-frame-stud-oem-35110.png
31,31,PGE-MAN-0031,Manesty,B3B,SCRAPER BLADE,Product Control,M5-16,35016,34,1,Catalog photo,Verified,/assets/images/parts/manesty/pge-man-0031-scraper-blade-oem-35016.png
32,32,PGE-MAN-0032,Manesty,B3B,TAKE-OFF PLATE,Product Control,M5-17,35017,34,2,Catalog photo,Verified,/assets/images/parts/manesty/pge-man-0032-take-off-plate-oem-35017.png
33,33,PGE-MAN-0033,Manesty,B3B,HOPPER CLAMP SCREW,Product Control,M-67,36067,34,3,Catalog photo,Verified,/assets/images/parts/manesty/pge-man-0033-hopper-clamp-screw-oem-36067.png
34,34,PGE-MAN-0034,Manesty,B3B,HOPPER,Product Control,M-103,35103,34,4,Catalog photo,Verified,/assets/images/parts/manesty/pge-man-0034-hopper-oem-35103.png
37,35,PGE-MAN-0037,Manesty,B3B,FEED FRAME,Product Control,SB1-57,C-220-057-1,34,7,Catalog photo,Verified,/assets/images/parts/manesty/pge-man-0037-feed-frame-oem-c-220-057-1.png
38,36,PGE-MAN-0038,Manesty,B3B,FEED FRAME- ASSEMBLY,Product Control,SB1-57/A,C-220-057-1,34,8,Catalog photo,Verified,/assets/images/parts/manesty/pge-man-0038-feed-frame-assembly-oem-c-220-057-1.png
39,37,PGE-MAN-0039,Manesty,B3B,FEED FRAME- ALUMINUM,Product Control,SB1-57/AL,C-220-157-1A,34,9,Catalog photo,Verified,/assets/images/parts/manesty/pge-man-0039-feed-frame-aluminum-oem-c-220-157-1a.png
41,38,PGE-MAN-0041,Manesty,B3B,SCRAPER SPRING,Product Control,SP-8,"37077, 35018, 36062",34,11,Catalog photo,Verified,/assets/images/parts/manesty/pge-man-0041-scraper-spring-oem-37077-35018-36062.png
42,39,PGE-MAN-0042,Manesty,B3B,FORK PIN,Thickness/Hardness Components,M-24,35024,34,12,Catalog photo,Verified,/assets/images/parts/manesty/pge-man-0042-fork-pin-oem-35024.png
43,40,PGE-MAN-0043,Manesty,B3B,DIE LOCK SCREW,Turret Hardware,DL-50/1,N/A,34,13,Catalog photo,Verified,/assets/images/parts/manesty/pge-man-0043-die-lock-screw-oem-n-a.png
44,41,PGE-MAN-0044,Manesty,B3B,DIE LOCK SCREW,Turret Hardware,DL-50/2,44775,34,14,Catalog photo,Verified,/assets/images/parts/manesty/pge-man-0044-die-lock-screw-oem-44775.png
45,42,PGE-MAN-0045,Manesty,B3B,DIE LOCK SCREW,Turret Hardware,DL-56,"36156, AD-0",34,15,Catalog photo,Verified,/assets/images/parts/manesty/pge-man-0045-die-lock-screw-oem-36156-ad-0.png
46,43,PGE-MAN-0046,Manesty,B3B,LOWER PUNCH RETAINER SPRING,Turret Hardware,M-518,38518,35,1,Catalog photo,Verified,/assets/images/parts/manesty/pge-man-0046-lower-punch-retainer-spring-oem-38518.png
47,44,PGE-MAN-0047,Manesty,B3B,LOWER PUNCH RETAINER,Turret Hardware,M-519,38519,35,2,Catalog photo,Verified,/assets/images/parts/manesty/pge-man-0047-lower-punch-retainer-oem-38519.png
48,45,PGE-MAN-0048,Manesty,B3B,LOWER PUNCH RETAINER SCREW,Turret Hardware,M-69,39690,35,3,Catalog photo,Verified,/assets/images/parts/manesty/pge-man-0048-lower-punch-retainer-screw-oem-39690.png
49,46,PGE-MAN-0049,Manesty,B3B,PUNCH ADJUSTER SCREW,Turret Hardware,M-94,36094,35,4,Catalog photo,Verified,/assets/images/parts/manesty/pge-man-0049-punch-adjuster-screw-oem-36094.png
50,47,PGE-MAN-0050,Manesty,B3B,TURRET HEAD BUSH - SET (2),Turret Hardware,M-182,37182,35,5,Catalog photo,Verified,/assets/images/parts/manesty/pge-man-0050-turret-head-bush-set-2-oem-37182.png
51,48,PGE-MAN-0051,Manesty,B3B,COLUMN,Turret Hardware,M-129,35129,35,6,Catalog photo,Verified,/assets/images/parts/manesty/pge-man-0051-column-oem-35129.png
54,49,PGE-MAN-0054,Manesty,B3B,UPPER CAM BODY W/TAKE OUT PLATE,Upper Cam Tracks,M5-200,35200,35,9,Catalog photo,Verified,/assets/images/parts/manesty/pge-man-0054-upper-cam-body-w-take-out-plate-oem-35200.png
55,50,PGE-MAN-0055,Manesty,B3B,ANTI FLIGHT RAIL,Upper Cam Tracks,M5-200/AFR,N/A,35,10,Catalog photo,Verified,/assets/images/parts/manesty/pge-man-0055-anti-flight-rail-oem-n-a.png
56,51,PGE-MAN-0056,Manesty,B3B,GUIDE PIECE,Upper Cam Tracks,M5-26,35126,35,11,Catalog photo,Verified,/assets/images/parts/manesty/pge-man-0056-guide-piece-oem-35126.png
57,52,PGE-MAN-0057,Manesty,B3B,TAKE OUT PLATE,Upper Cam Tracks,M5-66,35166,35,12,Catalog photo,Verified,/assets/images/parts/manesty/pge-man-0057-take-out-plate-oem-35166.png
58,53,PGE-MAN-0058,Manesty,B3B,UPPER LOWERING CAM - EU OR IPT,Upper Cam Tracks,M5-91,35091,35,13,Catalog photo,Verified,/assets/images/parts/manesty/pge-man-0058-upper-lowering-cam-eu-or-ipt-oem-35091.png
59,54,PGE-MAN-0059,Manesty,B3B,UPPER LIFTING CAM - EU OR IPT,Weight Adjusting Components,M5-92,35092,35,14,Catalog photo,Verified,/assets/images/parts/manesty/pge-man-0059-upper-lifting-cam-eu-or-ipt-oem-35092.png
60,55,PGE-MAN-0060,Manesty,B3B,LOCKNUT FOR WEIGHT ADJUSTER,Weight Adjusting Components,M-153,35153,35,15,Catalog photo,Verified,/assets/images/parts/manesty/pge-man-0060-locknut-for-weight-adjuster-oem-35153.png
61,56,PGE-MAN-0061,Manesty,B3B,1/2” BEARING FOR WORM SHAFT,Drive Components,M9-788,N/A,36,1,Catalog photo,Verified,/assets/images/parts/manesty/pge-man-0061-1-2-bearing-for-worm-shaft-oem-n-a.png
62,57,PGE-MAN-0062,Manesty,B3B,LOWER CAM TRACK PULLDOWN - SHALLOW,Lower Cam Tracks,SD4-240-.31,N/A,36,2,Catalog photo,Verified,/assets/images/parts/manesty/pge-man-0062-lower-cam-track-pulldown-shallow-oem-n-a.png
63,58,PGE-MAN-0063,Manesty,B3B,PUNCH LOADING PLUG,Lower Cam Tracks,M-481,N/A,36,3,Catalog photo,Verified,/assets/images/parts/manesty/pge-man-0063-punch-loading-plug-oem-n-a.png
64,59,PGE-MAN-0064,Manesty,B3B,FEED FRAME-CLOSED,Product Control,M-231,6790231,36,4,Catalog photo,Verified,/assets/images/parts/manesty/pge-man-0064-feed-frame-closed-oem-6790231.png
65,60,PGE-MAN-0065,Manesty,B3B,FEED FRAME-OPEN,Product Control,M-231/1,N/A,36,5,Catalog photo,Verified,/assets/images/parts/manesty/pge-man-0065-feed-frame-open-oem-n-a.png
66,61,PGE-MAN-0066,Manesty,B3B,L.H PADDLE,Product Control,M9-727,N/A,36,6,Catalog photo,Verified,/assets/images/parts/manesty/pge-man-0066-l-h-paddle-oem-n-a.png
67,62,PGE-MAN-0067,Manesty,B3B,HIGH LEVEL INSERT,Upper Cam Tracks,M6-244,35792,36,7,Catalog photo,Verified,/assets/images/parts/manesty/pge-man-0067-high-level-insert-oem-35792.png
68,63,PGE-MAN-0068,Manesty,B3B,TAKE OUT PIECE,Upper Cam Tracks,M6-245,36792,36,8,Catalog photo,Verified,/assets/images/parts/manesty/pge-man-0068-take-out-piece-oem-36792.png
69,64,PGE-MAN-0069,Manesty,B3B,HIGH LEVEL INSERT 2,Upper Cam Tracks,M6-246,37792,36,9,Catalog photo,Verified,/assets/images/parts/manesty/pge-man-0069-high-level-insert-2-oem-37792.png
70,65,PGE-MAN-0070,Manesty,B4,WEIGHT ADJUSTING RAMP WEDGE PIECE,Weight Adjusting Components,M-27,37027,37,1,Catalog photo,Verified,/assets/images/parts/manesty/pge-man-0070-weight-adjusting-ramp-wedge-piece-oem-37027.png
71,66,PGE-MAN-0071,Manesty,B4,WEIGHT ADJUSTING CAM,Weight Adjusting Components,M5-147,35147,37,2,Catalog photo,Verified,/assets/images/parts/manesty/pge-man-0071-weight-adjusting-cam-oem-35147.png
72,67,PGE-MAN-0072,Manesty,B4,PIN FOR WEDGE PIECE,Weight Adjusting Components,M-82,91882,37,3,Catalog photo,Verified,/assets/images/parts/manesty/pge-man-0072-pin-for-wedge-piece-oem-91882.png
73,68,PGE-MAN-0073,Manesty,B4,SPRING FOR WEDGE SCREW,Weight Adjusting Components,MB3-01,37019,37,4,Catalog photo,Verified,/assets/images/parts/manesty/pge-man-0073-spring-for-wedge-screw-oem-37019.png
74,69,PGE-MAN-0074,Manesty,BB3B,FLANGED SPACER,Drive Components,M-108,37108,38,1,Catalog photo,Verified,/assets/images/parts/manesty/pge-man-0074-flanged-spacer-oem-37108.png
75,70,PGE-MAN-0075,Manesty,BB3B,FLANGED SPACER,Drive Components,M-115,35115,38,2,Catalog photo,Verified,/assets/images/parts/manesty/pge-man-0075-flanged-spacer-oem-35115.png
76,71,PGE-MAN-0076,Manesty,BB3B,SEALING RING,Drive Components,M-123,35123,38,3,Catalog photo,Verified,/assets/images/parts/manesty/pge-man-0076-sealing-ring-oem-35123.png
77,72,PGE-MAN-0077,Manesty,BB3B,BEARING FOR WORM SHAFT,Drive Components,M-371,36371,38,4,Catalog photo,Verified,/assets/images/parts/manesty/pge-man-0077-bearing-for-worm-shaft-oem-36371.png
78,73,PGE-MAN-0078,Manesty,BB3B,BEARING FOR WORM SHAFT,Drive Components,M-51,35051,38,5,Catalog photo,Verified,/assets/images/parts/manesty/pge-man-0078-bearing-for-worm-shaft-oem-35051.png
79,74,PGE-MAN-0079,Manesty,BB3B,SPACER,Drive Components,MB3-109,37109,38,6,Catalog photo,Verified,/assets/images/parts/manesty/pge-man-0079-spacer-oem-37109.png
80,75,PGE-MAN-0080,Manesty,BB3B,SPACER,Drive Components,MB3-110,37110,38,7,Catalog photo,Verified,/assets/images/parts/manesty/pge-man-0080-spacer-oem-37110.png
81,76,PGE-MAN-0081,Manesty,BB3B,SEALING RING,Drive Components,MB3-114,37114,38,8,Catalog photo,Verified,/assets/images/parts/manesty/pge-man-0081-sealing-ring-oem-37114.png
82,77,PGE-MAN-0082,Manesty,BB3B,TAPERED WORMSHAFT,Drive Components,MB3-147,37147,38,9,Catalog photo,Verified,/assets/images/parts/manesty/pge-man-0082-tapered-wormshaft-oem-37147.png
83,78,PGE-MAN-0083,Manesty,BB3B,BEARING FOR WORM SHAFT,Drive Components,MB3-59,37059,38,10,Catalog photo,Verified,/assets/images/parts/manesty/pge-man-0083-bearing-for-worm-shaft-oem-37059.png
84,79,PGE-MAN-0084,Manesty,BB3B,BRONZE WORM,Drive Components,WG-4,"35042, A-213-848-1",38,11,Catalog photo,Verified,/assets/images/parts/manesty/pge-man-0084-bronze-worm-oem-35042-a-213-848-1.png
85,80,PGE-MAN-0085,Manesty,BB3B,LEFT HAND SIDE TOP COVER,Guarding,MB3-193,37193,38,12,Catalog photo,Verified,/assets/images/parts/manesty/pge-man-0085-left-hand-side-top-cover-oem-37193.png
86,81,PGE-MAN-0086,Manesty,BB3B,FRONT TOP COVER,Guarding,MB3-194,37194,38,13,Catalog photo,Verified,/assets/images/parts/manesty/pge-man-0086-front-top-cover-oem-37194.png
87,82,PGE-MAN-0087,Manesty,BB3B,REAR TOP COVER,Guarding,MB3-195,37195,38,14,Catalog photo,Verified,/assets/images/parts/manesty/pge-man-0087-rear-top-cover-oem-37195.png
88,83,PGE-MAN-0088,Manesty,BB3B,TURRET GUARD SET (4 PCS),Guarding,TG-98,N/A,38,15,Catalog photo,Verified,/assets/images/parts/manesty/pge-man-0088-turret-guard-set-4-pcs-oem-n-a.png
89,84,PGE-MAN-0089,Manesty,BB3B,DRIP LUBRICATOR,Hydraulic & Lubrication Components,M-15,1150,39,1,Catalog photo,Verified,/assets/images/parts/manesty/pge-man-0089-drip-lubricator-oem-1150.png
90,85,PGE-MAN-0090,Manesty,BB3B,HYDRAULIC TONNAGE GAUGE SYSTEM,Hydraulic & Lubrication Components,M-177,35177,39,2,Catalog photo,Verified,/assets/images/parts/manesty/pge-man-0090-hydraulic-tonnage-gauge-system-oem-35177.png
91,86,PGE-MAN-0091,Manesty,BB3B,UPPER OIL PAD,Hydraulic & Lubrication Components,M-72,35072,39,3,Catalog photo,Verified,/assets/images/parts/manesty/pge-man-0091-upper-oil-pad-oem-35072.png
92,87,PGE-MAN-0092,Manesty,BB3B,DRIP LUBRICATOR,Hydraulic & Lubrication Components,M-78,36178,39,4,Catalog photo,Verified,/assets/images/parts/manesty/pge-man-0092-drip-lubricator-oem-36178.png
93,88,PGE-MAN-0093,Manesty,BB3B,PUNCH LOADING PLUG,Lower Cam Tracks,M-10,35010,39,5,Catalog photo,Verified,/assets/images/parts/manesty/pge-man-0093-punch-loading-plug-oem-35010.png
94,89,PGE-MAN-0094,Manesty,BB3B,LOWER CAM TRACK - EU B,Lower Cam Tracks,MB3-015,37015,39,6,Catalog photo,Verified,/assets/images/parts/manesty/pge-man-0094-lower-cam-track-eu-b-oem-37015.png
95,90,PGE-MAN-0095,Manesty,BB3B,EJECTION PAD,Lower Cam Tracks,MB3-016,37016,39,7,Catalog photo,Verified,/assets/images/parts/manesty/pge-man-0095-ejection-pad-oem-37016.png
96,91,PGE-MAN-0096,Manesty,BB3B,BLOCK ON LOWER CAM,Lower Cam Tracks,MB3-209,37209,39,8,Catalog photo,Verified,/assets/images/parts/manesty/pge-man-0096-block-on-lower-cam-oem-37209.png
97,92,PGE-MAN-0097,Manesty,BB3B,GUIDE PIECE,Lower Cam Tracks,MB3-36,37136,39,9,Catalog photo,Verified,/assets/images/parts/manesty/pge-man-0097-guide-piece-oem-37136.png
98,93,PGE-MAN-0098,Manesty,BB3B,LOWER CAM TRACK - US ‘B’,Lower Cam Tracks,MB3-74,37174,39,10,Catalog photo,Verified,/assets/images/parts/manesty/pge-man-0098-lower-cam-track-us-b-oem-37174.png
99,94,PGE-MAN-0099,Manesty,BB3B,LOWER CAM TRACK - BRONZE - IPT B,Lower Cam Tracks,MB3-74/B,37174,39,11,Catalog photo,Verified,/assets/images/parts/manesty/pge-man-0099-lower-cam-track-bronze-ipt-b-oem-37174.png
100,95,PGE-MAN-0100,Manesty,BB3B,LOWER CAM TRACK - SHALLOW FILL,Lower Cam Tracks,MB3-74/SF,N/A,39,12,Catalog photo,Verified,/assets/images/parts/manesty/pge-man-0100-lower-cam-track-shallow-fill-oem-n-a.png
101,96,PGE-MAN-0101,Manesty,BB3B,SHALLOW FILL CAM W/NON DROP SUPPORT - 9/16” FILL - IPT B,Lower Cam Tracks,MB3-74/SF2,N/A,39,13,Catalog photo,Verified,/assets/images/parts/manesty/pge-man-0101-shallow-fill-cam-w-non-drop-support-9-16-fill-ipt-b-oem-n-a.png
102,97,PGE-MAN-0102,Manesty,BB3B,LOWER CAM TRACK - WITHOUT EJECTION ADJ.- IPT B,Lower Cam Tracks,MB3-74/1,37174,39,14,Catalog photo,Verified,/assets/images/parts/manesty/pge-man-0102-lower-cam-track-without-ejection-adj-ipt-b-oem-37174.png
108,98,PGE-MAN-0108,Manesty,BB3B,LOWER ROLL PIN,Pressure Rolls & Components,M-9,35009,40,5,Catalog photo,Verified,/assets/images/parts/manesty/pge-man-0108-lower-roll-pin-oem-35009.png
109,99,PGE-MAN-0109,Manesty,BB3B,FULCRUM PIN,Pressure Rolls & Components,MB3-06,37006,40,6,Catalog photo,Verified,/assets/images/parts/manesty/pge-man-0109-fulcrum-pin-oem-37006.png
110,100,PGE-MAN-0110,Manesty,BB3B,UPPER PRESSURE ROLL PIN,Pressure Rolls & Components,MB3-47,37047,40,7,Catalog photo,Verified,/assets/images/parts/manesty/pge-man-0110-upper-pressure-roll-pin-oem-37047.png
111,101,PGE-MAN-0111,Manesty,BB3B,UPPER OR LOWER PRESSURE ROLL,Pressure Rolls & Components,PR-7,35007,40,8,Catalog photo,Verified,/assets/images/parts/manesty/pge-man-0111-upper-or-lower-pressure-roll-oem-35007.png
112,102,PGE-MAN-0112,Manesty,BB3B,DUST NOZZLE ASSEMBLY,Product Control,M-117,35117,40,9,Catalog photo,Verified,/assets/images/parts/manesty/pge-man-0112-dust-nozzle-assembly-oem-35117.png
113,103,PGE-MAN-0113,Manesty,BB3B,HOPPER SPINDLE - COMPLETE,Product Control,M-124,35124,40,10,Catalog photo,Verified,/assets/images/parts/manesty/pge-man-0113-hopper-spindle-complete-oem-35124.png
114,104,PGE-MAN-0114,Manesty,BB3B,HOPPER CLAMP SCREW,Product Control,M-67,36067,40,11,Catalog photo,Verified,/assets/images/parts/manesty/pge-man-0114-hopper-clamp-screw-oem-36067.png
115,105,PGE-MAN-0115,Manesty,BB3B,HOPPER LINK STUD,Product Control,MB3-035,37035,40,12,Catalog photo,Verified,/assets/images/parts/manesty/pge-man-0115-hopper-link-stud-oem-37035.png
116,106,PGE-MAN-0116,Manesty,BB3B,TABLET CHUTE ASSEMBLY (CHUTE & DEFLECTOR STRIP),Product Control,MB3-096,37096,40,13,Catalog photo,Verified,/assets/images/parts/manesty/pge-man-0116-tablet-chute-assembly-chute-deflector-strip-oem-37096.png
117,107,PGE-MAN-0117,Manesty,BB3B,DUST NOZZLE BRACKET COLLAR SET,Product Control,MB3-119,35119,40,14,Catalog photo,Verified,/assets/images/parts/manesty/pge-man-0117-dust-nozzle-bracket-collar-set-oem-35119.png
118,108,PGE-MAN-0118,Manesty,BB3B,GUIDE STRIP,Product Control,MB3-167,37167,40,15,Catalog photo,Verified,/assets/images/parts/manesty/pge-man-0118-guide-strip-oem-37167.png
119,109,PGE-MAN-0119,Manesty,BB3B,FEED FRAME MOUNT,Product Control,MB3-178,37178,41,1,Catalog photo,Verified,/assets/images/parts/manesty/pge-man-0119-feed-frame-mount-oem-37178.png
120,110,PGE-MAN-0120,Manesty,BB3B,FEED FRAME LOCKSCREW,Product Control,MB3-179,37179,41,2,Catalog photo,Verified,/assets/images/parts/manesty/pge-man-0120-feed-frame-lockscrew-oem-37179.png
121,111,PGE-MAN-0121,Manesty,BB3B,SCRAPER BLADE - REAR - SEE SB1-79,Product Control,MB3-20,37220,41,3,Catalog photo,Verified,/assets/images/parts/manesty/pge-man-0121-scraper-blade-rear-see-sb1-79-oem-37220.png
122,112,PGE-MAN-0122,Manesty,BB3B,SCRAPER BLADE - FRONT,Product Control,MB3-21,37221,41,4,Catalog photo,Verified,/assets/images/parts/manesty/pge-man-0122-scraper-blade-front-oem-37221.png
123,113,PGE-MAN-0123,Manesty,BB3B,FEED FRAME ANGLE PIECE,Product Control,MB3-57,37157,41,5,Catalog photo,Verified,/assets/images/parts/manesty/pge-man-0123-feed-frame-angle-piece-oem-37157.png
124,114,PGE-MAN-0124,Manesty,BB3B,TAKE-OFF PLATE - FRONT,Product Control,MB3-79,37079,41,6,Catalog photo,Verified,/assets/images/parts/manesty/pge-man-0124-take-off-plate-front-oem-37079.png
125,115,PGE-MAN-0125,Manesty,BB3B,TAKE-OFF PLATE - REAR,Product Control,MB3-80,37080,41,7,Catalog photo,Verified,/assets/images/parts/manesty/pge-man-0125-take-off-plate-rear-oem-37080.png
126,116,PGE-MAN-0126,Manesty,BB3B,FEED FRAME - FRONT ASSEMBLY,Product Control,MB3-81/F/A,37081,41,8,Catalog photo,Verified,/assets/images/parts/manesty/pge-man-0126-feed-frame-front-assembly-oem-37081.png
127,117,PGE-MAN-0127,Manesty,BB3B,FEED FRAME - FRONT (STAINLESS STEEL) ASSEMBLY,Product Control,MB3-81/FS/A,37081,41,9,Catalog photo,Verified,/assets/images/parts/manesty/pge-man-0127-feed-frame-front-stainless-steel-assembly-oem-37081.png
128,118,PGE-MAN-0128,Manesty,BB3B,FEED FRAME - REAR ASSEMBLY,Product Control,MB3-81/R/A,37082,41,10,Catalog photo,Verified,/assets/images/parts/manesty/pge-man-0128-feed-frame-rear-assembly-oem-37082.png
130,119,PGE-MAN-0130,Manesty,BB3B,FEED FRAME - REAR (STAINLESS STEEL) ASSEMBLY,Product Control,MB3-81/RS/A,37082,41,12,Catalog photo,Verified,/assets/images/parts/manesty/pge-man-0130-feed-frame-rear-stainless-steel-assembly-oem-37082.png
132,120,PGE-MAN-0132,Manesty,BB3B,HOPPER,Product Control,M-103,35103,41,14,Catalog photo,Verified,/assets/images/parts/manesty/pge-man-0132-hopper-oem-35103.png
133,121,PGE-MAN-0133,Manesty,BB3B,SCRAPER SPRING,Product Control,SP-8,"37077, 35018, 36062",41,15,Catalog photo,Verified,/assets/images/parts/manesty/pge-man-0133-scraper-spring-oem-37077-35018-36062.png
135,122,PGE-MAN-0135,Manesty,BB3B,REAR SCRAPER BLADE,Product Control,MB3-169,N/A,42,2,Catalog photo,Verified,/assets/images/parts/manesty/pge-man-0135-rear-scraper-blade-oem-n-a.png
136,123,PGE-MAN-0136,Manesty,BB3B,FORK PIN,Thickness/Hardness Components,M-24,35024,42,3,Catalog photo,Verified,/assets/images/parts/manesty/pge-man-0136-fork-pin-oem-35024.png
137,124,PGE-MAN-0137,Manesty,BB3B,PRESSURE LEVER PIN,Thickness/Hardness Components,M-26,35026,42,4,Catalog photo,Verified,/assets/images/parts/manesty/pge-man-0137-pressure-lever-pin-oem-35026.png
138,125,PGE-MAN-0138,Manesty,BB3B,ECCENTRIC SHAFT,Thickness/Hardness Components,MB3-153,37153,42,5,Catalog photo,Verified,/assets/images/parts/manesty/pge-man-0138-eccentric-shaft-oem-37153.png
139,126,PGE-MAN-0139,Manesty,BB3B,EYE BOLT-LONG,Thickness/Hardness Components,N-EB1,N/A,42,6,Catalog photo,Verified,/assets/images/parts/manesty/pge-man-0139-eye-bolt-long-oem-n-a.png
140,127,PGE-MAN-0140,Manesty,BB3B,HAND WHEEL,Thickness/Hardness Components,N-HW1,N/A,42,7,Catalog photo,Verified,/assets/images/parts/manesty/pge-man-0140-hand-wheel-oem-n-a.png
141,128,PGE-MAN-0141,Manesty,BB3B,DIE LOCK SCREW,Turret Hardware,DL-56,"36156, AD-0",42,8,Catalog photo,Verified,/assets/images/parts/manesty/pge-man-0141-die-lock-screw-oem-36156-ad-0.png
142,129,PGE-MAN-0142,Manesty,BB3B,DIE LOCK SCREW,Turret Hardware,DL-62/2,"45423, 11203011",42,9,Catalog photo,Verified,/assets/images/parts/manesty/pge-man-0142-die-lock-screw-oem-45423-11203011.png
143,130,PGE-MAN-0143,Manesty,BB3B,DIE LOCK SCREW,Turret Hardware,DL-75/1,"45424, 11203012",42,10,Catalog photo,Verified,/assets/images/parts/manesty/pge-man-0143-die-lock-screw-oem-45424-11203012.png
144,131,PGE-MAN-0144,Manesty,BB3B,DIE LOCK SCREW,Turret Hardware,DL-75/2,45424,42,11,Catalog photo,Verified,/assets/images/parts/manesty/pge-man-0144-die-lock-screw-oem-45424.png
145,132,PGE-MAN-0145,Manesty,BB3B,COLUMN,Turret Hardware,M-129,35129,42,12,Catalog photo,Verified,/assets/images/parts/manesty/pge-man-0145-column-oem-35129.png
146,133,PGE-MAN-0146,Manesty,BB3B,LOWER PUNCH RETAINER SPRING,Turret Hardware,M-518,38518,42,13,Catalog photo,Verified,/assets/images/parts/manesty/pge-man-0146-lower-punch-retainer-spring-oem-38518.png
147,134,PGE-MAN-0147,Manesty,BB3B,LOWER PUNCH RETAINER,Turret Hardware,M-519,38519,42,14,Catalog photo,Verified,/assets/images/parts/manesty/pge-man-0147-lower-punch-retainer-oem-38519.png
148,135,PGE-MAN-0148,Manesty,BB3B,LOWER PUNCH RETAINER SCREW,Turret Hardware,M-69,39690,42,15,Catalog photo,Verified,/assets/images/parts/manesty/pge-man-0148-lower-punch-retainer-screw-oem-39690.png
149,136,PGE-MAN-0149,Manesty,BB3B,TURRET HEAD BUSH - SET (2),Turret Hardware,M-182,37182,43,1,Catalog photo,Verified,/assets/images/parts/manesty/pge-man-0149-turret-head-bush-set-2-oem-37182.png
150,137,PGE-MAN-0150,Manesty,BB3B,LOWER PUNCH RETAINER SPRING,Turret Hardware,SP-249,39249,43,2,Catalog photo,Verified,/assets/images/parts/manesty/pge-man-0150-lower-punch-retainer-spring-oem-39249.png
151,138,PGE-MAN-0151,Manesty,BB3B,LOWER PUNCH RETAINER SPRING - SHORT,Turret Hardware,SP-249/S,39249,43,3,Catalog photo,Verified,/assets/images/parts/manesty/pge-man-0151-lower-punch-retainer-spring-short-oem-39249.png
152,139,PGE-MAN-0152,Manesty,BB3B,KEYWAY PLUG - 3/16” (TEFLON),Turret Hardware,N-316,N/A,43,4,Catalog photo,Verified,/assets/images/parts/manesty/pge-man-0152-keyway-plug-3-16-teflon-oem-n-a.png
156,140,PGE-MAN-0156,Manesty,BB3B,UPPER CAM BODY EU & IPT B,Upper Cam Tracks,MB3-709,37093,43,8,Catalog photo,Verified,/assets/images/parts/manesty/pge-man-0156-upper-cam-body-eu-ipt-b-oem-37093.png
157,141,PGE-MAN-0157,Manesty,BB3B,ANTI-FLIGHT RAIL,Upper Cam Tracks,MB3-709/AR,N/A,43,9,Catalog photo,Verified,/assets/images/parts/manesty/pge-man-0157-anti-flight-rail-oem-n-a.png
158,142,PGE-MAN-0158,Manesty,BB3B,TAKE OUT PLATE,Upper Cam Tracks,MB3-715,37151,43,10,Catalog photo,Verified,/assets/images/parts/manesty/pge-man-0158-take-out-plate-oem-37151.png
159,143,PGE-MAN-0159,Manesty,BB3B,UPPER CAM LIFTING SIDE - EU & IPT B,Upper Cam Tracks,MB3-94,37094,43,11,Catalog photo,Verified,/assets/images/parts/manesty/pge-man-0159-upper-cam-lifting-side-eu-ipt-b-oem-37094.png
160,144,PGE-MAN-0160,Manesty,BB3B,UPPER CAM LOWERING SIDE ASSEMBLY - EU & IPT B,Upper Cam Tracks,MB3-95,37095,43,12,Catalog photo,Verified,/assets/images/parts/manesty/pge-man-0160-upper-cam-lowering-side-assembly-eu-ipt-b-oem-37095.png
162,145,PGE-MAN-0162,Manesty,BB3B,LOCKNUT FOR WEIGHT ADJUSTER,Weight Adjusting Components,M-153,35153,43,14,Catalog photo,Verified,/assets/images/parts/manesty/pge-man-0162-locknut-for-weight-adjuster-oem-35153.png
163,146,PGE-MAN-0163,Manesty,BB3B,WEIGHT ADJUSTING RAMP WEDGE PIECE,Weight Adjusting Components,M-27,37027,43,15,Catalog photo,Verified,/assets/images/parts/manesty/pge-man-0163-weight-adjusting-ramp-wedge-piece-oem-37027.png
164,147,PGE-MAN-0164,Manesty,BB3B,EYEBOLT,Weight Adjusting Components,M-585,36585,44,1,Catalog photo,Verified,/assets/images/parts/manesty/pge-man-0164-eyebolt-oem-36585.png
165,148,PGE-MAN-0165,Manesty,BB3B,PIN FOR WEDGE PIECE,Weight Adjusting Components,M-82,91882,44,2,Catalog photo,Verified,/assets/images/parts/manesty/pge-man-0165-pin-for-wedge-piece-oem-91882.png
166,149,PGE-MAN-0166,Manesty,BB3B,SPRING FOR WEDGE SCREW,Weight Adjusting Components,MB3-01,37019,44,3,Catalog photo,Verified,/assets/images/parts/manesty/pge-man-0166-spring-for-wedge-screw-oem-37019.png
167,150,PGE-MAN-0167,Manesty,BB3B,WEDGE,Weight Adjusting Components,MB3-017,37017,44,4,Catalog photo,Verified,/assets/images/parts/manesty/pge-man-0167-wedge-oem-37017.png
168,151,PGE-MAN-0168,Manesty,BB3B,WEDGE SCREW FOR CAM WITH SPRING,Weight Adjusting Components,MB3-018,37018,44,5,Catalog photo,Verified,/assets/images/parts/manesty/pge-man-0168-wedge-screw-for-cam-with-spring-oem-37018.png
169,152,PGE-MAN-0169,Manesty,BB3B,WEIGHT ADJUSTING CAM,Weight Adjusting Components,MB3-020,37020,44,6,Catalog photo,Verified,/assets/images/parts/manesty/pge-man-0169-weight-adjusting-cam-oem-37020.png
170,153,PGE-MAN-0170,Manesty,BB3B,WEIGHT ADJUSTING SCREW,Weight Adjusting Components,MB3-028,37028,44,7,Catalog photo,Verified,/assets/images/parts/manesty/pge-man-0170-weight-adjusting-screw-oem-37028.png
171,154,PGE-MAN-0171,Manesty,BB4,TIMING BELT,Drive Components,M9-066,68066,45,1,Catalog photo,Verified,/assets/images/parts/manesty/pge-man-0171-timing-belt-oem-68066.png
172,155,PGE-MAN-0172,Manesty,BB4,WORMSHAFT,Drive Components,M9-068,68068,45,2,Catalog photo,Verified,/assets/images/parts/manesty/pge-man-0172-wormshaft-oem-68068.png
173,156,PGE-MAN-0173,Manesty,BB4,ROLLER BEARING FOR REAR DRIVE,Drive Components,M9-070,68070,45,3,Catalog photo,Verified,/assets/images/parts/manesty/pge-man-0173-roller-bearing-for-rear-drive-oem-68070.png
174,157,PGE-MAN-0174,Manesty,BB4,ANGULAR CONTACT BEARING,Drive Components,M9-072,68072,45,4,Catalog photo,Verified,/assets/images/parts/manesty/pge-man-0174-angular-contact-bearing-oem-68072.png
175,158,PGE-MAN-0175,Manesty,BB4,FLANGED SPACER,Drive Components,M9-074,68074,45,5,Catalog photo,Verified,/assets/images/parts/manesty/pge-man-0175-flanged-spacer-oem-68074.png
176,159,PGE-MAN-0176,Manesty,BB4,MAIN BELT 60HZ,Drive Components,M9-199,68199,45,6,Catalog photo,Verified,/assets/images/parts/manesty/pge-man-0176-main-belt-60hz-oem-68199.png
177,160,PGE-MAN-0177,Manesty,BB4,GEAR BOX CASING,Drive Components,M9-268,6372680,45,7,Catalog photo,Verified,/assets/images/parts/manesty/pge-man-0177-gear-box-casing-oem-6372680.png
178,161,PGE-MAN-0178,Manesty,BB4,GEARBOX END PLATE,Drive Components,M9-268/1,6372680-1,45,8,Catalog photo,Verified,/assets/images/parts/manesty/pge-man-0178-gearbox-end-plate-oem-6372680-1.png
179,162,PGE-MAN-0179,Manesty,BB4,GEARBOX END CAP - FRONT,Drive Components,M9-269,6372690,45,9,Catalog photo,Verified,/assets/images/parts/manesty/pge-man-0179-gearbox-end-cap-front-oem-6372690.png
180,163,PGE-MAN-0180,Manesty,BB4,MOTOR ADJ PLATE,Drive Components,M9-290-1,N/A,45,10,Catalog photo,Verified,/assets/images/parts/manesty/pge-man-0180-motor-adj-plate-oem-n-a.png
181,164,PGE-MAN-0181,Manesty,BB4,MOTOR GEAR,Drive Components,M9-294,68294,45,11,Catalog photo,Verified,/assets/images/parts/manesty/pge-man-0181-motor-gear-oem-68294.png
182,165,PGE-MAN-0182,Manesty,BB4,WORM SHAFT GEAR,Drive Components,M9-295,6682950,45,12,Catalog photo,Verified,/assets/images/parts/manesty/pge-man-0182-worm-shaft-gear-oem-6682950.png
183,166,PGE-MAN-0183,Manesty,BB4,5/8 BEARING FOR WORMSHAFT,Drive Components,M9-491,N/A,45,13,Catalog photo,Verified,/assets/images/parts/manesty/pge-man-0183-5-8-bearing-for-wormshaft-oem-n-a.png
184,167,PGE-MAN-0184,Manesty,BB4,WORM SHAFT,Drive Components,M9-603,N/A,45,14,Catalog photo,Verified,/assets/images/parts/manesty/pge-man-0184-worm-shaft-oem-n-a.png
185,168,PGE-MAN-0185,Manesty,BB4,WORM GEAR,Drive Components,M9-604,N/A,45,15,Catalog photo,Verified,/assets/images/parts/manesty/pge-man-0185-worm-gear-oem-n-a.png
186,169,PGE-MAN-0186,Manesty,BB4,WHEEL SHAFT,Drive Components,M9-729,N/A,46,1,Catalog photo,Verified,/assets/images/parts/manesty/pge-man-0186-wheel-shaft-oem-n-a.png
187,170,PGE-MAN-0187,Manesty,BB4,SEALING RING - REAR DRIVE,Drive Components,M9-87,N/A,46,2,Catalog photo,Verified,/assets/images/parts/manesty/pge-man-0187-sealing-ring-rear-drive-oem-n-a.png
188,171,PGE-MAN-0188,Manesty,BB4,KEYWAY PLUG - 3/16” (TEFLON),Drive Components,N-316,N/A,46,3,Catalog photo,Verified,/assets/images/parts/manesty/pge-man-0188-keyway-plug-3-16-teflon-oem-n-a.png
189,172,PGE-MAN-0189,Manesty,BB4,BRONZE WORM,Drive Components,WG-6,"36013, AC-12, B-200-560-1",46,4,Catalog photo,Verified,/assets/images/parts/manesty/pge-man-0189-bronze-worm-oem-36013-ac-12-b-200-560-1.png
190,173,PGE-MAN-0190,Manesty,BB4,ONE SHOT OIL PUMP (P-28),Hydraulic & Lubrication Components,M-55,93955,46,5,Catalog photo,Verified,/assets/images/parts/manesty/pge-man-0190-one-shot-oil-pump-p-28-oem-93955.png
191,174,PGE-MAN-0191,Manesty,BB4,1/4 BREATHER PLUG,Hydraulic & Lubrication Components,M9-26,N/A,46,6,Catalog photo,Verified,/assets/images/parts/manesty/pge-man-0191-1-4-breather-plug-oem-n-a.png
192,175,PGE-MAN-0192,Manesty,BB4,1/4 BSP PLUG,Hydraulic & Lubrication Components,M9-826,N/A,46,7,Catalog photo,Verified,/assets/images/parts/manesty/pge-man-0192-1-4-bsp-plug-oem-n-a.png
193,176,PGE-MAN-0193,Manesty,BB4,1/4 BSP COPPER WASHER,Hydraulic & Lubrication Components,M9-963,N/A,46,8,Catalog photo,Verified,/assets/images/parts/manesty/pge-man-0193-1-4-bsp-copper-washer-oem-n-a.png
194,177,PGE-MAN-0194,Manesty,BB4,FILL CAM - 3/8” FILL - IPT B,Lower Cam Tracks,M9-176,68176,46,9,Catalog photo,Verified,/assets/images/parts/manesty/pge-man-0194-fill-cam-3-8-fill-ipt-b-oem-68176.png
195,178,PGE-MAN-0195,Manesty,BB4,FLIGHT CONTROL CAM - IPT B,Lower Cam Tracks,M9-182,68182,46,10,Catalog photo,Verified,/assets/images/parts/manesty/pge-man-0195-flight-control-cam-ipt-b-oem-68182.png
196,179,PGE-MAN-0196,Manesty,BB4,3/8 FILL CAM US STANDARD,Lower Cam Tracks,M9-966,6689660,46,11,Catalog photo,Verified,/assets/images/parts/manesty/pge-man-0196-3-8-fill-cam-us-standard-oem-6689660.png
197,180,PGE-MAN-0197,Manesty,BB4,3/8 FILL CAM US STANDARD - BRONZE,Lower Cam Tracks,M9-966/B,6689660,46,12,Catalog photo,Verified,/assets/images/parts/manesty/pge-man-0197-3-8-fill-cam-us-standard-bronze-oem-6689660.png
198,181,PGE-MAN-0198,Manesty,BB4,SOCKET HEAD CAP SCREW,Pressure Rolls & Components,M-019,4700199,46,13,Catalog photo,Verified,/assets/images/parts/manesty/pge-man-0198-socket-head-cap-screw-oem-4700199.png
199,182,PGE-MAN-0199,Manesty,BB4,LOWER ROLL PIN,Pressure Rolls & Components,M-9,35009,46,14,Catalog photo,Verified,/assets/images/parts/manesty/pge-man-0199-lower-roll-pin-oem-35009.png
200,183,PGE-MAN-0200,Manesty,BB4,PUNCH ENTRY QUADRANT,Pressure Rolls & Components,M9-014,68014,46,15,Catalog photo,Verified,/assets/images/parts/manesty/pge-man-0200-punch-entry-quadrant-oem-68014.png
201,184,PGE-MAN-0201,Manesty,BB4,UPPER ECCENTRIC ROLL PIN - LUBRICATED,Pressure Rolls & Components,M9-103,68103,47,1,Catalog photo,Verified,/assets/images/parts/manesty/pge-man-0201-upper-eccentric-roll-pin-lubricated-oem-68103.png
202,185,PGE-MAN-0202,Manesty,BB4,UPPER ECCENTRIC ROLL PIN - NON LUBRICATED,Pressure Rolls & Components,M9-103/1,NA,47,2,Catalog photo,Verified,/assets/images/parts/manesty/pge-man-0202-upper-eccentric-roll-pin-non-lubricated-oem-na.png
203,186,PGE-MAN-0203,Manesty,BB4,O RING - UPPER ROLL PIN,Pressure Rolls & Components,M9-105,38105,47,3,Catalog photo,Verified,/assets/images/parts/manesty/pge-man-0203-o-ring-upper-roll-pin-oem-38105.png
204,187,PGE-MAN-0204,Manesty,BB4,O RING - UPPER ROLL PIN,Pressure Rolls & Components,M9-184,68184,47,4,Catalog photo,Verified,/assets/images/parts/manesty/pge-man-0204-o-ring-upper-roll-pin-oem-68184.png
205,188,PGE-MAN-0205,Manesty,BB4,PRESSURE ROLL,Pressure Rolls & Components,M9-7,35007-1,47,5,Catalog photo,Verified,/assets/images/parts/manesty/pge-man-0205-pressure-roll-oem-35007-1.png
206,189,PGE-MAN-0206,Manesty,BB4,ADJUSTING WHEEL EYEBOLT,Pressure Rolls & Components,M9-004,N/A,47,6,Catalog photo,Verified,/assets/images/parts/manesty/pge-man-0206-adjusting-wheel-eyebolt-oem-n-a.png
207,190,PGE-MAN-0207,Manesty,BB4,LOCKSCREW ON INLET CLAMP,Product Control,M-460,44460,47,7,Catalog photo,Verified,/assets/images/parts/manesty/pge-man-0207-lockscrew-on-inlet-clamp-oem-44460.png
208,191,PGE-MAN-0208,Manesty,BB4,BRACKET ON INLET BOWL,Product Control,M-619,39619,47,8,Catalog photo,Verified,/assets/images/parts/manesty/pge-man-0208-bracket-on-inlet-bowl-oem-39619.png
209,192,PGE-MAN-0209,Manesty,BB4,INLET CONNECTOR HINGE PLATE,Product Control,M-637,39637,47,9,Catalog photo,Verified,/assets/images/parts/manesty/pge-man-0209-inlet-connector-hinge-plate-oem-39637.png
210,193,PGE-MAN-0210,Manesty,BB4,INLET CONNECTOR GASKET,Product Control,M-638,39638,47,10,Catalog photo,Verified,/assets/images/parts/manesty/pge-man-0210-inlet-connector-gasket-oem-39638.png
211,194,PGE-MAN-0211,Manesty,BB4,LOCK NUT ON HINGE PLATE,Product Control,M-640,39640,47,11,Catalog photo,Verified,/assets/images/parts/manesty/pge-man-0211-lock-nut-on-hinge-plate-oem-39640.png
212,195,PGE-MAN-0212,Manesty,BB4,HOPPER CONNECTOR,Product Control,M-642,39642,47,12,Catalog photo,Verified,/assets/images/parts/manesty/pge-man-0212-hopper-connector-oem-39642.png
213,196,PGE-MAN-0213,Manesty,BB4,FEED FRAME - OPEN ASSEMBLY,Product Control,M9-09/A,N/A,47,13,Catalog photo,Verified,/assets/images/parts/manesty/pge-man-0213-feed-frame-open-assembly-oem-n-a.png
214,197,PGE-MAN-0214,Manesty,BB4,HAND NUT,Product Control,M9-093,N/A,47,14,Catalog photo,Verified,/assets/images/parts/manesty/pge-man-0214-hand-nut-oem-n-a.png
215,198,PGE-MAN-0215,Manesty,BB4,TAKE-OFF PLATE - OPEN,Product Control,M9-116,68116,47,15,Catalog photo,Verified,/assets/images/parts/manesty/pge-man-0215-take-off-plate-open-oem-68116.png
216,199,PGE-MAN-0216,Manesty,BB4,SCRAPER BLADE,Product Control,M9-117,68117,48,1,Catalog photo,Verified,/assets/images/parts/manesty/pge-man-0216-scraper-blade-oem-68117.png
217,200,PGE-MAN-0217,Manesty,BB4,RECIRCULATING CHANNEL,Product Control,M9-118,68118,48,2,Catalog photo,Verified,/assets/images/parts/manesty/pge-man-0217-recirculating-channel-oem-68118.png
218,201,PGE-MAN-0218,Manesty,BB4,TUFNOL INSERT - GRAVITY FEED FRAME,Product Control,M9-124,68124,48,3,Catalog photo,Verified,/assets/images/parts/manesty/pge-man-0218-tufnol-insert-gravity-feed-frame-oem-68124.png
219,202,PGE-MAN-0219,Manesty,BB4,FEEDER SUPPORT PLATE - ROTARY FEEDER,Product Control,M9-225,68225,48,4,Catalog photo,Verified,/assets/images/parts/manesty/pge-man-0219-feeder-support-plate-rotary-feeder-oem-68225.png
220,203,PGE-MAN-0220,Manesty,BB4,INSERT - ROTARY FEEDER,Product Control,M9-227,68227,48,5,Catalog photo,Verified,/assets/images/parts/manesty/pge-man-0220-insert-rotary-feeder-oem-68227.png
221,204,PGE-MAN-0221,Manesty,BB4,GEARBOX END CAP - REAR,Product Control,M9-270,N/A,48,6,Catalog photo,Verified,/assets/images/parts/manesty/pge-man-0221-gearbox-end-cap-rear-oem-n-a.png
222,205,PGE-MAN-0222,Manesty,BB4,CLAMPING SCREW,Product Control,M9-291,N/A,48,7,Catalog photo,Verified,/assets/images/parts/manesty/pge-man-0222-clamping-screw-oem-n-a.png
223,206,PGE-MAN-0223,Manesty,BB4,DETENT PLUNGER,Product Control,M9-296,68296,48,8,Catalog photo,Verified,/assets/images/parts/manesty/pge-man-0223-detent-plunger-oem-68296.png
224,207,PGE-MAN-0224,Manesty,BB4,PIVOT PIN - STUD,Product Control,M9-298,68298,48,9,Catalog photo,Verified,/assets/images/parts/manesty/pge-man-0224-pivot-pin-stud-oem-68298.png
225,208,PGE-MAN-0225,Manesty,BB4,ROTARY FEEDER ASSEMBLY,Product Control,M9-331,68331,48,10,Catalog photo,Verified,/assets/images/parts/manesty/pge-man-0225-rotary-feeder-assembly-oem-68331.png
226,209,PGE-MAN-0226,Manesty,BB4,1/4 BSW X 1/2 HED HD SCREWS,Product Control,M9-380,N/A,48,11,Catalog photo,Verified,/assets/images/parts/manesty/pge-man-0226-1-4-bsw-x-1-2-hed-hd-screws-oem-n-a.png
227,210,PGE-MAN-0227,Manesty,BB4,TOOTH IDLER GEAR 42T,Product Control,M9-40,N/A,48,12,Catalog photo,Verified,/assets/images/parts/manesty/pge-man-0227-tooth-idler-gear-42t-oem-n-a.png
228,211,PGE-MAN-0228,Manesty,BB4,HOPPER LINK STUD,Product Control,M9-66,68166,48,13,Catalog photo,Verified,/assets/images/parts/manesty/pge-man-0228-hopper-link-stud-oem-68166.png
229,212,PGE-MAN-0229,Manesty,BB4,FEED FRAME - FORCED FEEDER,Product Control,M9-720,37720,48,14,Catalog photo,Verified,/assets/images/parts/manesty/pge-man-0229-feed-frame-forced-feeder-oem-37720.png
230,213,PGE-MAN-0230,Manesty,BB4,GEAR BASE PLATFORM,Product Control,M9-724,N/A,48,15,Catalog photo,Verified,/assets/images/parts/manesty/pge-man-0230-gear-base-platform-oem-n-a.png
231,214,PGE-MAN-0231,Manesty,BB4,RIGHT HAND FEEDER PADDLE,Product Control,M9-728,N/A,49,1,Catalog photo,Verified,/assets/images/parts/manesty/pge-man-0231-right-hand-feeder-paddle-oem-n-a.png
232,215,PGE-MAN-0232,Manesty,BB4,COVER - ALUMINUM,Product Control,M9-746/1,37746,49,2,Catalog photo,Verified,/assets/images/parts/manesty/pge-man-0232-cover-aluminum-oem-37746.png
233,216,PGE-MAN-0233,Manesty,BB4,WINDOW L.H.,Product Control,M9-746-1-1,N/A,49,3,Catalog photo,Verified,/assets/images/parts/manesty/pge-man-0233-window-l-h-oem-n-a.png
234,217,PGE-MAN-0234,Manesty,BB4,WINDOW R.H.,Product Control,M9-746-1-2,N/A,49,4,Catalog photo,Verified,/assets/images/parts/manesty/pge-man-0234-window-r-h-oem-n-a.png
235,218,PGE-MAN-0235,Manesty,BB4,FEEDER BOWL,Product Control,M9-746FB,39619,49,5,Catalog photo,Verified,/assets/images/parts/manesty/pge-man-0235-feeder-bowl-oem-39619.png
236,219,PGE-MAN-0236,Manesty,BB4,COVER FOR MOTOR GEAR,Product Control,M9-747,37747,49,6,Catalog photo,Verified,/assets/images/parts/manesty/pge-man-0236-cover-for-motor-gear-oem-37747.png
237,220,PGE-MAN-0237,Manesty,BB4,STUD IN GUARD,Product Control,M9-757,74757,49,7,Catalog photo,Verified,/assets/images/parts/manesty/pge-man-0237-stud-in-guard-oem-74757.png
238,221,PGE-MAN-0238,Manesty,BB4,OIL SEAL,Product Control,M9-789,N/A,49,8,Catalog photo,Verified,/assets/images/parts/manesty/pge-man-0238-oil-seal-oem-n-a.png
239,222,PGE-MAN-0239,Manesty,BB4,TAKE OFF PLATE - FORCED FEEDER,Product Control,M9-802,37802,49,9,Catalog photo,Verified,/assets/images/parts/manesty/pge-man-0239-take-off-plate-forced-feeder-oem-37802.png
240,223,PGE-MAN-0240,Manesty,BB4,REAR SCRAPER PLATE - FORCED FEEDER,Product Control,M9-803,37803,49,10,Catalog photo,Verified,/assets/images/parts/manesty/pge-man-0240-rear-scraper-plate-forced-feeder-oem-37803.png
241,224,PGE-MAN-0241,Manesty,BB4,FRONT SCRAPER PLATE - FORCED FEEDER,Product Control,M9-803/F,37804,49,11,Catalog photo,Verified,/assets/images/parts/manesty/pge-man-0241-front-scraper-plate-forced-feeder-oem-37804.png
242,225,PGE-MAN-0242,Manesty,BB4,REAR SCRAPER BRACKET,Product Control,M9-808,37808,49,12,Catalog photo,Verified,/assets/images/parts/manesty/pge-man-0242-rear-scraper-bracket-oem-37808.png
243,226,PGE-MAN-0243,Manesty,BB4,OIL SEAL,Product Control,M9-819,92819,49,13,Catalog photo,Verified,/assets/images/parts/manesty/pge-man-0243-oil-seal-oem-92819.png
244,227,PGE-MAN-0244,Manesty,BB4,INLET CONNECTOR,Product Control,M9-821,37821,49,14,Catalog photo,Verified,/assets/images/parts/manesty/pge-man-0244-inlet-connector-oem-37821.png
245,228,PGE-MAN-0245,Manesty,BB4,FRONT SCRAPER BRACKET,Product Control,M9-808/F,37805,49,15,Catalog photo,Verified,/assets/images/parts/manesty/pge-man-0245-front-scraper-bracket-oem-37805.png
246,229,PGE-MAN-0246,Manesty,BB4,HOPPER,Product Control,M-103,35103,50,1,Catalog photo,Verified,/assets/images/parts/manesty/pge-man-0246-hopper-oem-35103.png
247,230,PGE-MAN-0247,Manesty,BB4,DIE LOCK SCREW,Turret Hardware,DL-62/2,"45423, 11203011",50,2,Catalog photo,Verified,/assets/images/parts/manesty/pge-man-0247-die-lock-screw-oem-45423-11203011.png
248,231,PGE-MAN-0248,Manesty,BB4,DIE LOCK SCREW,Turret Hardware,DL-75/1,"45424, 11203012",50,3,Catalog photo,Verified,/assets/images/parts/manesty/pge-man-0248-die-lock-screw-oem-45424-11203012.png
249,232,PGE-MAN-0249,Manesty,BB4,LOWER PUNCH RETAINER,Turret Hardware,M-519,38519,50,4,Catalog photo,Verified,/assets/images/parts/manesty/pge-man-0249-lower-punch-retainer-oem-38519.png
250,233,PGE-MAN-0250,Manesty,BB4,LOWER PUNCH RETAINER SCREW - 4BA THREAD 3/8”,Turret Hardware,M-69,39690,50,5,Catalog photo,Verified,/assets/images/parts/manesty/pge-man-0250-lower-punch-retainer-screw-4ba-thread-3-8-oem-39690.png
251,234,PGE-MAN-0251,Manesty,BB4,HEX HEAD SCREW - 4BA THREAD 1/2”,Turret Hardware,M-699,90569,50,6,Catalog photo,Verified,/assets/images/parts/manesty/pge-man-0251-hex-head-screw-4ba-thread-1-2-oem-90569.png
252,235,PGE-MAN-0252,Manesty,BB4,LOWER PUNCH SCRAPER SEAL - ‘B’,Turret Hardware,N-750,44143,50,7,Catalog photo,Verified,/assets/images/parts/manesty/pge-man-0252-lower-punch-scraper-seal-b-oem-44143.png
253,236,PGE-MAN-0253,Manesty,BB4,SEAL INSTALLATION TOOL - ’B’,Turret Hardware,N-750/1,N/A,50,8,Catalog photo,Verified,/assets/images/parts/manesty/pge-man-0253-seal-installation-tool-b-oem-n-a.png
255,237,PGE-MAN-0255,Manesty,BB4,LOWER PUNCH RETAINER SPRING,Turret Hardware,SP-249,39249,50,10,Catalog photo,Verified,/assets/images/parts/manesty/pge-man-0255-lower-punch-retainer-spring-oem-39249.png
260,238,PGE-MAN-0260,Manesty,BB4,UPPER LOWERING CAM - EU B,Upper Cam Tracks,M9-085,68085,50,15,Catalog photo,Verified,/assets/images/parts/manesty/pge-man-0260-upper-lowering-cam-eu-b-oem-68085.png
261,239,PGE-MAN-0261,Manesty,BB4,UPPER LOWERING CAM - IPT B,Upper Cam Tracks,M9-086,68086,51,1,Catalog photo,Verified,/assets/images/parts/manesty/pge-man-0261-upper-lowering-cam-ipt-b-oem-68086.png
262,240,PGE-MAN-0262,Manesty,BB4,HIGH LEVEL CAM INSERT - EU B,Upper Cam Tracks,M9-089,68089,51,2,Catalog photo,Verified,/assets/images/parts/manesty/pge-man-0262-high-level-cam-insert-eu-b-oem-68089.png
263,241,PGE-MAN-0263,Manesty,BB4,HIGH LEVEL CAM INSERT - IPT B,Upper Cam Tracks,M9-090,68090,51,3,Catalog photo,Verified,/assets/images/parts/manesty/pge-man-0263-high-level-cam-insert-ipt-b-oem-68090.png
264,242,PGE-MAN-0264,Manesty,BB4,FLIGHT CONTROL CAM - EU B,Upper Cam Tracks,M9-181,68181,51,4,Catalog photo,Verified,/assets/images/parts/manesty/pge-man-0264-flight-control-cam-eu-b-oem-68181.png
265,243,PGE-MAN-0265,Manesty,BB4,UPPER LIFTING CAM - IPT B,Upper Cam Tracks,M9-266,68266,51,5,Catalog photo,Verified,/assets/images/parts/manesty/pge-man-0265-upper-lifting-cam-ipt-b-oem-68266.png
266,244,PGE-MAN-0266,Manesty,BB4,UPPER LIFTING CAM - EU B,Upper Cam Tracks,M9-312,68312,51,6,Catalog photo,Verified,/assets/images/parts/manesty/pge-man-0266-upper-lifting-cam-eu-b-oem-68312.png
267,245,PGE-MAN-0267,Manesty,BB4,PUNCH LOADING PLUG,Weight Adjusting Components,M-10,35010,51,7,Catalog photo,Verified,/assets/images/parts/manesty/pge-man-0267-punch-loading-plug-oem-35010.png
268,246,PGE-MAN-0268,Manesty,BB4,LOCKNUT FOR WEIGHT ADJUSTER,Weight Adjusting Components,M-153,35153,51,8,Catalog photo,Verified,/assets/images/parts/manesty/pge-man-0268-locknut-for-weight-adjuster-oem-35153.png
269,247,PGE-MAN-0269,Manesty,BB4,EYEBOLT,Weight Adjusting Components,M-585,36585,51,9,Catalog photo,Verified,/assets/images/parts/manesty/pge-man-0269-eyebolt-oem-36585.png
270,248,PGE-MAN-0270,Manesty,BB4,WEIGHT ADJUSTING HEAD,Weight Adjusting Components,M9-114,68114,51,10,Catalog photo,Verified,/assets/images/parts/manesty/pge-man-0270-weight-adjusting-head-oem-68114.png
271,249,PGE-MAN-0271,Manesty,BB4,WEIGHT ADJUSTING RAMP,Weight Adjusting Components,M9-13,68113,51,11,Catalog photo,Verified,/assets/images/parts/manesty/pge-man-0271-weight-adjusting-ramp-oem-68113.png
272,250,PGE-MAN-0272,Manesty,BETAPRESS,OIL SEAL FOR ROTATING DRIVE SHAFT,Drive Components,M4-001,92001,52,1,Catalog photo,Verified,/assets/images/parts/manesty/pge-man-0272-oil-seal-for-rotating-drive-shaft-oem-92001.png
273,251,PGE-MAN-0273,Manesty,BETAPRESS,MDJT55 BEARING - GEAR BOX,Drive Components,M4-309,44309,52,2,Catalog photo,Verified,/assets/images/parts/manesty/pge-man-0273-mdjt55-bearing-gear-box-oem-44309.png
278,252,PGE-MAN-0278,Manesty,BETAPRESS,HANDWHEEL,Drive Components,M-343,44343,52,7,Catalog photo,Verified,/assets/images/parts/manesty/pge-man-0278-handwheel-oem-44343.png
279,253,PGE-MAN-0279,Manesty,BETAPRESS,STUD FOR GUARD AND OIL TRAY,Guarding,M-22,39122,52,8,Catalog photo,Verified,/assets/images/parts/manesty/pge-man-0279-stud-for-guard-and-oil-tray-oem-39122.png
280,254,PGE-MAN-0280,Manesty,BETAPRESS,TOP COVER (PLASTIC GUARDS),Guarding,M4-01,N/A,52,9,Catalog photo,Verified,/assets/images/parts/manesty/pge-man-0280-top-cover-plastic-guards-oem-n-a.png
281,255,PGE-MAN-0281,Manesty,BETAPRESS,UPPER TURRET GUARDS -3 PCS,Guarding,M4-02,N/A,52,10,Catalog photo,Verified,/assets/images/parts/manesty/pge-man-0281-upper-turret-guards-3-pcs-oem-n-a.png
282,256,PGE-MAN-0282,Manesty,BETAPRESS,RIGHT HAND LOWER CAM TRACK GUARD,Guarding,M4-020,44020,52,11,Catalog photo,Verified,/assets/images/parts/manesty/pge-man-0282-right-hand-lower-cam-track-guard-oem-44020.png
283,257,PGE-MAN-0283,Manesty,BETAPRESS,LEFT HAND LOWER CAM TRACK GUARD,Guarding,M4-021,44021,52,12,Catalog photo,Verified,/assets/images/parts/manesty/pge-man-0283-left-hand-lower-cam-track-guard-oem-44021.png
284,258,PGE-MAN-0284,Manesty,BETAPRESS,FRONT & REAR LOWER CAM TRACK GUARD,Guarding,M4-022,44022,52,13,Catalog photo,Verified,/assets/images/parts/manesty/pge-man-0284-front-rear-lower-cam-track-guard-oem-44022.png
285,259,PGE-MAN-0285,Manesty,BETAPRESS,GUARD OVER GEARS - SYNCHRONOUS FEEDER,Guarding,M4-836/1,44836,52,14,Catalog photo,Verified,/assets/images/parts/manesty/pge-man-0285-guard-over-gears-synchronous-feeder-oem-44836.png
286,260,PGE-MAN-0286,Manesty,BETAPRESS,GUARD OVER GEARS - HIGH SPEED FEEDER,Guarding,M4-836/2,44836,52,15,Catalog photo,Verified,/assets/images/parts/manesty/pge-man-0286-guard-over-gears-high-speed-feeder-oem-44836.png
288,261,PGE-MAN-0288,Manesty,BETAPRESS,ROTARY JOINT,Hydraulic & Lubrication Components,M-042,45042,53,2,Catalog photo,Verified,/assets/images/parts/manesty/pge-man-0288-rotary-joint-oem-45042.png
289,262,PGE-MAN-0289,Manesty,BETAPRESS,ENERPAC - OVERLOAD CYLINDER,Hydraulic & Lubrication Components,M-237,44237,53,3,Catalog photo,Verified,/assets/images/parts/manesty/pge-man-0289-enerpac-overload-cylinder-oem-44237.png
290,263,PGE-MAN-0290,Manesty,BETAPRESS,P12 HAND PUMP,Hydraulic & Lubrication Components,M-345,48345,53,4,Catalog photo,Verified,/assets/images/parts/manesty/pge-man-0290-p12-hand-pump-oem-48345.png
291,264,PGE-MAN-0291,Manesty,BETAPRESS,ROTARY JOINT COUPLING,Hydraulic & Lubrication Components,M-53,48153,53,5,Catalog photo,Verified,/assets/images/parts/manesty/pge-man-0291-rotary-joint-coupling-oem-48153.png
292,265,PGE-MAN-0292,Manesty,BETAPRESS,ONE SHOT OIL PUMP (P-28),Hydraulic & Lubrication Components,M-55,N/A,53,6,Catalog photo,Verified,/assets/images/parts/manesty/pge-man-0292-one-shot-oil-pump-p-28-oem-n-a.png
293,266,PGE-MAN-0293,Manesty,BETAPRESS,REPAIR KIT FOR OVERLOAD ENERPAC CYLINDER RCH121K1,Hydraulic & Lubrication Components,M-68,44568,53,7,Catalog photo,Verified,/assets/images/parts/manesty/pge-man-0293-repair-kit-for-overload-enerpac-cylinder-rch121k1-oem-44568.png
294,267,PGE-MAN-0294,Manesty,BETAPRESS,REPAIR KIT - OVERLOAD ENERPAC CYLINDER,Hydraulic & Lubrication Components,M-68/A,N/A,53,8,Catalog photo,Verified,/assets/images/parts/manesty/pge-man-0294-repair-kit-overload-enerpac-cylinder-oem-n-a.png
295,268,PGE-MAN-0295,Manesty,BETAPRESS,REPAIR KIT FOR ENERPAC PUMP,Hydraulic & Lubrication Components,M-98,44698,53,9,Catalog photo,Verified,/assets/images/parts/manesty/pge-man-0295-repair-kit-for-enerpac-pump-oem-44698.png
297,269,PGE-MAN-0297,Manesty,BETAPRESS,PUNCH LOADING PLUG,Lower Cam Tracks,M-10,35010,53,11,Catalog photo,Verified,/assets/images/parts/manesty/pge-man-0297-punch-loading-plug-oem-35010.png
298,270,PGE-MAN-0298,Manesty,BETAPRESS,CONTROL CAM ON EJECTION CAM - IPT,Lower Cam Tracks,M4-647,44647,53,12,Catalog photo,Verified,/assets/images/parts/manesty/pge-man-0298-control-cam-on-ejection-cam-ipt-oem-44647.png
299,271,PGE-MAN-0299,Manesty,BETAPRESS,FILL CAM 11/16”/17.5MM - IPT B,Lower Cam Tracks,M4-648,44648,53,13,Catalog photo,Verified,/assets/images/parts/manesty/pge-man-0299-fill-cam-11-16-17-5mm-ipt-b-oem-44648.png
300,272,PGE-MAN-0300,Manesty,BETAPRESS,FILL CAM 13/32”/10MM - IPT B,Lower Cam Tracks,M4-648-10,N/A,53,14,Catalog photo,Verified,/assets/images/parts/manesty/pge-man-0300-fill-cam-13-32-10mm-ipt-b-oem-n-a.png
301,273,PGE-MAN-0301,Manesty,BETAPRESS,FILL CAM 15/32”/12MM - IPT B,Lower Cam Tracks,M4-648-12,N/A,53,15,Catalog photo,Verified,/assets/images/parts/manesty/pge-man-0301-fill-cam-15-32-12mm-ipt-b-oem-n-a.png
302,274,PGE-MAN-0302,Manesty,BETAPRESS,FILL CAM 11/16”/17.5MM - IPT B,Lower Cam Tracks,M4-648-175,44648,54,1,Catalog photo,Verified,/assets/images/parts/manesty/pge-man-0302-fill-cam-11-16-17-5mm-ipt-b-oem-44648.png
303,275,PGE-MAN-0303,Manesty,BETAPRESS,FILL CAM 11/16”/17.5MM - IPT B - LUBRICATED,Lower Cam Tracks,M4-648/L,N/A,54,2,Catalog photo,Verified,/assets/images/parts/manesty/pge-man-0303-fill-cam-11-16-17-5mm-ipt-b-lubricated-oem-n-a.png
304,276,PGE-MAN-0304,Manesty,BETAPRESS,FILL CAM 1.4”/6MM - IPT B,Lower Cam Tracks,M4-648-6,N/A,54,3,Catalog photo,Verified,/assets/images/parts/manesty/pge-man-0304-fill-cam-1-4-6mm-ipt-b-oem-n-a.png
305,277,PGE-MAN-0305,Manesty,BETAPRESS,FILL CAM 5/16”/8MM - IPT B,Lower Cam Tracks,M4-648-8,44648,54,4,Catalog photo,Verified,/assets/images/parts/manesty/pge-man-0305-fill-cam-5-16-8mm-ipt-b-oem-44648.png
306,278,PGE-MAN-0306,Manesty,BETAPRESS,FILL CAM 3/8”/9.52MM - IPT B,Lower Cam Tracks,M4-649,44649,54,5,Catalog photo,Verified,/assets/images/parts/manesty/pge-man-0306-fill-cam-3-8-9-52mm-ipt-b-oem-44649.png
307,279,PGE-MAN-0307,Manesty,BETAPRESS,EJECTION CAM,Lower Cam Tracks,M4-65,44650,54,6,Catalog photo,Verified,/assets/images/parts/manesty/pge-man-0307-ejection-cam-oem-44650.png
308,280,PGE-MAN-0308,Manesty,BETAPRESS,CONTROL CAM ON EJECTION CAM,Lower Cam Tracks,M4-651,44651,54,7,Catalog photo,Verified,/assets/images/parts/manesty/pge-man-0308-control-cam-on-ejection-cam-oem-44651.png
309,281,PGE-MAN-0309,Manesty,BETAPRESS,FILL CAM 11/16”/17.5MM - EU B,Lower Cam Tracks,M4-652,44652,54,8,Catalog photo,Verified,/assets/images/parts/manesty/pge-man-0309-fill-cam-11-16-17-5mm-eu-b-oem-44652.png
310,282,PGE-MAN-0310,Manesty,BETAPRESS,FILL CAM 3/8”/9.52MM - EU B,Lower Cam Tracks,M4-653,44653,54,9,Catalog photo,Verified,/assets/images/parts/manesty/pge-man-0310-fill-cam-3-8-9-52mm-eu-b-oem-44653.png
312,283,PGE-MAN-0312,Manesty,BETAPRESS,16 MM FILL CAM,Lower Cam Tracks,M4-648-BD-16,N/A,54,11,Catalog photo,Verified,/assets/images/parts/manesty/pge-man-0312-16-mm-fill-cam-oem-n-a.png
313,284,PGE-MAN-0313,Manesty,BETAPRESS,LOCKING PLATE,Pressure Rolls & Components,BLP-006-LP/1,N/A,54,12,Catalog photo,Verified,/assets/images/parts/manesty/pge-man-0313-locking-plate-oem-n-a.png
314,285,PGE-MAN-0314,Manesty,BETAPRESS,BUSH IN ROLL,Pressure Rolls & Components,M-20,40120,54,13,Catalog photo,Verified,/assets/images/parts/manesty/pge-man-0314-bush-in-roll-oem-40120.png
315,286,PGE-MAN-0315,Manesty,BETAPRESS,NYLON PAD,Pressure Rolls & Components,M4-108,44108,54,14,Catalog photo,Verified,/assets/images/parts/manesty/pge-man-0315-nylon-pad-oem-44108.png
316,287,PGE-MAN-0316,Manesty,BETAPRESS,UPPER TAMPING ROLL BRACKET (NON-LUBRICATED),Pressure Rolls & Components,M4-12,44012,54,15,Catalog photo,Verified,/assets/images/parts/manesty/pge-man-0316-upper-tamping-roll-bracket-non-lubricated-oem-44012.png
317,288,PGE-MAN-0317,Manesty,BETAPRESS,UPPER OR LOWER ROLL PIN,Pressure Rolls & Components,M4-15,44150,55,1,Catalog photo,Verified,/assets/images/parts/manesty/pge-man-0317-upper-or-lower-roll-pin-oem-44150.png
318,289,PGE-MAN-0318,Manesty,BETAPRESS,PRESSURE ROLL PIN STRAIN GAGED,Pressure Rolls & Components,M4-15/STG,N/A,55,2,Catalog photo,Verified,/assets/images/parts/manesty/pge-man-0318-pressure-roll-pin-strain-gaged-oem-n-a.png
319,290,PGE-MAN-0319,Manesty,BETAPRESS,INDICATOR FOR TAMPING ROLL,Pressure Rolls & Components,M4-155,44155,55,3,Catalog photo,Verified,/assets/images/parts/manesty/pge-man-0319-indicator-for-tamping-roll-oem-44155.png
320,291,PGE-MAN-0320,Manesty,BETAPRESS,TAMPING ROLLS,Pressure Rolls & Components,M4-17,44117,55,4,Catalog photo,Verified,/assets/images/parts/manesty/pge-man-0320-tamping-rolls-oem-44117.png
321,292,PGE-MAN-0321,Manesty,BETAPRESS,UPPER TAMPING ROLL PIN,Pressure Rolls & Components,M4-18,44118,55,5,Catalog photo,Verified,/assets/images/parts/manesty/pge-man-0321-upper-tamping-roll-pin-oem-44118.png
322,293,PGE-MAN-0322,Manesty,BETAPRESS,UPPER TAMPING ROLL PIN - LUBRICATED,Pressure Rolls & Components,M4-18/1,N/A,55,6,Catalog photo,Verified,/assets/images/parts/manesty/pge-man-0322-upper-tamping-roll-pin-lubricated-oem-n-a.png
323,294,PGE-MAN-0323,Manesty,BETAPRESS,UPPER ECCENTRIC ROLL PIN,Pressure Rolls & Components,M4-206,6442060,55,7,Catalog photo,Verified,/assets/images/parts/manesty/pge-man-0323-upper-eccentric-roll-pin-oem-6442060.png
324,295,PGE-MAN-0324,Manesty,BETAPRESS,BUSH FOR TAMPING ROLL - OILITE,Pressure Rolls & Components,M4-312/1,N/A,55,8,Catalog photo,Verified,/assets/images/parts/manesty/pge-man-0324-bush-for-tamping-roll-oilite-oem-n-a.png
325,296,PGE-MAN-0325,Manesty,BETAPRESS,BUSH FOR TAMPING ROLL,Pressure Rolls & Components,M4-312,44312,55,9,Catalog photo,Verified,/assets/images/parts/manesty/pge-man-0325-bush-for-tamping-roll-oem-44312.png
326,297,PGE-MAN-0326,Manesty,BETAPRESS,LOWER ROLL CARRIER - BUSHING,Pressure Rolls & Components,M4-315,44315,55,10,Catalog photo,Verified,/assets/images/parts/manesty/pge-man-0326-lower-roll-carrier-bushing-oem-44315.png
327,298,PGE-MAN-0327,Manesty,BETAPRESS,DISC SPRING FOR TAMPING ROLLS,Pressure Rolls & Components,M4-320,44320,55,11,Catalog photo,Verified,/assets/images/parts/manesty/pge-man-0327-disc-spring-for-tamping-rolls-oem-44320.png
328,299,PGE-MAN-0328,Manesty,BETAPRESS,LOWER TAMPING ROLL PIN,Pressure Rolls & Components,M4-34,44134,55,12,Catalog photo,Verified,/assets/images/parts/manesty/pge-man-0328-lower-tamping-roll-pin-oem-44134.png
329,300,PGE-MAN-0329,Manesty,BETAPRESS,ROLL CARRIER PIN - LOWER,Pressure Rolls & Components,M4-53,44153,55,13,Catalog photo,Verified,/assets/images/parts/manesty/pge-man-0329-roll-carrier-pin-lower-oem-44153.png
330,301,PGE-MAN-0330,Manesty,BETAPRESS,PRESSURE ROLLER,Pressure Rolls & Components,PR-13,40113,55,14,Catalog photo,Verified,/assets/images/parts/manesty/pge-man-0330-pressure-roller-oem-40113.png
331,302,PGE-MAN-0331,Manesty,BETAPRESS,SPOKED HANDWHEEL 8”,Product Control,M-167,44167,55,15,Catalog photo,Verified,/assets/images/parts/manesty/pge-man-0331-spoked-handwheel-8-oem-44167.png
332,303,PGE-MAN-0332,Manesty,BETAPRESS,ADJUSTMENT NUT,Product Control,M-295,42295,56,1,Catalog photo,Verified,/assets/images/parts/manesty/pge-man-0332-adjustment-nut-oem-42295.png
333,304,PGE-MAN-0333,Manesty,BETAPRESS,ADJUSTMENT SCREW,Product Control,M-296,42296,56,2,Catalog photo,Verified,/assets/images/parts/manesty/pge-man-0333-adjustment-screw-oem-42296.png
334,305,PGE-MAN-0334,Manesty,BETAPRESS,BRACKET FOR SUCTION NOZZLE,Product Control,M4-027,44027,56,3,Catalog photo,Verified,/assets/images/parts/manesty/pge-man-0334-bracket-for-suction-nozzle-oem-44027.png
335,306,PGE-MAN-0335,Manesty,BETAPRESS,RECIRCULATING CHANNEL (DELRIN),Product Control,M4-04/1,N/A,56,4,Catalog photo,Verified,/assets/images/parts/manesty/pge-man-0335-recirculating-channel-delrin-oem-n-a.png
336,307,PGE-MAN-0336,Manesty,BETAPRESS,FEEDER LEVELING SCREW,Product Control,M4-046,59046,56,5,Catalog photo,Verified,/assets/images/parts/manesty/pge-man-0336-feeder-leveling-screw-oem-59046.png
337,308,PGE-MAN-0337,Manesty,BETAPRESS,PILLAR FOR CLAMP,Product Control,M4-063,44063,56,6,Catalog photo,Verified,/assets/images/parts/manesty/pge-man-0337-pillar-for-clamp-oem-44063.png
338,309,PGE-MAN-0338,Manesty,BETAPRESS,STUD FOR INTER GEAR,Product Control,M4-089,44089,56,7,Catalog photo,Verified,/assets/images/parts/manesty/pge-man-0338-stud-for-inter-gear-oem-44089.png
339,310,PGE-MAN-0339,Manesty,BETAPRESS,TABLET THICKNESS POINTER,Product Control,M4-154,44154,56,8,Catalog photo,Verified,/assets/images/parts/manesty/pge-man-0339-tablet-thickness-pointer-oem-44154.png
340,311,PGE-MAN-0340,Manesty,BETAPRESS,THUMBSCREW LOCKNUT,Product Control,M4-270,44270,56,9,Catalog photo,Verified,/assets/images/parts/manesty/pge-man-0340-thumbscrew-locknut-oem-44270.png
341,312,PGE-MAN-0341,Manesty,BETAPRESS,PILLAR ON FEEDERS,Product Control,M4-403,44403,56,10,Catalog photo,Verified,/assets/images/parts/manesty/pge-man-0341-pillar-on-feeders-oem-44403.png
342,313,PGE-MAN-0342,Manesty,BETAPRESS,FEED FRAME LEVELING SCREW,Product Control,M-442,44442,56,11,Catalog photo,Verified,/assets/images/parts/manesty/pge-man-0342-feed-frame-leveling-screw-oem-44442.png
343,314,PGE-MAN-0343,Manesty,BETAPRESS,FEED FRAME LEVELING SCREW NUT,Product Control,M-443,44443,56,12,Catalog photo,Verified,/assets/images/parts/manesty/pge-man-0343-feed-frame-leveling-screw-nut-oem-44443.png
344,315,PGE-MAN-0344,Manesty,BETAPRESS,FEEDER GEAR - STEEL,Product Control,M4-436,44436,56,13,Catalog photo,Verified,/assets/images/parts/manesty/pge-man-0344-feeder-gear-steel-oem-44436.png
345,316,PGE-MAN-0345,Manesty,BETAPRESS,FEEDER GEAR - PHENOLIC,Product Control,M4-437,44437,56,14,Catalog photo,Verified,/assets/images/parts/manesty/pge-man-0345-feeder-gear-phenolic-oem-44437.png
346,317,PGE-MAN-0346,Manesty,BETAPRESS,SCRAPER BLADE - PHENOLIC,Product Control,M4-440,44440,56,15,Catalog photo,Verified,/assets/images/parts/manesty/pge-man-0346-scraper-blade-phenolic-oem-44440.png
347,318,PGE-MAN-0347,Manesty,BETAPRESS,SCRAPER BLADE - DELRIN,Product Control,M4-440-D,44440,57,1,Catalog photo,Verified,/assets/images/parts/manesty/pge-man-0347-scraper-blade-delrin-oem-44440.png
348,319,PGE-MAN-0348,Manesty,BETAPRESS,LOCKNUTS FOR FEEDER,Product Control,M4-443,44443,57,2,Catalog photo,Verified,/assets/images/parts/manesty/pge-man-0348-locknuts-for-feeder-oem-44443.png
349,320,PGE-MAN-0349,Manesty,BETAPRESS,FEEDER HINGE PIN,Product Control,M4-444,44444,57,3,Catalog photo,Verified,/assets/images/parts/manesty/pge-man-0349-feeder-hinge-pin-oem-44444.png
350,321,PGE-MAN-0350,Manesty,BETAPRESS,TUFNOL PLATE ON SUPPORT PLATE,Product Control,M4-446,44446,57,4,Catalog photo,Verified,/assets/images/parts/manesty/pge-man-0350-tufnol-plate-on-support-plate-oem-44446.png
351,322,PGE-MAN-0351,Manesty,BETAPRESS,BAFFLE UNDER PERSPEX COVER,Product Control,M4-467,44467,57,5,Catalog photo,Verified,/assets/images/parts/manesty/pge-man-0351-baffle-under-perspex-cover-oem-44467.png
352,323,PGE-MAN-0352,Manesty,BETAPRESS,SCRAPER SUPPORT BRACKET,Product Control,M4-468,44468,57,6,Catalog photo,Verified,/assets/images/parts/manesty/pge-man-0352-scraper-support-bracket-oem-44468.png
353,324,PGE-MAN-0353,Manesty,BETAPRESS,SCRAPER SUPPORT BRACKET ASSEMBLY,Product Control,M4-468/A,44468,57,7,Catalog photo,Verified,/assets/images/parts/manesty/pge-man-0353-scraper-support-bracket-assembly-oem-44468.png
354,325,PGE-MAN-0354,Manesty,BETAPRESS,COVER ON SCRAPER BRACKET,Product Control,M4-471,44471,57,8,Catalog photo,Verified,/assets/images/parts/manesty/pge-man-0354-cover-on-scraper-bracket-oem-44471.png
355,326,PGE-MAN-0355,Manesty,BETAPRESS,SCRAPER PLATE - SHORT,Product Control,M4-469,44469,57,9,Catalog photo,Verified,/assets/images/parts/manesty/pge-man-0355-scraper-plate-short-oem-44469.png
356,327,PGE-MAN-0356,Manesty,BETAPRESS,SCRAPER BLADE SPRING,Product Control,M4-470,44470,57,10,Catalog photo,Verified,/assets/images/parts/manesty/pge-man-0356-scraper-blade-spring-oem-44470.png
357,328,PGE-MAN-0357,Manesty,BETAPRESS,NUT FOR SPRING ON RE-CIRCULATING CHANNEL,Product Control,M4-477,44477,57,11,Catalog photo,Verified,/assets/images/parts/manesty/pge-man-0357-nut-for-spring-on-re-circulating-channel-oem-44477.png
358,329,PGE-MAN-0358,Manesty,BETAPRESS,PLATE ON FEEDER - DELRIN,Product Control,M4-472,44472,57,12,Catalog photo,Verified,/assets/images/parts/manesty/pge-man-0358-plate-on-feeder-delrin-oem-44472.png
359,330,PGE-MAN-0359,Manesty,BETAPRESS,SPRING FOR RECIRCULATING CHANNEL,Product Control,M4-476,44476,57,13,Catalog photo,Verified,/assets/images/parts/manesty/pge-man-0359-spring-for-recirculating-channel-oem-44476.png
360,331,PGE-MAN-0360,Manesty,BETAPRESS,NAME PLATE SET (6 PC),Product Control,M4-48,N/A,57,14,Catalog photo,Verified,/assets/images/parts/manesty/pge-man-0360-name-plate-set-6-pc-oem-n-a.png
361,332,PGE-MAN-0361,Manesty,BETAPRESS,FEEDER PADDLE,Product Control,M4-483,44483,57,15,Catalog photo,Verified,/assets/images/parts/manesty/pge-man-0361-feeder-paddle-oem-44483.png
362,333,PGE-MAN-0362,Manesty,BETAPRESS,FEEDER PADDLE,Product Control,M4-483/1,N/A,58,1,Catalog photo,Verified,/assets/images/parts/manesty/pge-man-0362-feeder-paddle-oem-n-a.png
363,334,PGE-MAN-0363,Manesty,BETAPRESS,TAIL OVER DIE SPRING,Product Control,M4-486,44486,58,2,Catalog photo,Verified,/assets/images/parts/manesty/pge-man-0363-tail-over-die-spring-oem-44486.png
364,335,PGE-MAN-0364,Manesty,BETAPRESS,SPRING FOR SCRAPER BLADE,Product Control,M-450,44450,58,3,Catalog photo,Verified,/assets/images/parts/manesty/pge-man-0364-spring-for-scraper-blade-oem-44450.png
365,336,PGE-MAN-0365,Manesty,BETAPRESS,SUCTION NOZZLE,Product Control,M4-589,44589,58,4,Catalog photo,Verified,/assets/images/parts/manesty/pge-man-0365-suction-nozzle-oem-44589.png
366,337,PGE-MAN-0366,Manesty,BETAPRESS,CLAMP SCREW ON INLET,Product Control,M4-509,44509,58,5,Catalog photo,Verified,/assets/images/parts/manesty/pge-man-0366-clamp-screw-on-inlet-oem-44509.png
367,338,PGE-MAN-0367,Manesty,BETAPRESS,HOPPER,Product Control,M4-658,44658,58,6,Catalog photo,Verified,/assets/images/parts/manesty/pge-man-0367-hopper-oem-44658.png
368,339,PGE-MAN-0368,Manesty,BETAPRESS,INLET ON TOP COVER - PET,Product Control,M4-660/1,44660,58,7,Catalog photo,Verified,/assets/images/parts/manesty/pge-man-0368-inlet-on-top-cover-pet-oem-44660.png
369,340,PGE-MAN-0369,Manesty,BETAPRESS,LOCKSCREW ON INLET CLAMP,Product Control,M-460,44460,58,8,Catalog photo,Verified,/assets/images/parts/manesty/pge-man-0369-lockscrew-on-inlet-clamp-oem-44460.png
370,341,PGE-MAN-0370,Manesty,BETAPRESS,TOP COVER ON FEEDER,Product Control,M4-62,44662,58,9,Catalog photo,Verified,/assets/images/parts/manesty/pge-man-0370-top-cover-on-feeder-oem-44662.png
371,342,PGE-MAN-0371,Manesty,BETAPRESS,PILLAR FOR CLAMP,Product Control,M4-661,44661,58,10,Catalog photo,Verified,/assets/images/parts/manesty/pge-man-0371-pillar-for-clamp-oem-44661.png
372,343,PGE-MAN-0372,Manesty,BETAPRESS,INLET TUBE BRACKET,Product Control,M4-660/1-1,N/A,58,11,Catalog photo,Verified,/assets/images/parts/manesty/pge-man-0372-inlet-tube-bracket-oem-n-a.png
373,344,PGE-MAN-0373,Manesty,BETAPRESS,INLET ON TOP COVER - TEFLON,Product Control,M4-660/2,44660,58,12,Catalog photo,Verified,/assets/images/parts/manesty/pge-man-0373-inlet-on-top-cover-teflon-oem-44660.png
374,345,PGE-MAN-0374,Manesty,BETAPRESS,TAIL OVER DIE - PHENOLIC,Product Control,M4-73,44473,58,13,Catalog photo,Verified,/assets/images/parts/manesty/pge-man-0374-tail-over-die-phenolic-oem-44473.png
375,346,PGE-MAN-0375,Manesty,BETAPRESS,TAKE-OFF PLATE,Product Control,M4-663,44663,58,14,Catalog photo,Verified,/assets/images/parts/manesty/pge-man-0375-take-off-plate-oem-44663.png
376,347,PGE-MAN-0376,Manesty,BETAPRESS,INLET CONNECTOR,Product Control,M4-666,44666,58,15,Catalog photo,Verified,/assets/images/parts/manesty/pge-man-0376-inlet-connector-oem-44666.png
377,348,PGE-MAN-0377,Manesty,BETAPRESS,TAIL OVER DIE-DELRIN,Product Control,M4-73-D,N/A,59,1,Catalog photo,Verified,/assets/images/parts/manesty/pge-man-0377-tail-over-die-delrin-oem-n-a.png
378,349,PGE-MAN-0378,Manesty,BETAPRESS,OIL SEAL FOR FEEDER SHAFT,Product Control,M4-750,37750,59,2,Catalog photo,Verified,/assets/images/parts/manesty/pge-man-0378-oil-seal-for-feeder-shaft-oem-37750.png
379,350,PGE-MAN-0379,Manesty,BETAPRESS,FEED FRAME,Product Control,M4-784,59784,59,3,Catalog photo,Verified,/assets/images/parts/manesty/pge-man-0379-feed-frame-oem-59784.png
380,351,PGE-MAN-0380,Manesty,BETAPRESS,GEAR PLATE FOR HIGH SPEED FEEDER,Product Control,M4-835,44835,59,4,Catalog photo,Verified,/assets/images/parts/manesty/pge-man-0380-gear-plate-for-high-speed-feeder-oem-44835.png
381,352,PGE-MAN-0381,Manesty,BETAPRESS,SHAFT IN COLUMN,Product Control,M4-81,44481,59,5,Catalog photo,Verified,/assets/images/parts/manesty/pge-man-0381-shaft-in-column-oem-44481.png
382,353,PGE-MAN-0382,Manesty,BETAPRESS,SHAFT IN COLUMN,Product Control,M4-82,44482,59,6,Catalog photo,Verified,/assets/images/parts/manesty/pge-man-0382-shaft-in-column-oem-44482.png
383,354,PGE-MAN-0383,Manesty,BETAPRESS,RECIRCULATING CHANNEL,Product Control,M4-890,44890,59,7,Catalog photo,Verified,/assets/images/parts/manesty/pge-man-0383-recirculating-channel-oem-44890.png
384,355,PGE-MAN-0384,Manesty,BETAPRESS,GEAR PLATE - MODIFIED - SYNCHRONOUS,Product Control,M4-835/1,N/A,59,8,Catalog photo,Verified,/assets/images/parts/manesty/pge-man-0384-gear-plate-modified-synchronous-oem-n-a.png
385,356,PGE-MAN-0385,Manesty,BETAPRESS,GEAR,Product Control,M4-839,44839,59,9,Catalog photo,Verified,/assets/images/parts/manesty/pge-man-0385-gear-oem-44839.png
386,357,PGE-MAN-0386,Manesty,BETAPRESS,SCRAPER SUPPORT BRACKET,Product Control,M4-894,44894,59,10,Catalog photo,Verified,/assets/images/parts/manesty/pge-man-0386-scraper-support-bracket-oem-44894.png
387,358,PGE-MAN-0387,Manesty,BETAPRESS,LOWER RE-CIRCULATING BAND STRIP,Product Control,M4-891,44891,59,11,Catalog photo,Verified,/assets/images/parts/manesty/pge-man-0387-lower-re-circulating-band-strip-oem-44891.png
388,359,PGE-MAN-0388,Manesty,BETAPRESS,UPPER RE-CIRCULATING BAND STRIP,Product Control,M4-892,44892,59,12,Catalog photo,Verified,/assets/images/parts/manesty/pge-man-0388-upper-re-circulating-band-strip-oem-44892.png
389,360,PGE-MAN-0389,Manesty,BETAPRESS,RECIRCULATION CHANNEL BUFFER,Product Control,M4-997,44997,59,13,Catalog photo,Verified,/assets/images/parts/manesty/pge-man-0389-recirculation-channel-buffer-oem-44997.png
390,361,PGE-MAN-0390,Manesty,BETAPRESS,COVER OVER SCRAPER PLATE,Product Control,M4-895,44895,59,14,Catalog photo,Verified,/assets/images/parts/manesty/pge-man-0390-cover-over-scraper-plate-oem-44895.png
391,362,PGE-MAN-0391,Manesty,BETAPRESS,SCRAPER BLADE - LONG,Product Control,M4-897,44897,59,15,Catalog photo,Verified,/assets/images/parts/manesty/pge-man-0391-scraper-blade-long-oem-44897.png
392,363,PGE-MAN-0392,Manesty,BETAPRESS,TABLET CHUTE TRIM PIECE,Product Control,M4-FG1-29,N/A,60,1,Catalog photo,Verified,/assets/images/parts/manesty/pge-man-0392-tablet-chute-trim-piece-oem-n-a.png
393,364,PGE-MAN-0393,Manesty,BETAPRESS,HOPPER,Product Control,M4-FG1-42,N/A,60,2,Catalog photo,Verified,/assets/images/parts/manesty/pge-man-0393-hopper-oem-n-a.png
394,365,PGE-MAN-0394,Manesty,BETAPRESS,TABLET THICKNESS ADJUSTING SHAFT,Product Control,M4-FG1-45,N/A,60,3,Catalog photo,Verified,/assets/images/parts/manesty/pge-man-0394-tablet-thickness-adjusting-shaft-oem-n-a.png
395,366,PGE-MAN-0395,Manesty,BETAPRESS,TABLET THICKNESS HAND WHEEL,Product Control,M4-FG1-48,N/A,60,4,Catalog photo,Verified,/assets/images/parts/manesty/pge-man-0395-tablet-thickness-hand-wheel-oem-n-a.png
396,367,PGE-MAN-0396,Manesty,BETAPRESS,TABLET CHUTE COVER,Product Control,M4-TRS4-1,N/A,60,5,Catalog photo,Verified,/assets/images/parts/manesty/pge-man-0396-tablet-chute-cover-oem-n-a.png
397,368,PGE-MAN-0397,Manesty,BETAPRESS,TABLET CHUTE DIVIDER,Product Control,M4-TRS4-2,N/A,60,6,Catalog photo,Verified,/assets/images/parts/manesty/pge-man-0397-tablet-chute-divider-oem-n-a.png
398,369,PGE-MAN-0398,Manesty,BETAPRESS,TABLET CHUTE COVER,Product Control,M4-TRS4-6,N/A,60,7,Catalog photo,Verified,/assets/images/parts/manesty/pge-man-0398-tablet-chute-cover-oem-n-a.png
399,370,PGE-MAN-0399,Manesty,BETAPRESS,TABLET TAKE OFF STOP,Product Control,M4-TTO-4,N/A,60,8,Catalog photo,Verified,/assets/images/parts/manesty/pge-man-0399-tablet-take-off-stop-oem-n-a.png
400,371,PGE-MAN-0400,Manesty,BETAPRESS,TABLET TAKE OFF MOUNT BLOCK,Product Control,M4-TTO-6,N/A,60,9,Catalog photo,Verified,/assets/images/parts/manesty/pge-man-0400-tablet-take-off-mount-block-oem-n-a.png
401,372,PGE-MAN-0401,Manesty,BETAPRESS,SCREW FOR SCRAPER BLADE,Product Control,M-50,90350,60,10,Catalog photo,Verified,/assets/images/parts/manesty/pge-man-0401-screw-for-scraper-blade-oem-90350.png
402,373,PGE-MAN-0402,Manesty,BETAPRESS,CLAMP ON INLET TUBE,Product Control,M-618,39618,60,11,Catalog photo,Verified,/assets/images/parts/manesty/pge-man-0402-clamp-on-inlet-tube-oem-39618.png
403,374,PGE-MAN-0403,Manesty,BETAPRESS,INLET CONNECTOR HINGE PLATE,Product Control,M-637,39637,60,12,Catalog photo,Verified,/assets/images/parts/manesty/pge-man-0403-inlet-connector-hinge-plate-oem-39637.png
404,375,PGE-MAN-0404,Manesty,BETAPRESS,INLET CONNECTOR GASKET,Product Control,M-638,39638,60,13,Catalog photo,Verified,/assets/images/parts/manesty/pge-man-0404-inlet-connector-gasket-oem-39638.png
405,376,PGE-MAN-0405,Manesty,BETAPRESS,LOCK NUT ON HINGE PLATE,Product Control,M-640,39640,60,14,Catalog photo,Verified,/assets/images/parts/manesty/pge-man-0405-lock-nut-on-hinge-plate-oem-39640.png
406,377,PGE-MAN-0406,Manesty,BETAPRESS,HOPPER CONNECTOR,Product Control,M-642,39642,60,15,Catalog photo,Verified,/assets/images/parts/manesty/pge-man-0406-hopper-connector-oem-39642.png
407,378,PGE-MAN-0407,Manesty,BETAPRESS,COVER ON INLET BOWL,Product Control,M-669,44669,61,1,Catalog photo,Verified,/assets/images/parts/manesty/pge-man-0407-cover-on-inlet-bowl-oem-44669.png
408,379,PGE-MAN-0408,Manesty,BETAPRESS,FLANGED BUSHING - OILITE,Product Control,M-70,39770,61,2,Catalog photo,Verified,/assets/images/parts/manesty/pge-man-0408-flanged-bushing-oilite-oem-39770.png
409,380,PGE-MAN-0409,Manesty,BETAPRESS,FEEDER INTER GEAR BUSHING,Product Control,M-778,39778,61,3,Catalog photo,Verified,/assets/images/parts/manesty/pge-man-0409-feeder-inter-gear-bushing-oem-39778.png
412,381,PGE-MAN-0412,Manesty,BETAPRESS,INLET ON TOP COVER,Product Control,M4-660,44660,61,6,Catalog photo,Verified,/assets/images/parts/manesty/pge-man-0412-inlet-on-top-cover-oem-44660.png
413,382,PGE-MAN-0413,Manesty,BETAPRESS,LARGE FINGER SECTION - PLOW DESIGN,Product Control,M-798-1/P,N/A,61,7,Catalog photo,Verified,/assets/images/parts/manesty/pge-man-0413-large-finger-section-plow-design-oem-n-a.png
414,383,PGE-MAN-0414,Manesty,BETAPRESS,PILLAR FOR HOPPER MOUNTING,Product Control,M4-189,44189,61,8,Catalog photo,Verified,/assets/images/parts/manesty/pge-man-0414-pillar-for-hopper-mounting-oem-44189.png
418,384,PGE-MAN-0418,Manesty,BETAPRESS,STANDARD ROTARY FEEDER ASSEMBLY,Product Control,M4-SRF,N/A,61,12,Catalog photo,Verified,/assets/images/parts/manesty/pge-man-0418-standard-rotary-feeder-assembly-oem-n-a.png
419,385,PGE-MAN-0419,Manesty,BETAPRESS,BRACKET FOR OIL BOTTLE,Product Control,M-614,44614,61,13,Catalog photo,Verified,/assets/images/parts/manesty/pge-man-0419-bracket-for-oil-bottle-oem-44614.png
421,386,PGE-MAN-0421,Manesty,BETAPRESS,DUST BOX,Product Control,M4-03,N/A,61,15,Catalog photo,Verified,/assets/images/parts/manesty/pge-man-0421-dust-box-oem-n-a.png
422,387,PGE-MAN-0422,Manesty,BETAPRESS,SHAFT END WASHER,Product Control,M4-165,N/A,62,1,Catalog photo,Verified,/assets/images/parts/manesty/pge-man-0422-shaft-end-washer-oem-n-a.png
424,388,PGE-MAN-0424,Manesty,BETAPRESS,FEEDER PADDLE - WIRE DESIGN,Product Control,M4-483/3,N/A,62,3,Catalog photo,Verified,/assets/images/parts/manesty/pge-man-0424-feeder-paddle-wire-design-oem-n-a.png
425,389,PGE-MAN-0425,Manesty,BETAPRESS,FEEDER PADDLE - NOTCH DESIGN,Product Control,M4-483/4,N/A,62,4,Catalog photo,Verified,/assets/images/parts/manesty/pge-man-0425-feeder-paddle-notch-design-oem-n-a.png
432,390,PGE-MAN-0432,Manesty,BETAPRESS,DIE LOCK SCREW,Turret Hardware,DL-50/1,N/A,62,11,Catalog photo,Verified,/assets/images/parts/manesty/pge-man-0432-die-lock-screw-oem-n-a.png
433,391,PGE-MAN-0433,Manesty,BETAPRESS,DIE LOCK SCREW,Turret Hardware,DL-50/2,44775,62,12,Catalog photo,Verified,/assets/images/parts/manesty/pge-man-0433-die-lock-screw-oem-44775.png
434,392,PGE-MAN-0434,Manesty,BETAPRESS,DIE LOCK SCREW,Turret Hardware,DL-56,"36156, AD-0",62,13,Catalog photo,Verified,/assets/images/parts/manesty/pge-man-0434-die-lock-screw-oem-36156-ad-0.png
435,393,PGE-MAN-0435,Manesty,BETAPRESS,THRUST BEARING,Turret Hardware,M-348,44348,62,14,Catalog photo,Verified,/assets/images/parts/manesty/pge-man-0435-thrust-bearing-oem-44348.png
436,394,PGE-MAN-0436,Manesty,BETAPRESS,SPACER UNDER TURRET,Turret Hardware,M4-113,44113,62,15,Catalog photo,Verified,/assets/images/parts/manesty/pge-man-0436-spacer-under-turret-oem-44113.png
437,395,PGE-MAN-0437,Manesty,BETAPRESS,ROLLER BEARING,Turret Hardware,M4-310,44310,63,1,Catalog photo,Verified,/assets/images/parts/manesty/pge-man-0437-roller-bearing-oem-44310.png
438,396,PGE-MAN-0438,Manesty,BETAPRESS,COLUMN BEARING BUSH,Turret Hardware,M4-344,44344,63,2,Catalog photo,Verified,/assets/images/parts/manesty/pge-man-0438-column-bearing-bush-oem-44344.png
439,397,PGE-MAN-0439,Manesty,BETAPRESS,TAPER LOCK BUSH,Turret Hardware,M4-764,44764,63,3,Catalog photo,Verified,/assets/images/parts/manesty/pge-man-0439-taper-lock-bush-oem-44764.png
440,398,PGE-MAN-0440,Manesty,BETAPRESS,TURRET SPINDLE TAPER LOCK REPLACEMENT,Turret Hardware,M4-BA,N/A,63,4,Catalog photo,Verified,/assets/images/parts/manesty/pge-man-0440-turret-spindle-taper-lock-replacement-oem-n-a.png
441,399,PGE-MAN-0441,Manesty,BETAPRESS,LOWER PUNCH RETAINER SPRING,Turret Hardware,M-518,38518,63,5,Catalog photo,Verified,/assets/images/parts/manesty/pge-man-0441-lower-punch-retainer-spring-oem-38518.png
442,400,PGE-MAN-0442,Manesty,BETAPRESS,LOWER PUNCH RETAINER SCREW,Turret Hardware,M-69,39690,63,6,Catalog photo,Verified,/assets/images/parts/manesty/pge-man-0442-lower-punch-retainer-screw-oem-39690.png
443,401,PGE-MAN-0443,Manesty,BETAPRESS,HEX HEAD SCREW,Turret Hardware,M-699,90569,63,7,Catalog photo,Verified,/assets/images/parts/manesty/pge-man-0443-hex-head-screw-oem-90569.png
444,402,PGE-MAN-0444,Manesty,BETAPRESS,PUNCH HOLDING PLUNGER,Turret Hardware,M-87,N/A,63,8,Catalog photo,Verified,/assets/images/parts/manesty/pge-man-0444-punch-holding-plunger-oem-n-a.png
445,403,PGE-MAN-0445,Manesty,BETAPRESS,LOWER PUNCH SCRAPER SEAL ‘B’ TOOLING,Turret Hardware,N-750,44143,63,9,Catalog photo,Verified,/assets/images/parts/manesty/pge-man-0445-lower-punch-scraper-seal-b-tooling-oem-44143.png
446,404,PGE-MAN-0446,Manesty,BETAPRESS,SEAL INSTALLATION TOOL ’B’ TOOLING,Turret Hardware,N-750/1,N/A,63,10,Catalog photo,Verified,/assets/images/parts/manesty/pge-man-0446-seal-installation-tool-b-tooling-oem-n-a.png
448,405,PGE-MAN-0448,Manesty,BETAPRESS,LOWER PUNCH RETAINER SPRING,Turret Hardware,SP-249,39249,63,12,Catalog photo,Verified,/assets/images/parts/manesty/pge-man-0448-lower-punch-retainer-spring-oem-39249.png
452,406,PGE-MAN-0452,Manesty,BETAPRESS,UPPER CAM TRACK BODY,Upper Cam Tracks,M4-017,44017,64,1,Catalog photo,Verified,/assets/images/parts/manesty/pge-man-0452-upper-cam-track-body-oem-44017.png
453,407,PGE-MAN-0453,Manesty,BETAPRESS,INSERT IN UPPER TRACK - IPT B,Upper Cam Tracks,M4-034,44034,64,2,Catalog photo,Verified,/assets/images/parts/manesty/pge-man-0453-insert-in-upper-track-ipt-b-oem-44034.png
454,408,PGE-MAN-0454,Manesty,BETAPRESS,UPPER CAM TRACK FRONT - IPT B,Upper Cam Tracks,M4-035,44035,64,3,Catalog photo,Verified,/assets/images/parts/manesty/pge-man-0454-upper-cam-track-front-ipt-b-oem-44035.png
455,409,PGE-MAN-0455,Manesty,BETAPRESS,INSERT IN UPPER TRACK - IPT B,Upper Cam Tracks,M4-036,44036,64,4,Catalog photo,Verified,/assets/images/parts/manesty/pge-man-0455-insert-in-upper-track-ipt-b-oem-44036.png
456,410,PGE-MAN-0456,Manesty,BETAPRESS,RETAINING PIN,Upper Cam Tracks,M4-271,44271,64,5,Catalog photo,Verified,/assets/images/parts/manesty/pge-man-0456-retaining-pin-oem-44271.png
457,411,PGE-MAN-0457,Manesty,BETAPRESS,SWIVEL PIN ON UPPER CAM,Upper Cam Tracks,M4-272,44272,64,6,Catalog photo,Verified,/assets/images/parts/manesty/pge-man-0457-swivel-pin-on-upper-cam-oem-44272.png
458,412,PGE-MAN-0458,Manesty,BETAPRESS,INSERT IN UPPER TRACK - EU B,Upper Cam Tracks,M4-30,44030,64,7,Catalog photo,Verified,/assets/images/parts/manesty/pge-man-0458-insert-in-upper-track-eu-b-oem-44030.png
459,413,PGE-MAN-0459,Manesty,BETAPRESS,INSERT IN UPPER TRACK - EU B,Upper Cam Tracks,M4-31,44031,64,8,Catalog photo,Verified,/assets/images/parts/manesty/pge-man-0459-insert-in-upper-track-eu-b-oem-44031.png
460,414,PGE-MAN-0460,Manesty,BETAPRESS,FELT WIPER,Upper Cam Tracks,M4-316,44316,64,9,Catalog photo,Verified,/assets/images/parts/manesty/pge-man-0460-felt-wiper-oem-44316.png
461,415,PGE-MAN-0461,Manesty,BETAPRESS,UPPER CAM TRACK FRONT - EU B,Upper Cam Tracks,M4-32,44032,64,10,Catalog photo,Verified,/assets/images/parts/manesty/pge-man-0461-upper-cam-track-front-eu-b-oem-44032.png
462,416,PGE-MAN-0462,Manesty,BETAPRESS,UPPER LIFTING CAM - EU B,Upper Cam Tracks,M4-574,44574,64,11,Catalog photo,Verified,/assets/images/parts/manesty/pge-man-0462-upper-lifting-cam-eu-b-oem-44574.png
463,417,PGE-MAN-0463,Manesty,BETAPRESS,UPPER LIFTING CAM - IPT B,Upper Cam Tracks,M4-646,44646,64,12,Catalog photo,Verified,/assets/images/parts/manesty/pge-man-0463-upper-lifting-cam-ipt-b-oem-44646.png
464,418,PGE-MAN-0464,Manesty,BETAPRESS,UPPER LOWERING CAM - IPT B,Upper Cam Tracks,M4-654,44654,64,13,Catalog photo,Verified,/assets/images/parts/manesty/pge-man-0464-upper-lowering-cam-ipt-b-oem-44654.png
465,419,PGE-MAN-0465,Manesty,BETAPRESS,UPPER LOWERING CAM - US B & D,Upper Cam Tracks,M4-654-BD,N/A,64,14,Catalog photo,Verified,/assets/images/parts/manesty/pge-man-0465-upper-lowering-cam-us-b-d-oem-n-a.png
466,420,PGE-MAN-0466,Manesty,BETAPRESS,BALL CATACH,Weight Adjusting Components,M-254,38254,64,15,Catalog photo,Verified,/assets/images/parts/manesty/pge-man-0466-ball-catach-oem-38254.png
467,421,PGE-MAN-0467,Manesty,BETAPRESS,WEIGHT ADJUSTING RAMP,Weight Adjusting Components,M4-127,44127,65,1,Catalog photo,Verified,/assets/images/parts/manesty/pge-man-0467-weight-adjusting-ramp-oem-44127.png
468,422,PGE-MAN-0468,Manesty,BETAPRESS,WEIGHT ADJUSTING BODY,Weight Adjusting Components,M4-693,44693,65,2,Catalog photo,Verified,/assets/images/parts/manesty/pge-man-0468-weight-adjusting-body-oem-44693.png
469,423,PGE-MAN-0469,Manesty,BETAPRESS,WEIGHT ADJUSTING SCREW,Weight Adjusting Components,M4-695,44695,65,3,Catalog photo,Verified,/assets/images/parts/manesty/pge-man-0469-weight-adjusting-screw-oem-44695.png
470,424,PGE-MAN-0470,Manesty,BETAPRESS,INDICATOR FOR WEIGHT ADJUSTING,Weight Adjusting Components,M4-049,44049,65,4,Catalog photo,Verified,/assets/images/parts/manesty/pge-man-0470-indicator-for-weight-adjusting-oem-44049.png
471,425,PGE-MAN-0471,Manesty,D3A,1-1/2 BEARING REAR DRIVE,Drive Components,M-125,36125,66,1,Catalog photo,Verified,/assets/images/parts/manesty/pge-man-0471-1-1-2-bearing-rear-drive-oem-36125.png
472,426,PGE-MAN-0472,Manesty,D3A,BALL BEARING REAR DRIVE,Drive Components,M-658,2658Z,66,2,Catalog photo,Verified,/assets/images/parts/manesty/pge-man-0472-ball-bearing-rear-drive-oem-2658z.png
475,427,PGE-MAN-0475,Manesty,D3A,BRONZE WORM,Drive Components,WG-6,"36013, AC-12, B-200-560-1",66,5,Catalog photo,Verified,/assets/images/parts/manesty/pge-man-0475-bronze-worm-oem-36013-ac-12-b-200-560-1.png
476,428,PGE-MAN-0476,Manesty,D3A,ROLLER BEARING REAR DRIVE,Drive Components,M-126,36126,66,6,Catalog photo,Verified,/assets/images/parts/manesty/pge-man-0476-roller-bearing-rear-drive-oem-36126.png
477,429,PGE-MAN-0477,Manesty,D3A,DRIP LUBRICATOR,Hydraulic & Lubrication Components,M-15,1150,66,7,Catalog photo,Verified,/assets/images/parts/manesty/pge-man-0477-drip-lubricator-oem-1150.png
478,430,PGE-MAN-0478,Manesty,D3A,HYDRAULIC TONNAGE GAUGE SYSTEM,Hydraulic & Lubrication Components,M-177,N/A,66,8,Catalog photo,Verified,/assets/images/parts/manesty/pge-man-0478-hydraulic-tonnage-gauge-system-oem-n-a.png
479,431,PGE-MAN-0479,Manesty,D3A,DRIP LUBRICATOR,Hydraulic & Lubrication Components,M-78,36178,66,9,Catalog photo,Verified,/assets/images/parts/manesty/pge-man-0479-drip-lubricator-oem-36178.png
480,432,PGE-MAN-0480,Manesty,D3A,PUNCH LOADING PLUG,Lower Cam Tracks,M-57,36057,66,10,Catalog photo,Verified,/assets/images/parts/manesty/pge-man-0480-punch-loading-plug-oem-36057.png
481,433,PGE-MAN-0481,Manesty,D3A,PUNCH ADJUSTER SCREW,Lower Cam Tracks,M-94,36094,66,11,Catalog photo,Verified,/assets/images/parts/manesty/pge-man-0481-punch-adjuster-screw-oem-36094.png
482,434,PGE-MAN-0482,Manesty,D3A,EJECTION CAM,Lower Cam Tracks,MD3-2,36667,66,12,Catalog photo,Verified,/assets/images/parts/manesty/pge-man-0482-ejection-cam-oem-36667.png
483,435,PGE-MAN-0483,Manesty,D3A,EJECTION CAM - BRONZE,Lower Cam Tracks,MD3-2/B,36667,66,13,Catalog photo,Verified,/assets/images/parts/manesty/pge-man-0483-ejection-cam-bronze-oem-36667.png
484,436,PGE-MAN-0484,Manesty,D3A,FILL CAM - 13/16” FILL,Lower Cam Tracks,MD3-64,36064,66,14,Catalog photo,Verified,/assets/images/parts/manesty/pge-man-0484-fill-cam-13-16-fill-oem-36064.png
485,437,PGE-MAN-0485,Manesty,D3A,FILL CAM - 5/16” FILL,Lower Cam Tracks,MD3-64/1,6360640,66,15,Catalog photo,Verified,/assets/images/parts/manesty/pge-man-0485-fill-cam-5-16-fill-oem-6360640.png
486,438,PGE-MAN-0486,Manesty,D3A,FILL CAM - 3/8” FILL,Lower Cam Tracks,MD3-64/2,6360640,67,1,Catalog photo,Verified,/assets/images/parts/manesty/pge-man-0486-fill-cam-3-8-fill-oem-6360640.png
487,439,PGE-MAN-0487,Manesty,D3A,LOWER CAM TRACK - MANESTY “D”,Lower Cam Tracks,MD3-64-15E,N/A,67,2,Catalog photo,Verified,/assets/images/parts/manesty/pge-man-0487-lower-cam-track-manesty-d-oem-n-a.png
488,440,PGE-MAN-0488,Manesty,D3A,UPPER ROLL PIN,Pressure Rolls & Components,MD3-42,36142,67,3,Catalog photo,Verified,/assets/images/parts/manesty/pge-man-0488-upper-roll-pin-oem-36142.png
489,441,PGE-MAN-0489,Manesty,D3A,FULCRUM PIN,Pressure Rolls & Components,MD3-70,36070,67,4,Catalog photo,Verified,/assets/images/parts/manesty/pge-man-0489-fulcrum-pin-oem-36070.png
490,442,PGE-MAN-0490,Manesty,D3A,LOWER ROLL PIN,Pressure Rolls & Components,MD3-75,36075,67,5,Catalog photo,Verified,/assets/images/parts/manesty/pge-man-0490-lower-roll-pin-oem-36075.png
491,443,PGE-MAN-0491,Manesty,D3A,UPPER OR LOWER PRESSURE ROLL,Pressure Rolls & Components,PR-6,36054,67,6,Catalog photo,Verified,/assets/images/parts/manesty/pge-man-0491-upper-or-lower-pressure-roll-oem-36054.png
492,444,PGE-MAN-0492,Manesty,D3A,HOPPER BRACKET,Product Control,M-025,36025,67,7,Catalog photo,Verified,/assets/images/parts/manesty/pge-man-0492-hopper-bracket-oem-36025.png
493,445,PGE-MAN-0493,Manesty,D3A,HOPPER LINK,Product Control,M-035,36035,67,8,Catalog photo,Verified,/assets/images/parts/manesty/pge-man-0493-hopper-link-oem-36035.png
494,446,PGE-MAN-0494,Manesty,D3A,FEED FRAME ADJUSTING NUT - REAR,Product Control,M-101,36101,67,9,Catalog photo,Verified,/assets/images/parts/manesty/pge-man-0494-feed-frame-adjusting-nut-rear-oem-36101.png
495,447,PGE-MAN-0495,Manesty,D3A,FEED FRAME LOCKNUT,Product Control,M-118,36118,67,10,Catalog photo,Verified,/assets/images/parts/manesty/pge-man-0495-feed-frame-locknut-oem-36118.png
496,448,PGE-MAN-0496,Manesty,D3A,HOPPER CLAMP SCREW,Product Control,M-67,36067,67,11,Catalog photo,Verified,/assets/images/parts/manesty/pge-man-0496-hopper-clamp-screw-oem-36067.png
497,449,PGE-MAN-0497,Manesty,D3A,FEED FRAME STUD,Product Control,MD3-099,36099,67,12,Catalog photo,Verified,/assets/images/parts/manesty/pge-man-0497-feed-frame-stud-oem-36099.png
498,450,PGE-MAN-0498,Manesty,D3A,FEED FRAME,Product Control,MD3-52,36652,67,13,Catalog photo,Verified,/assets/images/parts/manesty/pge-man-0498-feed-frame-oem-36652.png
499,451,PGE-MAN-0499,Manesty,D3A,SCRAPER PLATE,Product Control,MD3-59,36059,67,14,Catalog photo,Verified,/assets/images/parts/manesty/pge-man-0499-scraper-plate-oem-36059.png
500,452,PGE-MAN-0500,Manesty,D3A,TAKE-OFF PLATE,Product Control,MD3-61,36061,67,15,Catalog photo,Verified,/assets/images/parts/manesty/pge-man-0500-take-off-plate-oem-36061.png
505,453,PGE-MAN-0505,Manesty,D3A,SCRAPER SPRING,Product Control,SP-8,"37077, 35018, 36062",68,5,Catalog photo,Verified,/assets/images/parts/manesty/pge-man-0505-scraper-spring-oem-37077-35018-36062.png
506,454,PGE-MAN-0506,Manesty,D3A,EYEBOLT,Thickness/Hardness Components,MD3-007,36007,68,6,Catalog photo,Verified,/assets/images/parts/manesty/pge-man-0506-eyebolt-oem-36007.png
507,455,PGE-MAN-0507,Manesty,D3A,FORK PIN,Thickness/Hardness Components,MD3-71,36071,68,7,Catalog photo,Verified,/assets/images/parts/manesty/pge-man-0507-fork-pin-oem-36071.png
508,456,PGE-MAN-0508,Manesty,D3A,EYE BOLT PIN,Thickness/Hardness Components,MD3-72,36072,68,8,Catalog photo,Verified,/assets/images/parts/manesty/pge-man-0508-eye-bolt-pin-oem-36072.png
509,457,PGE-MAN-0509,Manesty,D3A,PRESSURE LEVER PIN,Thickness/Hardness Components,MD3-73,36073,68,9,Catalog photo,Verified,/assets/images/parts/manesty/pge-man-0509-pressure-lever-pin-oem-36073.png
511,458,PGE-MAN-0511,Manesty,D3A,DIE LOCK SCREW,Turret Hardware,DL-56,"36156, AD-0",68,11,Catalog photo,Verified,/assets/images/parts/manesty/pge-man-0511-die-lock-screw-oem-36156-ad-0.png
512,459,PGE-MAN-0512,Manesty,D3A,DIE LOCK SCREW,Turret Hardware,DL-75/3,45424,68,12,Catalog photo,Verified,/assets/images/parts/manesty/pge-man-0512-die-lock-screw-oem-45424.png
513,460,PGE-MAN-0513,Manesty,D3A,LOWER PUNCH RETAINER SPRING,Turret Hardware,M-518,38518,68,13,Catalog photo,Verified,/assets/images/parts/manesty/pge-man-0513-lower-punch-retainer-spring-oem-38518.png
514,461,PGE-MAN-0514,Manesty,D3A,LOWER PUNCH RETAINER,Turret Hardware,M-519,38519,68,14,Catalog photo,Verified,/assets/images/parts/manesty/pge-man-0514-lower-punch-retainer-oem-38519.png
515,462,PGE-MAN-0515,Manesty,D3A,LOWER PUNCH RETAINER SCREW,Turret Hardware,M-69,39690,68,15,Catalog photo,Verified,/assets/images/parts/manesty/pge-man-0515-lower-punch-retainer-screw-oem-39690.png
519,463,PGE-MAN-0519,Manesty,D3A,TAKE OUT PLATE,Upper Cam Tracks,MD3-16,36016,69,4,Catalog photo,Verified,/assets/images/parts/manesty/pge-man-0519-take-out-plate-oem-36016.png
520,464,PGE-MAN-0520,Manesty,D3A,TAKE OUT PLATE - NEW STYLE,Upper Cam Tracks,MD3-16/1,N/A,69,5,Catalog photo,Verified,/assets/images/parts/manesty/pge-man-0520-take-out-plate-new-style-oem-n-a.png
521,465,PGE-MAN-0521,Manesty,D3A,GUIDE PIECE FOR LOWERING CAM,Upper Cam Tracks,MD3-26,35126,69,6,Catalog photo,Verified,/assets/images/parts/manesty/pge-man-0521-guide-piece-for-lowering-cam-oem-35126.png
522,466,PGE-MAN-0522,Manesty,D3A,UPPER CAM BODY - WITH TAKE OUT PLATE,Upper Cam Tracks,MD3-53/1,36553,69,7,Catalog photo,Verified,/assets/images/parts/manesty/pge-man-0522-upper-cam-body-with-take-out-plate-oem-36553.png
523,467,PGE-MAN-0523,Manesty,D3A,UPPER CAM - LIFTING,Upper Cam Tracks,MD3-54,36554,69,8,Catalog photo,Verified,/assets/images/parts/manesty/pge-man-0523-upper-cam-lifting-oem-36554.png
524,468,PGE-MAN-0524,Manesty,D3A,UPPER CAM - LOWERING ASSEMBLY,Upper Cam Tracks,MD3-55,36555,69,9,Catalog photo,Verified,/assets/images/parts/manesty/pge-man-0524-upper-cam-lowering-assembly-oem-36555.png
526,469,PGE-MAN-0526,Manesty,D3A,WEIGHT ADJUSTING CAM ASSEMBLY,Weight Adjusting Components,MD3-081,36081,69,11,Catalog photo,Verified,/assets/images/parts/manesty/pge-man-0526-weight-adjusting-cam-assembly-oem-36081.png
527,470,PGE-MAN-0527,Manesty,D3A,WEDGE PIECE,Weight Adjusting Components,MD3-2A,N/A,69,12,Catalog photo,Verified,/assets/images/parts/manesty/pge-man-0527-wedge-piece-oem-n-a.png
528,471,PGE-MAN-0528,Manesty,D3B,WORM SHAFT - TAPERED,Drive Components,MD3-567,36567,70,1,Catalog photo,Verified,/assets/images/parts/manesty/pge-man-0528-worm-shaft-tapered-oem-36567.png
529,472,PGE-MAN-0529,Manesty,D3B,SHAFT END WASHER,Drive Components,MD3-572,36572,70,2,Catalog photo,Verified,/assets/images/parts/manesty/pge-man-0529-shaft-end-washer-oem-36572.png
530,473,PGE-MAN-0530,Manesty,D3B,FLANGED WASHER,Drive Components,MD3-573,36573,70,3,Catalog photo,Verified,/assets/images/parts/manesty/pge-man-0530-flanged-washer-oem-36573.png
531,474,PGE-MAN-0531,Manesty,D3B,BRONZE WORM,Drive Components,WG-6,"36013, AC-12, B-200-560-1",70,4,Catalog photo,Verified,/assets/images/parts/manesty/pge-man-0531-bronze-worm-oem-36013-ac-12-b-200-560-1.png
532,475,PGE-MAN-0532,Manesty,D3B,FRONT LOWER GUARD TOP PLATE,Guarding,MD3-559,636559,70,5,Catalog photo,Verified,/assets/images/parts/manesty/pge-man-0532-front-lower-guard-top-plate-oem-636559.png
534,476,PGE-MAN-0534,Manesty,D3B,FRONT UPPER GUARD,Guarding,TG-3,36563,70,7,Catalog photo,Verified,/assets/images/parts/manesty/pge-man-0534-front-upper-guard-oem-36563.png
535,477,PGE-MAN-0535,Manesty,D3B,REAR UPPER GUARD,Guarding,TG-4,36564,70,8,Catalog photo,Verified,/assets/images/parts/manesty/pge-man-0535-rear-upper-guard-oem-36564.png
536,478,PGE-MAN-0536,Manesty,D3B,SIDE UPPER GUARD,Guarding,TG-5,36565,70,9,Catalog photo,Verified,/assets/images/parts/manesty/pge-man-0536-side-upper-guard-oem-36565.png
537,479,PGE-MAN-0537,Manesty,D3B,DRIP LUBRICATOR,Hydraulic & Lubrication Components,M-15,1150,70,10,Catalog photo,Verified,/assets/images/parts/manesty/pge-man-0537-drip-lubricator-oem-1150.png
538,480,PGE-MAN-0538,Manesty,D3B,HYDRAULIC TONNAGE GAUGE SYSTEM,Hydraulic & Lubrication Components,M-177,N/A,70,11,Catalog photo,Verified,/assets/images/parts/manesty/pge-man-0538-hydraulic-tonnage-gauge-system-oem-n-a.png
539,481,PGE-MAN-0539,Manesty,D3B,DRIP LUBRICATOR,Hydraulic & Lubrication Components,M-78,36178,70,12,Catalog photo,Verified,/assets/images/parts/manesty/pge-man-0539-drip-lubricator-oem-36178.png
540,482,PGE-MAN-0540,Manesty,D3B,PUNCH LOADING PLUG,Lower Cam Tracks,M-57,36057,70,13,Catalog photo,Verified,/assets/images/parts/manesty/pge-man-0540-punch-loading-plug-oem-36057.png
541,483,PGE-MAN-0541,Manesty,D3B,PUNCH ADJUSTER SCREW,Lower Cam Tracks,M-94,36094,70,14,Catalog photo,Verified,/assets/images/parts/manesty/pge-man-0541-punch-adjuster-screw-oem-36094.png
542,484,PGE-MAN-0542,Manesty,D3B,EJECTION CAM,Lower Cam Tracks,MD3-2,36667,70,15,Catalog photo,Verified,/assets/images/parts/manesty/pge-man-0542-ejection-cam-oem-36667.png
543,485,PGE-MAN-0543,Manesty,D3B,EJECTION CAM - BRONZE,Lower Cam Tracks,MD3-2/B,36667,71,1,Catalog photo,Verified,/assets/images/parts/manesty/pge-man-0543-ejection-cam-bronze-oem-36667.png
544,486,PGE-MAN-0544,Manesty,D3B,FILL CAM - 13/16” FILL,Lower Cam Tracks,MD3-64,36064,71,2,Catalog photo,Verified,/assets/images/parts/manesty/pge-man-0544-fill-cam-13-16-fill-oem-36064.png
545,487,PGE-MAN-0545,Manesty,D3B,FILL CAM - 5/16” FILL,Lower Cam Tracks,MD3-64/1,6360640,71,3,Catalog photo,Verified,/assets/images/parts/manesty/pge-man-0545-fill-cam-5-16-fill-oem-6360640.png
546,488,PGE-MAN-0546,Manesty,D3B,FILL CAM - 3/8” FILL,Lower Cam Tracks,MD3-64/2,6360640,71,4,Catalog photo,Verified,/assets/images/parts/manesty/pge-man-0546-fill-cam-3-8-fill-oem-6360640.png
547,489,PGE-MAN-0547,Manesty,D3B,LOWER CAM TRACK - MANESTY “D”,Lower Cam Tracks,MD3-64-15E,N/A,71,5,Catalog photo,Verified,/assets/images/parts/manesty/pge-man-0547-lower-cam-track-manesty-d-oem-n-a.png
548,490,PGE-MAN-0548,Manesty,D3B,UPPER ROLL PIN,Pressure Rolls & Components,MD3-42,36142,71,6,Catalog photo,Verified,/assets/images/parts/manesty/pge-man-0548-upper-roll-pin-oem-36142.png
549,491,PGE-MAN-0549,Manesty,D3B,FULCRUM PIN,Pressure Rolls & Components,MD3-70,36070,71,7,Catalog photo,Verified,/assets/images/parts/manesty/pge-man-0549-fulcrum-pin-oem-36070.png
550,492,PGE-MAN-0550,Manesty,D3B,LOWER ROLL PIN,Pressure Rolls & Components,MD3-75,36075,71,8,Catalog photo,Verified,/assets/images/parts/manesty/pge-man-0550-lower-roll-pin-oem-36075.png
551,493,PGE-MAN-0551,Manesty,D3B,UPPER OR LOWER PRESSURE ROLL,Pressure Rolls & Components,PR-6,36054,71,9,Catalog photo,Verified,/assets/images/parts/manesty/pge-man-0551-upper-or-lower-pressure-roll-oem-36054.png
552,494,PGE-MAN-0552,Manesty,D3B,HOPPER BRACKET,Product Control,M-025,36025,71,10,Catalog photo,Verified,/assets/images/parts/manesty/pge-man-0552-hopper-bracket-oem-36025.png
553,495,PGE-MAN-0553,Manesty,D3B,HOPPER LINK,Product Control,M-035,36035,71,11,Catalog photo,Verified,/assets/images/parts/manesty/pge-man-0553-hopper-link-oem-36035.png
554,496,PGE-MAN-0554,Manesty,D3B,FEED FRAME LOCKNUT,Product Control,M-118,36118,71,12,Catalog photo,Verified,/assets/images/parts/manesty/pge-man-0554-feed-frame-locknut-oem-36118.png
555,497,PGE-MAN-0555,Manesty,D3B,HOPPER CLAMP SCREW,Product Control,M-67,36067,71,13,Catalog photo,Verified,/assets/images/parts/manesty/pge-man-0555-hopper-clamp-screw-oem-36067.png
556,498,PGE-MAN-0556,Manesty,D3B,FEED FRAME ASSEMBLY,Product Control,MD3-52/A,36652,71,14,Catalog photo,Verified,/assets/images/parts/manesty/pge-man-0556-feed-frame-assembly-oem-36652.png
557,499,PGE-MAN-0557,Manesty,D3B,SCRAPER PLATE,Product Control,MD3-59,36059,71,15,Catalog photo,Verified,/assets/images/parts/manesty/pge-man-0557-scraper-plate-oem-36059.png
558,500,PGE-MAN-0558,Manesty,D3B,TAKE-OFF PLATE,Product Control,MD3-61,36061,72,1,Catalog photo,Verified,/assets/images/parts/manesty/pge-man-0558-take-off-plate-oem-36061.png
559,501,PGE-MAN-0559,Manesty,D3B,FEED FRAME STUD,Product Control,MD3-93,36593,72,2,Catalog photo,Verified,/assets/images/parts/manesty/pge-man-0559-feed-frame-stud-oem-36593.png
560,502,PGE-MAN-0560,Manesty,D3B,SCRAPER SPRING,Product Control,SP-8,"37077, 35018, 36062",72,3,Catalog photo,Verified,/assets/images/parts/manesty/pge-man-0560-scraper-spring-oem-37077-35018-36062.png
561,503,PGE-MAN-0561,Manesty,D3B,FORK PIN,Thickness/Hardness Components,MD3-71,36071,72,4,Catalog photo,Verified,/assets/images/parts/manesty/pge-man-0561-fork-pin-oem-36071.png
562,504,PGE-MAN-0562,Manesty,D3B,EYE BOLT PIN,Thickness/Hardness Components,MD3-72,36072,72,5,Catalog photo,Verified,/assets/images/parts/manesty/pge-man-0562-eye-bolt-pin-oem-36072.png
563,505,PGE-MAN-0563,Manesty,D3B,PRESSURE LEVER PIN,Thickness/Hardness Components,MD3-73,36073,72,6,Catalog photo,Verified,/assets/images/parts/manesty/pge-man-0563-pressure-lever-pin-oem-36073.png
565,506,PGE-MAN-0565,Manesty,D3B,DIE LOCK SCREW,Turret Hardware,DL-56,"36156, AD-0",72,8,Catalog photo,Verified,/assets/images/parts/manesty/pge-man-0565-die-lock-screw-oem-36156-ad-0.png
566,507,PGE-MAN-0566,Manesty,D3B,DIE LOCK SCREW,Turret Hardware,DL-75/3,45424,72,9,Catalog photo,Verified,/assets/images/parts/manesty/pge-man-0566-die-lock-screw-oem-45424.png
567,508,PGE-MAN-0567,Manesty,D3B,LOWER PUNCH RETAINER SPRING,Turret Hardware,M-518,38518,72,10,Catalog photo,Verified,/assets/images/parts/manesty/pge-man-0567-lower-punch-retainer-spring-oem-38518.png
568,509,PGE-MAN-0568,Manesty,D3B,LOWER PUNCH RETAINER,Turret Hardware,M-519,38519,72,11,Catalog photo,Verified,/assets/images/parts/manesty/pge-man-0568-lower-punch-retainer-oem-38519.png
569,510,PGE-MAN-0569,Manesty,D3B,LOWER PUNCH RETAINER SCREW,Turret Hardware,M-69,39690,72,12,Catalog photo,Verified,/assets/images/parts/manesty/pge-man-0569-lower-punch-retainer-screw-oem-39690.png
570,511,PGE-MAN-0570,Manesty,D3B,TURRET HEAD BUSH - SET (2) - SIZED,Turret Hardware,M-182/1,N/A,72,13,Catalog photo,Verified,/assets/images/parts/manesty/pge-man-0570-turret-head-bush-set-2-sized-oem-n-a.png
574,512,PGE-MAN-0574,Manesty,D3B,TAKE OUT PLATE,Upper Cam Tracks,MD3-16,36016,73,2,Catalog photo,Verified,/assets/images/parts/manesty/pge-man-0574-take-out-plate-oem-36016.png
575,513,PGE-MAN-0575,Manesty,D3B,TAKE OUT PLATE - NEW STYLE,Upper Cam Tracks,MD3-16/1,N/A,73,3,Catalog photo,Verified,/assets/images/parts/manesty/pge-man-0575-take-out-plate-new-style-oem-n-a.png
576,514,PGE-MAN-0576,Manesty,D3B,GUIDE PIECE FOR LOWERING CAM,Upper Cam Tracks,MD3-26,35126,73,4,Catalog photo,Verified,/assets/images/parts/manesty/pge-man-0576-guide-piece-for-lowering-cam-oem-35126.png
577,515,PGE-MAN-0577,Manesty,D3B,UPPER CAM BODY - WITH TAKE OUT PLATE,Upper Cam Tracks,MD3-53/1,36553,73,5,Catalog photo,Verified,/assets/images/parts/manesty/pge-man-0577-upper-cam-body-with-take-out-plate-oem-36553.png
578,516,PGE-MAN-0578,Manesty,D3B,UPPER CAM - LIFTING,Upper Cam Tracks,MD3-54,36554,73,6,Catalog photo,Verified,/assets/images/parts/manesty/pge-man-0578-upper-cam-lifting-oem-36554.png
579,517,PGE-MAN-0579,Manesty,D3B,UPPER CAM - LOWERING ASSEMBLY,Upper Cam Tracks,MD3-55,36555,73,7,Catalog photo,Verified,/assets/images/parts/manesty/pge-man-0579-upper-cam-lowering-assembly-oem-36555.png
580,518,PGE-MAN-0580,Manesty,D3B,WEDGE PIECE,Weight Adjusting Components,M-27,37027,73,8,Catalog photo,Verified,/assets/images/parts/manesty/pge-man-0580-wedge-piece-oem-37027.png
581,519,PGE-MAN-0581,Manesty,D3B,EYEBOLT,Weight Adjusting Components,M-585,36585,73,9,Catalog photo,Verified,/assets/images/parts/manesty/pge-man-0581-eyebolt-oem-36585.png
582,520,PGE-MAN-0582,Manesty,D3B,SPRING FOR WEDGE SCREW,Weight Adjusting Components,MB3-01,37019,73,10,Catalog photo,Verified,/assets/images/parts/manesty/pge-man-0582-spring-for-wedge-screw-oem-37019.png
583,521,PGE-MAN-0583,Manesty,D4,7/16 FILL CAM - EU D,Lower Cam Tracks,MD4-229,79229,74,1,Catalog photo,Verified,/assets/images/parts/manesty/pge-man-0583-7-16-fill-cam-eu-d-oem-79229.png
584,522,PGE-MAN-0584,Manesty,D4,9/16 FILL CAM - EU D,Lower Cam Tracks,MD4-229/1,N/A,74,2,Catalog photo,Verified,/assets/images/parts/manesty/pge-man-0584-9-16-fill-cam-eu-d-oem-n-a.png
585,523,PGE-MAN-0585,Manesty,D4,EJECTION CAM - EU D,Lower Cam Tracks,MD4-225,79225,74,3,Catalog photo,Verified,/assets/images/parts/manesty/pge-man-0585-ejection-cam-eu-d-oem-79225.png
586,524,PGE-MAN-0586,Manesty,D4,FLIGHT CONTROL CAM FOR EJECTION,Lower Cam Tracks,MD4-226,79226,74,4,Catalog photo,Verified,/assets/images/parts/manesty/pge-man-0586-flight-control-cam-for-ejection-oem-79226.png
587,525,PGE-MAN-0587,Manesty,D4,PUNCH LOADING PLUG,Lower Cam Tracks,M-481,N/A,74,5,Catalog photo,Verified,/assets/images/parts/manesty/pge-man-0587-punch-loading-plug-oem-n-a.png
588,526,PGE-MAN-0588,Manesty,D4,LOWER ROLL PIN,Pressure Rolls & Components,MD4-53,79053,74,6,Catalog photo,Verified,/assets/images/parts/manesty/pge-man-0588-lower-roll-pin-oem-79053.png
589,527,PGE-MAN-0589,Manesty,D4,FEED FRAME-CLOSED,Product Control,M-231,6790231,74,7,Catalog photo,Verified,/assets/images/parts/manesty/pge-man-0589-feed-frame-closed-oem-6790231.png
590,528,PGE-MAN-0590,Manesty,D4,FEED FRAME-OPEN,Product Control,M-231/1,N/A,74,8,Catalog photo,Verified,/assets/images/parts/manesty/pge-man-0590-feed-frame-open-oem-n-a.png
592,529,PGE-MAN-0592,Manesty,D4,CAM INSERT,Upper Cam Tracks,MD4-389,79389,74,10,Catalog photo,Verified,/assets/images/parts/manesty/pge-man-0592-cam-insert-oem-79389.png
593,530,PGE-MAN-0593,Manesty,D4,FLIGHT CONTROL CAM FOR CAM INSERT - EU D,Upper Cam Tracks,MD4-390,79390,74,11,Catalog photo,Verified,/assets/images/parts/manesty/pge-man-0593-flight-control-cam-for-cam-insert-eu-d-oem-79390.png
594,531,PGE-MAN-0594,Manesty,D4,UPPER LIFTING CAM - EU D,Upper Cam Tracks,MD4-220,79220,74,12,Catalog photo,Verified,/assets/images/parts/manesty/pge-man-0594-upper-lifting-cam-eu-d-oem-79220.png
595,532,PGE-MAN-0595,Manesty,D4,UPPER LOWERING CAM - EU D,Upper Cam Tracks,MD4-221,79221,74,13,Catalog photo,Verified,/assets/images/parts/manesty/pge-man-0595-upper-lowering-cam-eu-d-oem-79221.png
596,533,PGE-MAN-0596,Manesty,DRYCOTA,1-1/2 BEARING REAR DRIVE,Drive Components,M-125,36125,75,1,Catalog photo,Verified,/assets/images/parts/manesty/pge-man-0596-1-1-2-bearing-rear-drive-oem-36125.png
597,534,PGE-MAN-0597,Manesty,DRYCOTA,ROLLER BEARING REAR DRIVE,Drive Components,M-126,36126,75,2,Catalog photo,Verified,/assets/images/parts/manesty/pge-man-0597-roller-bearing-rear-drive-oem-36126.png
598,535,PGE-MAN-0598,Manesty,DRYCOTA,BALL BEARING REAR DRIVE,Drive Components,M-658,2658Z,75,3,Catalog photo,Verified,/assets/images/parts/manesty/pge-man-0598-ball-bearing-rear-drive-oem-2658z.png
599,536,PGE-MAN-0599,Manesty,DRYCOTA,DIE LOCK SCREW,Product Control,DL-65,38265,75,4,Catalog photo,Verified,/assets/images/parts/manesty/pge-man-0599-die-lock-screw-oem-38265.png
600,537,PGE-MAN-0600,Manesty,DRYCOTA,SCRAPER PLATE,Product Control,MD3-59,36059,75,5,Catalog photo,Verified,/assets/images/parts/manesty/pge-man-0600-scraper-plate-oem-36059.png
605,538,PGE-MAN-0605,Manesty,DRYCOTA,DIE LOCK SCREW,Turret Hardware,DL-100/2,38266,75,10,Catalog photo,Verified,/assets/images/parts/manesty/pge-man-0605-die-lock-screw-oem-38266.png
606,539,PGE-MAN-0606,Manesty,DRYCOTA,TURRET HEAD BUSH - SET (2) - SIZED,Turret Hardware,M-182/1,N/A,75,11,Catalog photo,Verified,/assets/images/parts/manesty/pge-man-0606-turret-head-bush-set-2-sized-oem-n-a.png
607,540,PGE-MAN-0607,Manesty,DRYCOTA,FINAL LOWERING CAM - COATING,Upper Cam Tracks,M-119,38119,75,12,Catalog photo,Verified,/assets/images/parts/manesty/pge-man-0607-final-lowering-cam-coating-oem-38119.png
608,541,PGE-MAN-0608,Manesty,DRYCOTA,CORE SIDE CAM,Upper Cam Tracks,M-757,37757,75,13,Catalog photo,Verified,/assets/images/parts/manesty/pge-man-0608-core-side-cam-oem-37757.png
609,542,PGE-MAN-0609,Manesty,DRYCOTA,BALL CATCH,Weight Adjusting Components,M-254,38254,75,14,Catalog photo,Verified,/assets/images/parts/manesty/pge-man-0609-ball-catch-oem-38254.png
610,543,PGE-MAN-0610,Manesty,EXCELAPRESS,BEARING,Drive Components,M-647,92647,76,1,Catalog photo,Verified,/assets/images/parts/manesty/pge-man-0610-bearing-oem-92647.png
611,544,PGE-MAN-0611,Manesty,EXCELAPRESS,END PLATE PRESS CYLINDER,Hydraulic & Lubrication Components,M-057,390571,76,2,Catalog photo,Verified,/assets/images/parts/manesty/pge-man-0611-end-plate-press-cylinder-oem-390571.png
612,545,PGE-MAN-0612,Manesty,EXCELAPRESS,COLLAR ON LOWER PRESS LINK,Hydraulic & Lubrication Components,M-078,45078,76,3,Catalog photo,Verified,/assets/images/parts/manesty/pge-man-0612-collar-on-lower-press-link-oem-45078.png
613,546,PGE-MAN-0613,Manesty,EXCELAPRESS,PLATE ON COLLAR,Hydraulic & Lubrication Components,M-080,45080,76,4,Catalog photo,Verified,/assets/images/parts/manesty/pge-man-0613-plate-on-collar-oem-45080.png
614,547,PGE-MAN-0614,Manesty,EXCELAPRESS,GLAND IN PRESSURE CYLINDER,Hydraulic & Lubrication Components,M-889,39889,76,5,Catalog photo,Verified,/assets/images/parts/manesty/pge-man-0614-gland-in-pressure-cylinder-oem-39889.png
615,548,PGE-MAN-0615,Manesty,EXCELAPRESS,PULLDOWN CONTROL CAM - IPT B,Lower Cam Tracks,M10-208,64208,76,6,Catalog photo,Verified,/assets/images/parts/manesty/pge-man-0615-pulldown-control-cam-ipt-b-oem-64208.png
616,549,PGE-MAN-0616,Manesty,EXCELAPRESS,BRACKET FOR DUST NOZZLE,Product Control,M-055,"39055, 36055",76,7,Catalog photo,Verified,/assets/images/parts/manesty/pge-man-0616-bracket-for-dust-nozzle-oem-39055-36055.png
617,550,PGE-MAN-0617,Manesty,EXCELAPRESS,FEEDER HANDLE SPACER,Product Control,M-141,64141,76,8,Catalog photo,Verified,/assets/images/parts/manesty/pge-man-0617-feeder-handle-spacer-oem-64141.png
618,551,PGE-MAN-0618,Manesty,EXCELAPRESS,FEEDER FRAME,Product Control,M1-47,45847,76,9,Catalog photo,Verified,/assets/images/parts/manesty/pge-man-0618-feeder-frame-oem-45847.png
619,552,PGE-MAN-0619,Manesty,EXCELAPRESS,FEEDER PAN INSERT,Product Control,M1-47/1,N/A,76,10,Catalog photo,Verified,/assets/images/parts/manesty/pge-man-0619-feeder-pan-insert-oem-n-a.png
620,553,PGE-MAN-0620,Manesty,EXCELAPRESS,SCRAPER BLADE,Product Control,M1-61,39861,76,11,Catalog photo,Verified,/assets/images/parts/manesty/pge-man-0620-scraper-blade-oem-39861.png
621,554,PGE-MAN-0621,Manesty,EXCELAPRESS,INNER TAIL OVER DIE,Product Control,M1-886,39886,76,12,Catalog photo,Verified,/assets/images/parts/manesty/pge-man-0621-inner-tail-over-die-oem-39886.png
622,555,PGE-MAN-0622,Manesty,EXCELAPRESS,BRACKET ON INLET BOWL,Product Control,M-619,39619,76,13,Catalog photo,Verified,/assets/images/parts/manesty/pge-man-0622-bracket-on-inlet-bowl-oem-39619.png
623,556,PGE-MAN-0623,Manesty,EXCELAPRESS,LOCK NUT ON HINGE PLATE,Product Control,M-640,39640,76,14,Catalog photo,Verified,/assets/images/parts/manesty/pge-man-0623-lock-nut-on-hinge-plate-oem-39640.png
624,557,PGE-MAN-0624,Manesty,EXCELAPRESS,PUNCH HOLDING PLUG,Turret Hardware,M-304,39304,76,15,Catalog photo,Verified,/assets/images/parts/manesty/pge-man-0624-punch-holding-plug-oem-39304.png
625,558,PGE-MAN-0625,Manesty,EXCELAPRESS,PUNCH HOLDING PLUG,Turret Hardware,M-331,39331,77,1,Catalog photo,Verified,/assets/images/parts/manesty/pge-man-0625-punch-holding-plug-oem-39331.png
626,559,PGE-MAN-0626,Manesty,EXCELAPRESS,HEX HEAD SCREW,Turret Hardware,M-699,90569,77,2,Catalog photo,Verified,/assets/images/parts/manesty/pge-man-0626-hex-head-screw-oem-90569.png
628,560,PGE-MAN-0628,Manesty,EXPRESS,OIL FLINGER,Drive Components,M2-123,48123,78,1,Catalog photo,Verified,/assets/images/parts/manesty/pge-man-0628-oil-flinger-oem-48123.png
629,561,PGE-MAN-0629,Manesty,EXPRESS,WORM & WHEEL ASSEMBLY,Drive Components,M2-178,65178,78,2,Catalog photo,Verified,/assets/images/parts/manesty/pge-man-0629-worm-wheel-assembly-oem-65178.png
630,562,PGE-MAN-0630,Manesty,EXPRESS,60 HZ V/S BELT,Drive Components,M2-323,48323,78,3,Catalog photo,Verified,/assets/images/parts/manesty/pge-man-0630-60-hz-v-s-belt-oem-48323.png
631,563,PGE-MAN-0631,Manesty,EXPRESS,CARBON BRUSH,Drive Components,M2-447,48447,78,4,Catalog photo,Verified,/assets/images/parts/manesty/pge-man-0631-carbon-brush-oem-48447.png
632,564,PGE-MAN-0632,Manesty,EXPRESS,UPPER GEARBOX BEARING,Drive Components,M2-661,92661,78,5,Catalog photo,Verified,/assets/images/parts/manesty/pge-man-0632-upper-gearbox-bearing-oem-92661.png
633,565,PGE-MAN-0633,Manesty,EXPRESS,LOWER GEARBOX BEARING,Drive Components,M2-662,92662,78,6,Catalog photo,Verified,/assets/images/parts/manesty/pge-man-0633-lower-gearbox-bearing-oem-92662.png
634,566,PGE-MAN-0634,Manesty,EXPRESS,GEARBOX WORMSHAFT BEARING,Drive Components,M2-663,92663,78,7,Catalog photo,Verified,/assets/images/parts/manesty/pge-man-0634-gearbox-wormshaft-bearing-oem-92663.png
635,567,PGE-MAN-0635,Manesty,EXPRESS,CAMBODY BEARING,Drive Components,M2-664,92664,78,8,Catalog photo,Verified,/assets/images/parts/manesty/pge-man-0635-cambody-bearing-oem-92664.png
636,568,PGE-MAN-0636,Manesty,EXPRESS,GEAR BOX SLEEVE ADAPTER,Drive Components,M2-SA1,N/A,78,9,Catalog photo,Verified,/assets/images/parts/manesty/pge-man-0636-gear-box-sleeve-adapter-oem-n-a.png
637,569,PGE-MAN-0637,Manesty,EXPRESS,HANDWHEEL,Drive Components,M-343,44343,78,10,Catalog photo,Verified,/assets/images/parts/manesty/pge-man-0637-handwheel-oem-44343.png
638,570,PGE-MAN-0638,Manesty,EXPRESS,STUD FOR GUARD AND OIL TRAY,Guarding,M-22,39122,78,11,Catalog photo,Verified,/assets/images/parts/manesty/pge-man-0638-stud-for-guard-and-oil-tray-oem-39122.png
639,571,PGE-MAN-0639,Manesty,EXPRESS,TOP COVER,Guarding,M2-341,48341,78,12,Catalog photo,Verified,/assets/images/parts/manesty/pge-man-0639-top-cover-oem-48341.png
640,572,PGE-MAN-0640,Manesty,EXPRESS,GUARD OVER DRIVING PINION,Guarding,M2-391,48391,78,13,Catalog photo,Verified,/assets/images/parts/manesty/pge-man-0640-guard-over-driving-pinion-oem-48391.png
641,573,PGE-MAN-0641,Manesty,EXPRESS,GUARD OVER GEARS,Guarding,M2-634,48634,78,14,Catalog photo,Verified,/assets/images/parts/manesty/pge-man-0641-guard-over-gears-oem-48634.png
642,574,PGE-MAN-0642,Manesty,EXPRESS,STUD FOR GUARD,Guarding,M-779,39779,78,15,Catalog photo,Verified,/assets/images/parts/manesty/pge-man-0642-stud-for-guard-oem-39779.png
643,575,PGE-MAN-0643,Manesty,EXPRESS,ROTARY JOINT,Hydraulic & Lubrication Components,M-042,45042,79,1,Catalog photo,Verified,/assets/images/parts/manesty/pge-man-0643-rotary-joint-oem-45042.png
644,576,PGE-MAN-0644,Manesty,EXPRESS,OIL SEAL - GEARBOX ENDCAPS,Hydraulic & Lubrication Components,M2-003,4920030,79,2,Catalog photo,Verified,/assets/images/parts/manesty/pge-man-0644-oil-seal-gearbox-endcaps-oem-4920030.png
645,577,PGE-MAN-0645,Manesty,EXPRESS,ENERPAC - OVERLOAD CYLINDER,Hydraulic & Lubrication Components,M-237,44237,79,3,Catalog photo,Verified,/assets/images/parts/manesty/pge-man-0645-enerpac-overload-cylinder-oem-44237.png
646,578,PGE-MAN-0646,Manesty,EXPRESS,LOWER PUNCH OILER ASSEMBLY,Hydraulic & Lubrication Components,M2-78/A,N/A,79,4,Catalog photo,Verified,/assets/images/parts/manesty/pge-man-0646-lower-punch-oiler-assembly-oem-n-a.png
647,579,PGE-MAN-0647,Manesty,EXPRESS,P12 HAND PUMP,Hydraulic & Lubrication Components,M-345,48345,79,5,Catalog photo,Verified,/assets/images/parts/manesty/pge-man-0647-p12-hand-pump-oem-48345.png
648,580,PGE-MAN-0648,Manesty,EXPRESS,ROTARY JOINT COUPLING,Hydraulic & Lubrication Components,M-53,48153,79,6,Catalog photo,Verified,/assets/images/parts/manesty/pge-man-0648-rotary-joint-coupling-oem-48153.png
649,581,PGE-MAN-0649,Manesty,EXPRESS,ONE SHOT OIL PUMP (P-28),Hydraulic & Lubrication Components,M-55,93955,79,7,Catalog photo,Verified,/assets/images/parts/manesty/pge-man-0649-one-shot-oil-pump-p-28-oem-93955.png
650,582,PGE-MAN-0650,Manesty,EXPRESS,REPAIR KIT FOR OVERLOAD ENERPAC CYLINDER,Hydraulic & Lubrication Components,M-68,44568,79,8,Catalog photo,Verified,/assets/images/parts/manesty/pge-man-0650-repair-kit-for-overload-enerpac-cylinder-oem-44568.png
651,583,PGE-MAN-0651,Manesty,EXPRESS,REPAIR KIT - OVERLOAD ENERPAC CYLINDER,Hydraulic & Lubrication Components,M-68/A,N/A,79,9,Catalog photo,Verified,/assets/images/parts/manesty/pge-man-0651-repair-kit-overload-enerpac-cylinder-oem-n-a.png
652,584,PGE-MAN-0652,Manesty,EXPRESS,REPAIR KIT FOR ENERPAC PUMP,Hydraulic & Lubrication Components,M-98,44698,79,10,Catalog photo,Verified,/assets/images/parts/manesty/pge-man-0652-repair-kit-for-enerpac-pump-oem-44698.png
653,585,PGE-MAN-0653,Manesty,EXPRESS,BRACKET FOR OIL BOTTLE,Hydraulic & Lubrication Components,M-614,44614,79,11,Catalog photo,Verified,/assets/images/parts/manesty/pge-man-0653-bracket-for-oil-bottle-oem-44614.png
654,586,PGE-MAN-0654,Manesty,EXPRESS,FILL CAM - 5/16” FILL - EU D,Lower Cam Tracks,M2-506,48506,79,12,Catalog photo,Verified,/assets/images/parts/manesty/pge-man-0654-fill-cam-5-16-fill-eu-d-oem-48506.png
655,587,PGE-MAN-0655,Manesty,EXPRESS,FILL CAM - 9/16” FILL - EU D,Lower Cam Tracks,M2-507,48507,79,13,Catalog photo,Verified,/assets/images/parts/manesty/pge-man-0655-fill-cam-9-16-fill-eu-d-oem-48507.png
656,588,PGE-MAN-0656,Manesty,EXPRESS,FILL CAM - 13/16” FILL - EU D,Lower Cam Tracks,M2-508,48508,79,14,Catalog photo,Verified,/assets/images/parts/manesty/pge-man-0656-fill-cam-13-16-fill-eu-d-oem-48508.png
657,589,PGE-MAN-0657,Manesty,EXPRESS,CONTROL CAM - EJECTION- EU D,Lower Cam Tracks,M2-510,48510,79,15,Catalog photo,Verified,/assets/images/parts/manesty/pge-man-0657-control-cam-ejection-eu-d-oem-48510.png
658,590,PGE-MAN-0658,Manesty,EXPRESS,FILL CAM - 11/16” FILL - EU B,Lower Cam Tracks,M2-518,48518,80,1,Catalog photo,Verified,/assets/images/parts/manesty/pge-man-0658-fill-cam-11-16-fill-eu-b-oem-48518.png
659,591,PGE-MAN-0659,Manesty,EXPRESS,CONTROL CAM-- EJECTION - EU B,Lower Cam Tracks,M2-520,48520,80,2,Catalog photo,Verified,/assets/images/parts/manesty/pge-man-0659-control-cam-ejection-eu-b-oem-48520.png
660,592,PGE-MAN-0660,Manesty,EXPRESS,LOCATING PLATE,Lower Cam Tracks,M2-523,48523,80,3,Catalog photo,Verified,/assets/images/parts/manesty/pge-man-0660-locating-plate-oem-48523.png
661,593,PGE-MAN-0661,Manesty,EXPRESS,COMPENSATING CAM,Lower Cam Tracks,M2-526,48526,80,4,Catalog photo,Verified,/assets/images/parts/manesty/pge-man-0661-compensating-cam-oem-48526.png
662,594,PGE-MAN-0662,Manesty,EXPRESS,COMPENSATING CAM SPINDLE,Lower Cam Tracks,M2-527,48527,80,5,Catalog photo,Verified,/assets/images/parts/manesty/pge-man-0662-compensating-cam-spindle-oem-48527.png
663,595,PGE-MAN-0663,Manesty,EXPRESS,FILL CAM - 5/16” FILL - IPT D,Lower Cam Tracks,M2-552,48552,80,6,Catalog photo,Verified,/assets/images/parts/manesty/pge-man-0663-fill-cam-5-16-fill-ipt-d-oem-48552.png
664,596,PGE-MAN-0664,Manesty,EXPRESS,FILL CAM - 9/16” FILL - IPT D,Lower Cam Tracks,M2-553,48553,80,7,Catalog photo,Verified,/assets/images/parts/manesty/pge-man-0664-fill-cam-9-16-fill-ipt-d-oem-48553.png
665,597,PGE-MAN-0665,Manesty,EXPRESS,FILL CAM - 13/16” FILL - IPT D,Lower Cam Tracks,M2-554,48554,80,8,Catalog photo,Verified,/assets/images/parts/manesty/pge-man-0665-fill-cam-13-16-fill-ipt-d-oem-48554.png
666,598,PGE-MAN-0666,Manesty,EXPRESS,FILL CAM - 3/8” FILL - IPT B,Lower Cam Tracks,M2-560,48560,80,9,Catalog photo,Verified,/assets/images/parts/manesty/pge-man-0666-fill-cam-3-8-fill-ipt-b-oem-48560.png
667,599,PGE-MAN-0667,Manesty,EXPRESS,FILL CAM - 11/16” FILL - IPT B,Lower Cam Tracks,M2-561,48561,80,10,Catalog photo,Verified,/assets/images/parts/manesty/pge-man-0667-fill-cam-11-16-fill-ipt-b-oem-48561.png
668,600,PGE-MAN-0668,Manesty,EXPRESS,CONTROL CAM - EJECTION - IPT B,Lower Cam Tracks,M2-562,48562,80,11,Catalog photo,Verified,/assets/images/parts/manesty/pge-man-0668-control-cam-ejection-ipt-b-oem-48562.png
669,601,PGE-MAN-0669,Manesty,EXPRESS,CONTROL CAM - EJECTION - IPT D,Lower Cam Tracks,M2-563,48563,80,12,Catalog photo,Verified,/assets/images/parts/manesty/pge-man-0669-control-cam-ejection-ipt-d-oem-48563.png
670,602,PGE-MAN-0670,Manesty,EXPRESS,LOCATING PLATE,Lower Cam Tracks,M2-862,48862,80,13,Catalog photo,Verified,/assets/images/parts/manesty/pge-man-0670-locating-plate-oem-48862.png
671,603,PGE-MAN-0671,Manesty,EXPRESS,PUNCH LOADING PLUG,Lower Cam Tracks,M-57,36057,80,14,Catalog photo,Verified,/assets/images/parts/manesty/pge-man-0671-punch-loading-plug-oem-36057.png
672,604,PGE-MAN-0672,Manesty,EXPRESS,EJECTION CAM - EU & IPT B,Lower Cam Tracks,MB2-2,48519,80,15,Catalog photo,Verified,/assets/images/parts/manesty/pge-man-0672-ejection-cam-eu-ipt-b-oem-48519.png
673,605,PGE-MAN-0673,Manesty,EXPRESS,EJECTION CAM - EU & IPT B - BRONZE,Lower Cam Tracks,MB2-2/B,48519,81,1,Catalog photo,Verified,/assets/images/parts/manesty/pge-man-0673-ejection-cam-eu-ipt-b-bronze-oem-48519.png
674,606,PGE-MAN-0674,Manesty,EXPRESS,EJECTION CAM - EU & IPT D - STEEL,Lower Cam Tracks,MD2-2,48509,81,2,Catalog photo,Verified,/assets/images/parts/manesty/pge-man-0674-ejection-cam-eu-ipt-d-steel-oem-48509.png
675,607,PGE-MAN-0675,Manesty,EXPRESS,EJECTION CAM - EU & IPT D - BRONZE,Lower Cam Tracks,MD2-2/B,48509,81,3,Catalog photo,Verified,/assets/images/parts/manesty/pge-man-0675-ejection-cam-eu-ipt-d-bronze-oem-48509.png
676,608,PGE-MAN-0676,Manesty,EXPRESS,FILL CAM - 3/8” FILL - EU B,Lower Cam Tracks,M2-517,48517,81,4,Catalog photo,Verified,/assets/images/parts/manesty/pge-man-0676-fill-cam-3-8-fill-eu-b-oem-48517.png
677,609,PGE-MAN-0677,Manesty,EXPRESS,CONTROL CAM - EJECTION - EU D,Lower Cam Tracks,M2-564,N/A,81,5,Catalog photo,Verified,/assets/images/parts/manesty/pge-man-0677-control-cam-ejection-eu-d-oem-n-a.png
678,610,PGE-MAN-0678,Manesty,EXPRESS,BUSH IN ROLL,Pressure Rolls & Components,M2-11,48311,81,6,Catalog photo,Verified,/assets/images/parts/manesty/pge-man-0678-bush-in-roll-oem-48311.png
679,611,PGE-MAN-0679,Manesty,EXPRESS,UPPER TAMPING ADJ SCREW,Pressure Rolls & Components,M2-132,48132,81,7,Catalog photo,Verified,/assets/images/parts/manesty/pge-man-0679-upper-tamping-adj-screw-oem-48132.png
680,612,PGE-MAN-0680,Manesty,EXPRESS,THRUST WASHER,Pressure Rolls & Components,M2-24,50224,81,8,Catalog photo,Verified,/assets/images/parts/manesty/pge-man-0680-thrust-washer-oem-50224.png
681,613,PGE-MAN-0681,Manesty,EXPRESS,UPPER TAMPING ROLL PIN,Pressure Rolls & Components,M2-31,48131,81,9,Catalog photo,Verified,/assets/images/parts/manesty/pge-man-0681-upper-tamping-roll-pin-oem-48131.png
682,614,PGE-MAN-0682,Manesty,EXPRESS,BUSHING IN CARRIER,Pressure Rolls & Components,M2-310,48310,81,10,Catalog photo,Verified,/assets/images/parts/manesty/pge-man-0682-bushing-in-carrier-oem-48310.png
683,615,PGE-MAN-0683,Manesty,EXPRESS,PRECOMPRESSION DISC SPRING,Pressure Rolls & Components,M2-320,44320,81,11,Catalog photo,Verified,/assets/images/parts/manesty/pge-man-0683-precompression-disc-spring-oem-44320.png
684,616,PGE-MAN-0684,Manesty,EXPRESS,UPPER OR LOWER PRESSURE ROLL,Pressure Rolls & Components,M2-35,48135,81,12,Catalog photo,Verified,/assets/images/parts/manesty/pge-man-0684-upper-or-lower-pressure-roll-oem-48135.png
685,617,PGE-MAN-0685,Manesty,EXPRESS,ROLL PIN,Pressure Rolls & Components,M2-36,48136,81,13,Catalog photo,Verified,/assets/images/parts/manesty/pge-man-0685-roll-pin-oem-48136.png
686,618,PGE-MAN-0686,Manesty,EXPRESS,FULCRUM PIN,Pressure Rolls & Components,M2-37,481387,81,14,Catalog photo,Verified,/assets/images/parts/manesty/pge-man-0686-fulcrum-pin-oem-481387.png
687,619,PGE-MAN-0687,Manesty,EXPRESS,LOWER TAMPING ROLL PIN,Pressure Rolls & Components,M2-42,48542,81,15,Catalog photo,Verified,/assets/images/parts/manesty/pge-man-0687-lower-tamping-roll-pin-oem-48542.png
688,620,PGE-MAN-0688,Manesty,EXPRESS,TAMPING ROLL,Pressure Rolls & Components,M2-539,48539,82,1,Catalog photo,Verified,/assets/images/parts/manesty/pge-man-0688-tamping-roll-oem-48539.png
689,621,PGE-MAN-0689,Manesty,EXPRESS,TAMPING ROLL BUSHINGS,Pressure Rolls & Components,M2-54,48540,82,2,Catalog photo,Verified,/assets/images/parts/manesty/pge-man-0689-tamping-roll-bushings-oem-48540.png
690,622,PGE-MAN-0690,Manesty,EXPRESS,NEEDLE BEARING,Pressure Rolls & Components,M2-72,48372,82,3,Catalog photo,Verified,/assets/images/parts/manesty/pge-man-0690-needle-bearing-oem-48372.png
691,623,PGE-MAN-0691,Manesty,EXPRESS,THRUST WASHER,Pressure Rolls & Components,M2-73,48373,82,4,Catalog photo,Verified,/assets/images/parts/manesty/pge-man-0691-thrust-washer-oem-48373.png
692,624,PGE-MAN-0692,Manesty,EXPRESS,HOUSING WASHER,Pressure Rolls & Components,M2-74,48374,82,5,Catalog photo,Verified,/assets/images/parts/manesty/pge-man-0692-housing-washer-oem-48374.png
693,625,PGE-MAN-0693,Manesty,EXPRESS,PILLAR FOR CLAMP,Product Control,M-096,56096,82,6,Catalog photo,Verified,/assets/images/parts/manesty/pge-man-0693-pillar-for-clamp-oem-56096.png
694,626,PGE-MAN-0694,Manesty,EXPRESS,SPOKED HANDWHEEL 8”,Product Control,M-167,44167,82,7,Catalog photo,Verified,/assets/images/parts/manesty/pge-man-0694-spoked-handwheel-8-oem-44167.png
695,627,PGE-MAN-0695,Manesty,EXPRESS,LOCKING PIN,Product Control,M2-127,48127,82,8,Catalog photo,Verified,/assets/images/parts/manesty/pge-man-0695-locking-pin-oem-48127.png
696,628,PGE-MAN-0696,Manesty,EXPRESS,OUTPUT COUPLING,Product Control,M2-153,65153,82,9,Catalog photo,Verified,/assets/images/parts/manesty/pge-man-0696-output-coupling-oem-65153.png
697,629,PGE-MAN-0697,Manesty,EXPRESS,INNER DUST NOZZLE ADAPTOR,Product Control,M2-179,48179,82,10,Catalog photo,Verified,/assets/images/parts/manesty/pge-man-0697-inner-dust-nozzle-adaptor-oem-48179.png
698,630,PGE-MAN-0698,Manesty,EXPRESS,OUTER DUST NOZZLE,Product Control,M2-180,48180,82,11,Catalog photo,Verified,/assets/images/parts/manesty/pge-man-0698-outer-dust-nozzle-oem-48180.png
699,631,PGE-MAN-0699,Manesty,EXPRESS,DUST NOZZLE SCRAPER,Product Control,M2-181,48181,82,12,Catalog photo,Verified,/assets/images/parts/manesty/pge-man-0699-dust-nozzle-scraper-oem-48181.png
700,632,PGE-MAN-0700,Manesty,EXPRESS,FEEDER COVER SS,Product Control,M2-28/S,48628,82,13,Catalog photo,Verified,/assets/images/parts/manesty/pge-man-0700-feeder-cover-ss-oem-48628.png
701,633,PGE-MAN-0701,Manesty,EXPRESS,GASKET,Product Control,M2-29,48629,82,14,Catalog photo,Verified,/assets/images/parts/manesty/pge-man-0701-gasket-oem-48629.png
702,634,PGE-MAN-0702,Manesty,EXPRESS,HOPPER,Product Control,M2-301,48301,82,15,Catalog photo,Verified,/assets/images/parts/manesty/pge-man-0702-hopper-oem-48301.png
703,635,PGE-MAN-0703,Manesty,EXPRESS,HOPPER BRACKET STUD,Product Control,M2-301-1,N/A,83,1,Catalog photo,Verified,/assets/images/parts/manesty/pge-man-0703-hopper-bracket-stud-oem-n-a.png
704,636,PGE-MAN-0704,Manesty,EXPRESS,SCRAPER BLADE,Product Control,M2-40/B,48640,83,2,Catalog photo,Verified,/assets/images/parts/manesty/pge-man-0704-scraper-blade-oem-48640.png
705,637,PGE-MAN-0705,Manesty,EXPRESS,FEEDER MOTOR PLATE,Product Control,M2-466,48446,83,3,Catalog photo,Verified,/assets/images/parts/manesty/pge-man-0705-feeder-motor-plate-oem-48446.png
706,638,PGE-MAN-0706,Manesty,EXPRESS,COMPLETE NAMEPLATE SET,Product Control,M2-48,N/A,83,4,Catalog photo,Verified,/assets/images/parts/manesty/pge-man-0706-complete-nameplate-set-oem-n-a.png
707,639,PGE-MAN-0707,Manesty,EXPRESS,FEED FRAME,Product Control,M2-60,48600,83,5,Catalog photo,Verified,/assets/images/parts/manesty/pge-man-0707-feed-frame-oem-48600.png
708,640,PGE-MAN-0708,Manesty,EXPRESS,FEEDER MOTOR COLUMN,Product Control,M2-602,48602,83,6,Catalog photo,Verified,/assets/images/parts/manesty/pge-man-0708-feeder-motor-column-oem-48602.png
709,641,PGE-MAN-0709,Manesty,EXPRESS,COLUMN WITH FLAT FOR FEEDER,Product Control,M2-605,48605,83,7,Catalog photo,Verified,/assets/images/parts/manesty/pge-man-0709-column-with-flat-for-feeder-oem-48605.png
710,642,PGE-MAN-0710,Manesty,EXPRESS,COLUMN FOR FEEDER,Product Control,M2-606,48606,83,8,Catalog photo,Verified,/assets/images/parts/manesty/pge-man-0710-column-for-feeder-oem-48606.png
711,643,PGE-MAN-0711,Manesty,EXPRESS,RECIRCULATING BAND,Product Control,M2-608,48608,83,9,Catalog photo,Verified,/assets/images/parts/manesty/pge-man-0711-recirculating-band-oem-48608.png
712,644,PGE-MAN-0712,Manesty,EXPRESS,RECIRCULATING BAND STOP,Product Control,M2-610,48610,83,10,Catalog photo,Verified,/assets/images/parts/manesty/pge-man-0712-recirculating-band-stop-oem-48610.png
713,645,PGE-MAN-0713,Manesty,EXPRESS,GEAR PLATFORM - FEEDER,Product Control,M2-612,48612,83,11,Catalog photo,Verified,/assets/images/parts/manesty/pge-man-0713-gear-platform-feeder-oem-48612.png
714,646,PGE-MAN-0714,Manesty,EXPRESS,REAR POWDER BAND,Product Control,M2-616,48616,83,12,Catalog photo,Verified,/assets/images/parts/manesty/pge-man-0714-rear-powder-band-oem-48616.png
715,647,PGE-MAN-0715,Manesty,EXPRESS,REAR POWDER BAND STRIP,Product Control,M2-617,48617,83,13,Catalog photo,Verified,/assets/images/parts/manesty/pge-man-0715-rear-powder-band-strip-oem-48617.png
716,648,PGE-MAN-0716,Manesty,EXPRESS,FRONT POWDER BAND,Product Control,M2-619,48619,83,14,Catalog photo,Verified,/assets/images/parts/manesty/pge-man-0716-front-powder-band-oem-48619.png
717,649,PGE-MAN-0717,Manesty,EXPRESS,FRONT POWDER BAND STRIP,Product Control,M2-620,48620,83,15,Catalog photo,Verified,/assets/images/parts/manesty/pge-man-0717-front-powder-band-strip-oem-48620.png
718,650,PGE-MAN-0718,Manesty,EXPRESS,RECIRCULATING BAND SEAL,Product Control,M2-622,48622,84,1,Catalog photo,Verified,/assets/images/parts/manesty/pge-man-0718-recirculating-band-seal-oem-48622.png
719,651,PGE-MAN-0719,Manesty,EXPRESS,PIN FOR RECIRCULATING CHANNEL - NO THREADS,Product Control,M2-624,48624,84,2,Catalog photo,Verified,/assets/images/parts/manesty/pge-man-0719-pin-for-recirculating-channel-no-threads-oem-48624.png
720,652,PGE-MAN-0720,Manesty,EXPRESS,FEEDER INLET BOWL - PLASTIC,Product Control,M2-625,48625,84,3,Catalog photo,Verified,/assets/images/parts/manesty/pge-man-0720-feeder-inlet-bowl-plastic-oem-48625.png
721,653,PGE-MAN-0721,Manesty,EXPRESS,INLET CONNECTOR,Product Control,M2-627,48627,84,4,Catalog photo,Verified,/assets/images/parts/manesty/pge-man-0721-inlet-connector-oem-48627.png
722,654,PGE-MAN-0722,Manesty,EXPRESS,FEEDER DRIVE SHAFT,Product Control,M2-631,48631,84,5,Catalog photo,Verified,/assets/images/parts/manesty/pge-man-0722-feeder-drive-shaft-oem-48631.png
723,655,PGE-MAN-0723,Manesty,EXPRESS,FEEDER GEAR STUD,Product Control,M2-635,48635,84,6,Catalog photo,Verified,/assets/images/parts/manesty/pge-man-0723-feeder-gear-stud-oem-48635.png
724,656,PGE-MAN-0724,Manesty,EXPRESS,STUD IN INTERGEAR,Product Control,M2-637,48637,84,7,Catalog photo,Verified,/assets/images/parts/manesty/pge-man-0724-stud-in-intergear-oem-48637.png
725,657,PGE-MAN-0725,Manesty,EXPRESS,SCRAPER SUPPORT BRACKET,Product Control,M2-638,48638,84,8,Catalog photo,Verified,/assets/images/parts/manesty/pge-man-0725-scraper-support-bracket-oem-48638.png
726,658,PGE-MAN-0726,Manesty,EXPRESS,SCRAPER BRACKET ASSEMBLY - SS,Product Control,M2-638/AS,N/A,84,9,Catalog photo,Verified,/assets/images/parts/manesty/pge-man-0726-scraper-bracket-assembly-ss-oem-n-a.png
727,659,PGE-MAN-0727,Manesty,EXPRESS,SCRAPER BRACKET ASSEMBLY - BRONZE,Product Control,M2-638/AB,N/A,84,10,Catalog photo,Verified,/assets/images/parts/manesty/pge-man-0727-scraper-bracket-assembly-bronze-oem-n-a.png
728,660,PGE-MAN-0728,Manesty,EXPRESS,COVER OVER SCRAPER BRACKET,Product Control,M2-639,48639,84,11,Catalog photo,Verified,/assets/images/parts/manesty/pge-man-0728-cover-over-scraper-bracket-oem-48639.png
729,661,PGE-MAN-0729,Manesty,EXPRESS,SCRAPER BLADE-STAINLESS STEEL,Product Control,M2-640,48640,84,12,Catalog photo,Verified,/assets/images/parts/manesty/pge-man-0729-scraper-blade-stainless-steel-oem-48640.png
730,662,PGE-MAN-0730,Manesty,EXPRESS,SPRING ON SCRAPER PLATE,Product Control,M2-641,48641,84,13,Catalog photo,Verified,/assets/images/parts/manesty/pge-man-0730-spring-on-scraper-plate-oem-48641.png
731,663,PGE-MAN-0731,Manesty,EXPRESS,TAIL OVER DIE,Product Control,M2-642,48642,84,14,Catalog photo,Verified,/assets/images/parts/manesty/pge-man-0731-tail-over-die-oem-48642.png
732,664,PGE-MAN-0732,Manesty,EXPRESS,TAIL OVER DIE SPRING,Product Control,M2-643,48643,84,15,Catalog photo,Verified,/assets/images/parts/manesty/pge-man-0732-tail-over-die-spring-oem-48643.png
733,665,PGE-MAN-0733,Manesty,EXPRESS,PLATE UNDER FEEDER,Product Control,M2-644,48644,85,1,Catalog photo,Verified,/assets/images/parts/manesty/pge-man-0733-plate-under-feeder-oem-48644.png
734,666,PGE-MAN-0734,Manesty,EXPRESS,SCRAPER BLADE,Product Control,M2-645,48645,85,2,Catalog photo,Verified,/assets/images/parts/manesty/pge-man-0734-scraper-blade-oem-48645.png
735,667,PGE-MAN-0735,Manesty,EXPRESS,TAKE OFF PLATE,Product Control,M2-647,48647,85,3,Catalog photo,Verified,/assets/images/parts/manesty/pge-man-0735-take-off-plate-oem-48647.png
736,668,PGE-MAN-0736,Manesty,EXPRESS,GUIDE ON TAKE OFF PLATE,Product Control,M2-648,48648,85,4,Catalog photo,Verified,/assets/images/parts/manesty/pge-man-0736-guide-on-take-off-plate-oem-48648.png
737,669,PGE-MAN-0737,Manesty,EXPRESS,FIRST TAIL OVER DIE SPRING,Product Control,M2-650,48650,85,5,Catalog photo,Verified,/assets/images/parts/manesty/pge-man-0737-first-tail-over-die-spring-oem-48650.png
738,670,PGE-MAN-0738,Manesty,EXPRESS,COVER FOR INLET BOWLS,Product Control,M2-669,44669,85,6,Catalog photo,Verified,/assets/images/parts/manesty/pge-man-0738-cover-for-inlet-bowls-oem-44669.png
739,671,PGE-MAN-0739,Manesty,EXPRESS,DIRECT DRIVE FEEDER SHAFT,Product Control,M2-673,48673,85,7,Catalog photo,Verified,/assets/images/parts/manesty/pge-man-0739-direct-drive-feeder-shaft-oem-48673.png
740,672,PGE-MAN-0740,Manesty,EXPRESS,DIRECT DRIVE FEEDER SHAFT ADAPTER,Product Control,M2-673/1,N/A,85,8,Catalog photo,Verified,/assets/images/parts/manesty/pge-man-0740-direct-drive-feeder-shaft-adapter-oem-n-a.png
741,673,PGE-MAN-0741,Manesty,EXPRESS,DRIVE GEAR,Product Control,M2-820,48206,85,9,Catalog photo,Verified,/assets/images/parts/manesty/pge-man-0741-drive-gear-oem-48206.png
742,674,PGE-MAN-0742,Manesty,EXPRESS,FEEDER GEAR - STEEL,Product Control,M2-85T,48632,85,10,Catalog photo,Verified,/assets/images/parts/manesty/pge-man-0742-feeder-gear-steel-oem-48632.png
743,675,PGE-MAN-0743,Manesty,EXPRESS,FEEDER GEAR-FIBER,Product Control,M2-85T/F,48633,85,11,Catalog photo,Verified,/assets/images/parts/manesty/pge-man-0743-feeder-gear-fiber-oem-48633.png
744,676,PGE-MAN-0744,Manesty,EXPRESS,FEEDER INTER GEAR,Product Control,M-28T,39768,85,12,Catalog photo,Verified,/assets/images/parts/manesty/pge-man-0744-feeder-inter-gear-oem-39768.png
745,677,PGE-MAN-0745,Manesty,EXPRESS,FEEDER INTER GEAR-FIBER,Product Control,M-28T/F,39767,85,13,Catalog photo,Verified,/assets/images/parts/manesty/pge-man-0745-feeder-inter-gear-fiber-oem-39767.png
746,678,PGE-MAN-0746,Manesty,EXPRESS,ADJUSTMENT NUT,Product Control,M-295,42295,85,14,Catalog photo,Verified,/assets/images/parts/manesty/pge-man-0746-adjustment-nut-oem-42295.png
747,679,PGE-MAN-0747,Manesty,EXPRESS,ADJUSTMENT SCREW,Product Control,M-296,42296,85,15,Catalog photo,Verified,/assets/images/parts/manesty/pge-man-0747-adjustment-screw-oem-42296.png
748,680,PGE-MAN-0748,Manesty,EXPRESS,DUST BOX,Product Control,M4-03,N/A,86,1,Catalog photo,Verified,/assets/images/parts/manesty/pge-man-0748-dust-box-oem-n-a.png
749,681,PGE-MAN-0749,Manesty,EXPRESS,FEED FRAME LEVELING SCREW,Product Control,M-442,44442,86,2,Catalog photo,Verified,/assets/images/parts/manesty/pge-man-0749-feed-frame-leveling-screw-oem-44442.png
750,682,PGE-MAN-0750,Manesty,EXPRESS,FEED FRAME LEVELING SCREW NUT,Product Control,M-443,44443,86,3,Catalog photo,Verified,/assets/images/parts/manesty/pge-man-0750-feed-frame-leveling-screw-nut-oem-44443.png
751,683,PGE-MAN-0751,Manesty,EXPRESS,SPRING FOR SCRAPER BLADE,Product Control,M-450,44450,86,4,Catalog photo,Verified,/assets/images/parts/manesty/pge-man-0751-spring-for-scraper-blade-oem-44450.png
752,684,PGE-MAN-0752,Manesty,EXPRESS,LOCKSCREW ON INLET CLAMP,Product Control,M-460,44460,86,5,Catalog photo,Verified,/assets/images/parts/manesty/pge-man-0752-lockscrew-on-inlet-clamp-oem-44460.png
753,685,PGE-MAN-0753,Manesty,EXPRESS,SCREW FOR SCRAPER BLADE,Product Control,M-50,90350,86,6,Catalog photo,Verified,/assets/images/parts/manesty/pge-man-0753-screw-for-scraper-blade-oem-90350.png
754,686,PGE-MAN-0754,Manesty,EXPRESS,CLAMP ON INLET TUBE,Product Control,M-618,39618,86,7,Catalog photo,Verified,/assets/images/parts/manesty/pge-man-0754-clamp-on-inlet-tube-oem-39618.png
755,687,PGE-MAN-0755,Manesty,EXPRESS,BRACKET ON INLET BOWL,Product Control,M-619,39619,86,8,Catalog photo,Verified,/assets/images/parts/manesty/pge-man-0755-bracket-on-inlet-bowl-oem-39619.png
756,688,PGE-MAN-0756,Manesty,EXPRESS,PIN FOR RECIRCULATING CHANNEL - THREADED END,Product Control,M-624,48624,86,9,Catalog photo,Verified,/assets/images/parts/manesty/pge-man-0756-pin-for-recirculating-channel-threaded-end-oem-48624.png
757,689,PGE-MAN-0757,Manesty,EXPRESS,INLET CONNECTOR HINGE PLATE,Product Control,M-637,39637,86,10,Catalog photo,Verified,/assets/images/parts/manesty/pge-man-0757-inlet-connector-hinge-plate-oem-39637.png
758,690,PGE-MAN-0758,Manesty,EXPRESS,INLET CONNECTOR GASKET,Product Control,M-638,39638,86,11,Catalog photo,Verified,/assets/images/parts/manesty/pge-man-0758-inlet-connector-gasket-oem-39638.png
759,691,PGE-MAN-0759,Manesty,EXPRESS,LOCK NUT ON HINGE PLATE,Product Control,M-640,39640,86,12,Catalog photo,Verified,/assets/images/parts/manesty/pge-man-0759-lock-nut-on-hinge-plate-oem-39640.png
760,692,PGE-MAN-0760,Manesty,EXPRESS,HOPPER CONNECTOR,Product Control,M-642,39642,86,13,Catalog photo,Verified,/assets/images/parts/manesty/pge-man-0760-hopper-connector-oem-39642.png
761,693,PGE-MAN-0761,Manesty,EXPRESS,FLANGED BUSHING - OILITE,Product Control,M-70,39770,86,14,Catalog photo,Verified,/assets/images/parts/manesty/pge-man-0761-flanged-bushing-oilite-oem-39770.png
762,694,PGE-MAN-0762,Manesty,EXPRESS,SEAL - PADDLE SHAFT,Product Control,M-71,39771,86,15,Catalog photo,Verified,/assets/images/parts/manesty/pge-man-0762-seal-paddle-shaft-oem-39771.png
763,695,PGE-MAN-0763,Manesty,EXPRESS,FEEDER DETENT ASSEMBLY,Product Control,M-763/A,39763A,87,1,Catalog photo,Verified,/assets/images/parts/manesty/pge-man-0763-feeder-detent-assembly-oem-39763a.png
764,696,PGE-MAN-0764,Manesty,EXPRESS,BAFFLE,Product Control,M-784,39784,87,2,Catalog photo,Verified,/assets/images/parts/manesty/pge-man-0764-baffle-oem-39784.png
765,697,PGE-MAN-0765,Manesty,EXPRESS,FEEDER PADDLE DELRIN- SMALL,Product Control,M-797,39797,87,3,Catalog photo,Verified,/assets/images/parts/manesty/pge-man-0765-feeder-paddle-delrin-small-oem-39797.png
766,698,PGE-MAN-0766,Manesty,EXPRESS,FEEDER PADDLE SS - SMALL,Product Control,M-797/SS,N/A,87,4,Catalog photo,Verified,/assets/images/parts/manesty/pge-man-0766-feeder-paddle-ss-small-oem-n-a.png
767,699,PGE-MAN-0767,Manesty,EXPRESS,FEEDER PADDLE SS - ROUND,Product Control,M-797/SS/1,N/A,87,5,Catalog photo,Verified,/assets/images/parts/manesty/pge-man-0767-feeder-paddle-ss-round-oem-n-a.png
768,700,PGE-MAN-0768,Manesty,EXPRESS,FEEDER PADDLE DELRIN - LARGE,Product Control,M-798,39798,87,6,Catalog photo,Verified,/assets/images/parts/manesty/pge-man-0768-feeder-paddle-delrin-large-oem-39798.png
769,701,PGE-MAN-0769,Manesty,EXPRESS,FEEDER PADDLE - LARGE,Product Control,M-798/SS,N/A,87,7,Catalog photo,Verified,/assets/images/parts/manesty/pge-man-0769-feeder-paddle-large-oem-n-a.png
770,702,PGE-MAN-0770,Manesty,EXPRESS,FINGERS-FEEDER PADDLE DELRIN - LARGE,Product Control,M-798-1,N/A,87,8,Catalog photo,Verified,/assets/images/parts/manesty/pge-man-0770-fingers-feeder-paddle-delrin-large-oem-n-a.png
778,703,PGE-MAN-0778,Manesty,EXPRESS,RISER FOR SS FEEDER COVER,Product Control,NP-269,N/A,88,1,Catalog photo,Verified,/assets/images/parts/manesty/pge-man-0778-riser-for-ss-feeder-cover-oem-n-a.png
781,704,PGE-MAN-0781,Manesty,EXPRESS,ADJUSTING HANDLE,Thickness/Hardness Components,NP-AH1,48187,88,4,Catalog photo,Verified,/assets/images/parts/manesty/pge-man-0781-adjusting-handle-oem-48187.png
782,705,PGE-MAN-0782,Manesty,EXPRESS,DIE LOCK SCREW,Turret Hardware,DL-100/2,38266,88,5,Catalog photo,Verified,/assets/images/parts/manesty/pge-man-0782-die-lock-screw-oem-38266.png
783,706,PGE-MAN-0783,Manesty,EXPRESS,DIE LOCK SCREW,Turret Hardware,DL-112/1,48157,88,6,Catalog photo,Verified,/assets/images/parts/manesty/pge-man-0783-die-lock-screw-oem-48157.png
784,707,PGE-MAN-0784,Manesty,EXPRESS,DIE LOCK SCREW,Turret Hardware,DL-87/3,48155,88,7,Catalog photo,Verified,/assets/images/parts/manesty/pge-man-0784-die-lock-screw-oem-48155.png
785,708,PGE-MAN-0785,Manesty,EXPRESS,SPACER ON COLUMN,Turret Hardware,M2-101,48101,88,8,Catalog photo,Verified,/assets/images/parts/manesty/pge-man-0785-spacer-on-column-oem-48101.png
786,709,PGE-MAN-0786,Manesty,EXPRESS,COLUMN BUSH,Turret Hardware,M2-309,48309,88,9,Catalog photo,Verified,/assets/images/parts/manesty/pge-man-0786-column-bush-oem-48309.png
787,710,PGE-MAN-0787,Manesty,EXPRESS,ADAPTER FOR TAPER LOCK,Turret Hardware,M2-317,48317,88,10,Catalog photo,Verified,/assets/images/parts/manesty/pge-man-0787-adapter-for-taper-lock-oem-48317.png
788,711,PGE-MAN-0788,Manesty,EXPRESS,TAPER LOCK BUSHING,Turret Hardware,M2-318,48318,88,11,Catalog photo,Verified,/assets/images/parts/manesty/pge-man-0788-taper-lock-bushing-oem-48318.png
789,712,PGE-MAN-0789,Manesty,EXPRESS,THRUST BEARING,Turret Hardware,M-348,44348,88,12,Catalog photo,Verified,/assets/images/parts/manesty/pge-man-0789-thrust-bearing-oem-44348.png
790,713,PGE-MAN-0790,Manesty,EXPRESS,LOWER PUNCH RETAINER SCREW,Turret Hardware,M-69,39690,88,13,Catalog photo,Verified,/assets/images/parts/manesty/pge-man-0790-lower-punch-retainer-screw-oem-39690.png
791,714,PGE-MAN-0791,Manesty,EXPRESS,PUNCH HOLDING PLUG,Turret Hardware,MB2-63,48163,88,14,Catalog photo,Verified,/assets/images/parts/manesty/pge-man-0791-punch-holding-plug-oem-48163.png
792,715,PGE-MAN-0792,Manesty,EXPRESS,RETAINING SPRING,Turret Hardware,MD2-61,48161,88,15,Catalog photo,Verified,/assets/images/parts/manesty/pge-man-0792-retaining-spring-oem-48161.png
793,716,PGE-MAN-0793,Manesty,EXPRESS,PUNCH HOLDING PLUG,Turret Hardware,MD2-62,48162,89,1,Catalog photo,Verified,/assets/images/parts/manesty/pge-man-0793-punch-holding-plug-oem-48162.png
794,717,PGE-MAN-0794,Manesty,EXPRESS,LOWER PUNCH SCRAPER SEAL - ‘D’,Turret Hardware,N-100,42216,89,2,Catalog photo,Verified,/assets/images/parts/manesty/pge-man-0794-lower-punch-scraper-seal-d-oem-42216.png
795,718,PGE-MAN-0795,Manesty,EXPRESS,SEAL INSTALLATION TOOL- ‘D’,Turret Hardware,N-100/1,N/A,89,3,Catalog photo,Verified,/assets/images/parts/manesty/pge-man-0795-seal-installation-tool-d-oem-n-a.png
796,719,PGE-MAN-0796,Manesty,EXPRESS,LOWER PUNCH SCRAPER SEAL ‘B’,Turret Hardware,N-750,44143,89,4,Catalog photo,Verified,/assets/images/parts/manesty/pge-man-0796-lower-punch-scraper-seal-b-oem-44143.png
797,720,PGE-MAN-0797,Manesty,EXPRESS,SEAL INSTALLATION TOOL - ’B’,Turret Hardware,N-750/1,N/A,89,5,Catalog photo,Verified,/assets/images/parts/manesty/pge-man-0797-seal-installation-tool-b-oem-n-a.png
798,721,PGE-MAN-0798,Manesty,EXPRESS,RETAINING SPRING,Turret Hardware,MB2-4,37204,89,6,Catalog photo,Verified,/assets/images/parts/manesty/pge-man-0798-retaining-spring-oem-37204.png
799,722,PGE-MAN-0799,Manesty,EXPRESS,25 STATION TURRET ASSEMBLY*,Turrets,M2-25T/A,48003,89,7,Catalog photo,Verified,/assets/images/parts/manesty/pge-man-0799-25-station-turret-assembly-oem-48003.png
800,723,PGE-MAN-0800,Manesty,EXPRESS,30 STATION TURRET ASSEMBLY*,Turrets,M2-30T/A,48004,89,8,Catalog photo,Verified,/assets/images/parts/manesty/pge-man-0800-30-station-turret-assembly-oem-48004.png
801,724,PGE-MAN-0801,Manesty,EXPRESS,20 STATION TURRET ASSEMBLY*,Turrets,M2-20T/A,48002,89,9,Catalog photo,Verified,/assets/images/parts/manesty/pge-man-0801-20-station-turret-assembly-oem-48002.png
802,725,PGE-MAN-0802,Manesty,EXPRESS,LOW LEVEL CAM TRACK EU & IPT D,Upper Cam Tracks,M2-501,48501,89,10,Catalog photo,Verified,/assets/images/parts/manesty/pge-man-0802-low-level-cam-track-eu-ipt-d-oem-48501.png
803,726,PGE-MAN-0803,Manesty,EXPRESS,HIGH LEVEL CAM TRACK EU & IPT D,Upper Cam Tracks,M2-502,48502,89,11,Catalog photo,Verified,/assets/images/parts/manesty/pge-man-0803-high-level-cam-track-eu-ipt-d-oem-48502.png
804,727,PGE-MAN-0804,Manesty,EXPRESS,UPPER LOWERING CAM - EU & IPT D,Upper Cam Tracks,M2-503,48503,89,12,Catalog photo,Verified,/assets/images/parts/manesty/pge-man-0804-upper-lowering-cam-eu-ipt-d-oem-48503.png
805,728,PGE-MAN-0805,Manesty,EXPRESS,UPPER LIFTING CAM - EU & IPT D,Upper Cam Tracks,M2-504,48504,89,13,Catalog photo,Verified,/assets/images/parts/manesty/pge-man-0805-upper-lifting-cam-eu-ipt-d-oem-48504.png
806,729,PGE-MAN-0806,Manesty,EXPRESS,INSERT IN HIGH LEVEL CAM - EU & IPT D,Upper Cam Tracks,M2-505,48505,89,14,Catalog photo,Verified,/assets/images/parts/manesty/pge-man-0806-insert-in-high-level-cam-eu-ipt-d-oem-48505.png
807,730,PGE-MAN-0807,Manesty,EXPRESS,LOW LEVEL CAM TRACK- EU B,Upper Cam Tracks,M2-512,48512,89,15,Catalog photo,Verified,/assets/images/parts/manesty/pge-man-0807-low-level-cam-track-eu-b-oem-48512.png
808,731,PGE-MAN-0808,Manesty,EXPRESS,INSERT IN HIGH LEVEL CAM TRACK - EU B,Upper Cam Tracks,M2-516,48516,90,1,Catalog photo,Verified,/assets/images/parts/manesty/pge-man-0808-insert-in-high-level-cam-track-eu-b-oem-48516.png
809,732,PGE-MAN-0809,Manesty,EXPRESS,INSERT TOP PLATE,Upper Cam Tracks,M2-521,48521,90,2,Catalog photo,Verified,/assets/images/parts/manesty/pge-man-0809-insert-top-plate-oem-48521.png
810,733,PGE-MAN-0810,Manesty,EXPRESS,LOW LEVEL CAM TRACK IPT B,Upper Cam Tracks,M2-555,48555,90,3,Catalog photo,Verified,/assets/images/parts/manesty/pge-man-0810-low-level-cam-track-ipt-b-oem-48555.png
811,734,PGE-MAN-0811,Manesty,EXPRESS,HIGH LEVEL CAM TRACK ASSEMBLY - IPT B,Upper Cam Tracks,M2-556,48556,90,4,Catalog photo,Verified,/assets/images/parts/manesty/pge-man-0811-high-level-cam-track-assembly-ipt-b-oem-48556.png
812,735,PGE-MAN-0812,Manesty,EXPRESS,INSERT IN HIGH LEVEL CAM - IPT B,Upper Cam Tracks,M2-557,48557,90,5,Catalog photo,Verified,/assets/images/parts/manesty/pge-man-0812-insert-in-high-level-cam-ipt-b-oem-48557.png
813,736,PGE-MAN-0813,Manesty,EXPRESS,UPPER LOWERING CAM - IPT B,Upper Cam Tracks,M2-558,48558,90,6,Catalog photo,Verified,/assets/images/parts/manesty/pge-man-0813-upper-lowering-cam-ipt-b-oem-48558.png
814,737,PGE-MAN-0814,Manesty,EXPRESS,UPPER LIFTING CAM - IPT B,Upper Cam Tracks,M2-559,48559,90,7,Catalog photo,Verified,/assets/images/parts/manesty/pge-man-0814-upper-lifting-cam-ipt-b-oem-48559.png
815,738,PGE-MAN-0815,Manesty,EXPRESS,KNOCK DOWN PLATE,Upper Cam Tracks,M2-603,48603,90,8,Catalog photo,Verified,/assets/images/parts/manesty/pge-man-0815-knock-down-plate-oem-48603.png
816,739,PGE-MAN-0816,Manesty,EXPRESS,WEIGHT ADJ. RAMP,Weight Adjusting Components,M2-33,48533,90,9,Catalog photo,Verified,/assets/images/parts/manesty/pge-man-0816-weight-adj-ramp-oem-48533.png
817,740,PGE-MAN-0817,Manesty,EXPRESS,PULL DOWN CAM ON WEIGHT ADJUSTING - EU ‘B,Weight Adjusting Components,M2-522,48522,90,10,Catalog photo,Verified,/assets/images/parts/manesty/pge-man-0817-pull-down-cam-on-weight-adjusting-eu-b-oem-48522.png
818,741,PGE-MAN-0818,Manesty,EXPRESS,PULL DOWN CAM ON WEIGHT ADJUSTING - EU D,Weight Adjusting Components,M2-524,48524,90,11,Catalog photo,Verified,/assets/images/parts/manesty/pge-man-0818-pull-down-cam-on-weight-adjusting-eu-d-oem-48524.png
819,742,PGE-MAN-0819,Manesty,EXPRESS,PULL DOWN CAM ON WEIGHT ADJUSTING - IPT B,Weight Adjusting Components,M2-525,48525,90,12,Catalog photo,Verified,/assets/images/parts/manesty/pge-man-0819-pull-down-cam-on-weight-adjusting-ipt-b-oem-48525.png
820,743,PGE-MAN-0820,Manesty,EXPRESS,BALL CATCH,Weight Adjusting Components,M-254,38254,90,13,Catalog photo,Verified,/assets/images/parts/manesty/pge-man-0820-ball-catch-oem-38254.png
821,744,PGE-MAN-0821,Manesty,EXPRESS,PULL DOWN CAM ON WEIGHT ADJUSTING - IPT D,Weight Adjusting Components,M2-541,48541,90,14,Catalog photo,Verified,/assets/images/parts/manesty/pge-man-0821-pull-down-cam-on-weight-adjusting-ipt-d-oem-48541.png
822,745,PGE-MAN-0822,Manesty,EXPRESS,FLIGHT CONTROL CAM - EU B,Weight Adjusting Components,M2-863,48863,90,15,Catalog photo,Verified,/assets/images/parts/manesty/pge-man-0822-flight-control-cam-eu-b-oem-48863.png
823,746,PGE-MAN-0823,Manesty,EXPRESS,FLIGHT CONTROL CAM - EU D,Weight Adjusting Components,M2-864,48864,91,1,Catalog photo,Verified,/assets/images/parts/manesty/pge-man-0823-flight-control-cam-eu-d-oem-48864.png
824,747,PGE-MAN-0824,Manesty,EXPRESS,FLIGHT CONTROL CAM - IPT B,Weight Adjusting Components,M2-865,48865,91,2,Catalog photo,Verified,/assets/images/parts/manesty/pge-man-0824-flight-control-cam-ipt-b-oem-48865.png
825,748,PGE-MAN-0825,Manesty,EXPRESS,FLIGHT CONTROL CAM - IPT D,Weight Adjusting Components,M2-866,48866,91,3,Catalog photo,Verified,/assets/images/parts/manesty/pge-man-0825-flight-control-cam-ipt-d-oem-48866.png
826,749,PGE-MAN-0826,Manesty,LAYERPRESS,INSIDE BEARING FOR HANDWHEEL SIDE,Drive Components,ML-200,N/A,92,1,Catalog photo,Verified,/assets/images/parts/manesty/pge-man-0826-inside-bearing-for-handwheel-side-oem-n-a.png
827,750,PGE-MAN-0827,Manesty,LAYERPRESS,OUTER BEARING FOR WORMSHAFT,Drive Components,ML-201,N/A,92,2,Catalog photo,Verified,/assets/images/parts/manesty/pge-man-0827-outer-bearing-for-wormshaft-oem-n-a.png
831,751,PGE-MAN-0831,Manesty,LAYERPRESS,LOWERING CAM - 10MM FILL - LUBRICATED,Lower Cam Tracks,ML-048/L-10,40048,92,6,Catalog photo,Verified,/assets/images/parts/manesty/pge-man-0831-lowering-cam-10mm-fill-lubricated-oem-40048.png
832,752,PGE-MAN-0832,Manesty,LAYERPRESS,EJECTION CAM - BRONZE,Lower Cam Tracks,ML-2/B,40047,92,7,Catalog photo,Verified,/assets/images/parts/manesty/pge-man-0832-ejection-cam-bronze-oem-40047.png
833,753,PGE-MAN-0833,Manesty,LAYERPRESS,LOWERING CAM,Lower Cam Tracks,ML-048,40048,92,8,Catalog photo,Verified,/assets/images/parts/manesty/pge-man-0833-lowering-cam-oem-40048.png
834,754,PGE-MAN-0834,Manesty,LAYERPRESS,LOWERING CAM - DEEP FILL,Lower Cam Tracks,ML-048/DF,N/A,92,9,Catalog photo,Verified,/assets/images/parts/manesty/pge-man-0834-lowering-cam-deep-fill-oem-n-a.png
835,755,PGE-MAN-0835,Manesty,LAYERPRESS,LOWERING CAM - SHALLOW FILL,Lower Cam Tracks,ML-048/SF,N/A,92,10,Catalog photo,Verified,/assets/images/parts/manesty/pge-man-0835-lowering-cam-shallow-fill-oem-n-a.png
836,756,PGE-MAN-0836,Manesty,LAYERPRESS,BUSH IN ROLL,Pressure Rolls & Components,M-20,40120,92,11,Catalog photo,Verified,/assets/images/parts/manesty/pge-man-0836-bush-in-roll-oem-40120.png
837,757,PGE-MAN-0837,Manesty,LAYERPRESS,UPPER TAMPING ROLL,Pressure Rolls & Components,ML-106,40106,92,12,Catalog photo,Verified,/assets/images/parts/manesty/pge-man-0837-upper-tamping-roll-oem-40106.png
838,758,PGE-MAN-0838,Manesty,LAYERPRESS,UPPER TAMPING ROLLER PIN - LUBRICATED,Pressure Rolls & Components,ML-107/1,N/A,92,13,Catalog photo,Verified,/assets/images/parts/manesty/pge-man-0838-upper-tamping-roller-pin-lubricated-oem-n-a.png
839,759,PGE-MAN-0839,Manesty,LAYERPRESS,PIN IN LOWER ROLL CARRIER,Pressure Rolls & Components,ML-116,40116,92,14,Catalog photo,Verified,/assets/images/parts/manesty/pge-man-0839-pin-in-lower-roll-carrier-oem-40116.png
840,760,PGE-MAN-0840,Manesty,LAYERPRESS,PIN IN ROLL CARRIER,Pressure Rolls & Components,ML-117,40117,92,15,Catalog photo,Verified,/assets/images/parts/manesty/pge-man-0840-pin-in-roll-carrier-oem-40117.png
841,761,PGE-MAN-0841,Manesty,LAYERPRESS,UPPER OR LOWER ROLL PIN,Pressure Rolls & Components,ML-15,40119,93,1,Catalog photo,Verified,/assets/images/parts/manesty/pge-man-0841-upper-or-lower-roll-pin-oem-40119.png
842,762,PGE-MAN-0842,Manesty,LAYERPRESS,LOWER TAMPING ROLL,Pressure Rolls & Components,ML-151,40151,93,2,Catalog photo,Verified,/assets/images/parts/manesty/pge-man-0842-lower-tamping-roll-oem-40151.png
843,763,PGE-MAN-0843,Manesty,LAYERPRESS,LOWER TAMPING ROLLER PIN - LUBRICATED,Pressure Rolls & Components,ML-152/1,N/A,93,3,Catalog photo,Verified,/assets/images/parts/manesty/pge-man-0843-lower-tamping-roller-pin-lubricated-oem-n-a.png
844,764,PGE-MAN-0844,Manesty,LAYERPRESS,SPRING IN TAMPING ROLL,Pressure Rolls & Components,ML-214,40214,93,4,Catalog photo,Verified,/assets/images/parts/manesty/pge-man-0844-spring-in-tamping-roll-oem-40214.png
845,765,PGE-MAN-0845,Manesty,LAYERPRESS,PRESSURE ROLL,Pressure Rolls & Components,ML-75,N/A,93,5,Catalog photo,Verified,/assets/images/parts/manesty/pge-man-0845-pressure-roll-oem-n-a.png
849,766,PGE-MAN-0849,Manesty,LAYERPRESS,LOWER TAMPING ROLLER PIN,Pressure Rolls & Components,ML-152,40152,93,9,Catalog photo,Verified,/assets/images/parts/manesty/pge-man-0849-lower-tamping-roller-pin-oem-40152.png
853,767,PGE-MAN-0853,Manesty,LAYERPRESS,UPPER TAMPING ROLLER PIN,Pressure Rolls & Components,ML-107,40107,93,13,Catalog photo,Verified,/assets/images/parts/manesty/pge-man-0853-upper-tamping-roller-pin-oem-40107.png
854,768,PGE-MAN-0854,Manesty,LAYERPRESS,FIBER GEAR FOR FEEDER,Product Control,ML-279,40279,93,14,Catalog photo,Verified,/assets/images/parts/manesty/pge-man-0854-fiber-gear-for-feeder-oem-40279.png
855,769,PGE-MAN-0855,Manesty,LAYERPRESS,HOPPER,Product Control,ML-589,40589,93,15,Catalog photo,Verified,/assets/images/parts/manesty/pge-man-0855-hopper-oem-40589.png
857,770,PGE-MAN-0857,Manesty,LAYERPRESS,DIE LOCK SCREW,Turret Hardware,DL-62/2,"45423, 11203011",94,2,Catalog photo,Verified,/assets/images/parts/manesty/pge-man-0857-die-lock-screw-oem-45423-11203011.png
858,771,PGE-MAN-0858,Manesty,LAYERPRESS,DIE LOCK SCREW,Turret Hardware,DL-67,N/A,94,3,Catalog photo,Verified,/assets/images/parts/manesty/pge-man-0858-die-lock-screw-oem-n-a.png
859,772,PGE-MAN-0859,Manesty,LAYERPRESS,DIE LOCK SCREW,Turret Hardware,DL-75/1,"45424, 11203012",94,4,Catalog photo,Verified,/assets/images/parts/manesty/pge-man-0859-die-lock-screw-oem-45424-11203012.png
860,773,PGE-MAN-0860,Manesty,LAYERPRESS,ENGAGING CONE,Turret Hardware,M-149/1,N/A,94,5,Catalog photo,Verified,/assets/images/parts/manesty/pge-man-0860-engaging-cone-oem-n-a.png
861,774,PGE-MAN-0861,Manesty,LAYERPRESS,PUNCH HOLDING PLUG,Turret Hardware,M-331,39331,94,6,Catalog photo,Verified,/assets/images/parts/manesty/pge-man-0861-punch-holding-plug-oem-39331.png
862,775,PGE-MAN-0862,Manesty,LAYERPRESS,LOWER PUNCH RETAINER SCREW,Turret Hardware,M-69,39690,94,7,Catalog photo,Verified,/assets/images/parts/manesty/pge-man-0862-lower-punch-retainer-screw-oem-39690.png
863,776,PGE-MAN-0863,Manesty,LAYERPRESS,COLUMN BUSHING,Turret Hardware,ML-028,40028,94,8,Catalog photo,Verified,/assets/images/parts/manesty/pge-man-0863-column-bushing-oem-40028.png
864,777,PGE-MAN-0864,Manesty,LAYERPRESS,LOWER PUNCH SCRAPER SEAL - ‘B’,Turret Hardware,N-750,44143,94,9,Catalog photo,Verified,/assets/images/parts/manesty/pge-man-0864-lower-punch-scraper-seal-b-oem-44143.png
865,778,PGE-MAN-0865,Manesty,LAYERPRESS,SEAL INSTALLATION TOOL - ’B’,Turret Hardware,N-750/1,N/A,94,10,Catalog photo,Verified,/assets/images/parts/manesty/pge-man-0865-seal-installation-tool-b-oem-n-a.png
867,779,PGE-MAN-0867,Manesty,LAYERPRESS,LOWER PUNCH RETAINER SPRING,Turret Hardware,SP-249,39249,94,12,Catalog photo,Verified,/assets/images/parts/manesty/pge-man-0867-lower-punch-retainer-spring-oem-39249.png
868,780,PGE-MAN-0868,Manesty,LAYERPRESS,39 STATION TURRET ASSEMBLY*,Turrets,ML-39T,N/A,94,13,Catalog photo,Verified,/assets/images/parts/manesty/pge-man-0868-39-station-turret-assembly-oem-n-a.png
869,781,PGE-MAN-0869,Manesty,LAYERPRESS,UPPER CAM TRACK,Upper Cam Tracks,ML-29,40029,94,14,Catalog photo,Verified,/assets/images/parts/manesty/pge-man-0869-upper-cam-track-oem-40029.png
870,782,PGE-MAN-0870,Manesty,MKI,OIL SEAL,Drive Components,M1-009,492009,95,1,Catalog photo,Verified,/assets/images/parts/manesty/pge-man-0870-oil-seal-oem-492009.png
871,783,PGE-MAN-0871,Manesty,MKI,BEARING,Drive Components,M1-060,16060,95,2,Catalog photo,Verified,/assets/images/parts/manesty/pge-man-0871-bearing-oem-16060.png
872,784,PGE-MAN-0872,Manesty,MKI,SPINDLE FOR CLUTCH LEVER,Drive Components,M1-062,39062,95,3,Catalog photo,Verified,/assets/images/parts/manesty/pge-man-0872-spindle-for-clutch-lever-oem-39062.png
873,785,PGE-MAN-0873,Manesty,MKI,THRUST BEARING,Drive Components,M1-155,39155,95,4,Catalog photo,Verified,/assets/images/parts/manesty/pge-man-0873-thrust-bearing-oem-39155.png
874,786,PGE-MAN-0874,Manesty,MKI,ROLLER BEARING,Drive Components,M1-157,39157,95,5,Catalog photo,Verified,/assets/images/parts/manesty/pge-man-0874-roller-bearing-oem-39157.png
875,787,PGE-MAN-0875,Manesty,MKI,NEEDLE BEARING,Drive Components,M1-158,39158,95,6,Catalog photo,Verified,/assets/images/parts/manesty/pge-man-0875-needle-bearing-oem-39158.png
876,788,PGE-MAN-0876,Manesty,MKI,BOSS FOR CLUTCH LEVER,Drive Components,M1-340,36340,95,7,Catalog photo,Verified,/assets/images/parts/manesty/pge-man-0876-boss-for-clutch-lever-oem-36340.png
877,789,PGE-MAN-0877,Manesty,MKI,ENGAGING CONE,Drive Components,M-149/1,N/A,95,8,Catalog photo,Verified,/assets/images/parts/manesty/pge-man-0877-engaging-cone-oem-n-a.png
878,790,PGE-MAN-0878,Manesty,MKI,V/S - BELT,Drive Components,M1-57,45157,95,9,Catalog photo,Verified,/assets/images/parts/manesty/pge-man-0878-v-s-belt-oem-45157.png
879,791,PGE-MAN-0879,Manesty,MKI,V- BELT,Drive Components,M1-59,39159,95,10,Catalog photo,Verified,/assets/images/parts/manesty/pge-man-0879-v-belt-oem-39159.png
880,792,PGE-MAN-0880,Manesty,MKI,BUSHING FOR MOTOR MOUNT SHAFT,Drive Components,M1-64/A,N/A,95,11,Catalog photo,Verified,/assets/images/parts/manesty/pge-man-0880-bushing-for-motor-mount-shaft-oem-n-a.png
881,793,PGE-MAN-0881,Manesty,MKI,BEARING,Drive Components,M1-659,92659,95,12,Catalog photo,Verified,/assets/images/parts/manesty/pge-man-0881-bearing-oem-92659.png
882,794,PGE-MAN-0882,Manesty,MKI,BEARING,Drive Components,M-647,92647,95,13,Catalog photo,Verified,/assets/images/parts/manesty/pge-man-0882-bearing-oem-92647.png
883,795,PGE-MAN-0883,Manesty,MKI,CLUTCH PAD,Drive Components,M1-8,36388,95,14,Catalog photo,Verified,/assets/images/parts/manesty/pge-man-0883-clutch-pad-oem-36388.png
884,796,PGE-MAN-0884,Manesty,MKI,CATCH FOR SPRING CLIP,Guarding,M1-136,39136,95,15,Catalog photo,Verified,/assets/images/parts/manesty/pge-man-0884-catch-for-spring-clip-oem-39136.png
885,797,PGE-MAN-0885,Manesty,MKI,SPRING CLIP FOR DOOR CATCH,Guarding,M1-193,39193,96,1,Catalog photo,Verified,/assets/images/parts/manesty/pge-man-0885-spring-clip-for-door-catch-oem-39193.png
886,798,PGE-MAN-0886,Manesty,MKI,GUARD OVER GEARS,Guarding,M1-775,39775,96,2,Catalog photo,Verified,/assets/images/parts/manesty/pge-man-0886-guard-over-gears-oem-39775.png
887,799,PGE-MAN-0887,Manesty,MKI,STUD FOR GUARD AND OIL TRAY,Guarding,M-22,39122,96,3,Catalog photo,Verified,/assets/images/parts/manesty/pge-man-0887-stud-for-guard-and-oil-tray-oem-39122.png
888,800,PGE-MAN-0888,Manesty,MKI,STUD FOR GUARD,Guarding,M-779,39779,96,4,Catalog photo,Verified,/assets/images/parts/manesty/pge-man-0888-stud-for-guard-oem-39779.png
891,801,PGE-MAN-0891,Manesty,MKI,GUARD FOR LOWER CAM TRACKS,Guarding,M1-317,39317,96,7,Catalog photo,Verified,/assets/images/parts/manesty/pge-man-0891-guard-for-lower-cam-tracks-oem-39317.png
892,802,PGE-MAN-0892,Manesty,MKI,END PLATE PRESSURE CYLINDER,Hydraulic & Lubrication Components,M-057,390571,96,8,Catalog photo,Verified,/assets/images/parts/manesty/pge-man-0892-end-plate-pressure-cylinder-oem-390571.png
893,803,PGE-MAN-0893,Manesty,MKI,COLLAR ON LOWER PRESS LINK,Hydraulic & Lubrication Components,M-078,45078,96,9,Catalog photo,Verified,/assets/images/parts/manesty/pge-man-0893-collar-on-lower-press-link-oem-45078.png
894,804,PGE-MAN-0894,Manesty,MKI,PLATE ON COLLAR,Hydraulic & Lubrication Components,M-080,45080,96,10,Catalog photo,Verified,/assets/images/parts/manesty/pge-man-0894-plate-on-collar-oem-45080.png
895,805,PGE-MAN-0895,Manesty,MKI,O-RING KIT FOR PRESSURE CYLINDER,Hydraulic & Lubrication Components,M1-01,N/A,96,11,Catalog photo,Verified,/assets/images/parts/manesty/pge-man-0895-o-ring-kit-for-pressure-cylinder-oem-n-a.png
896,806,PGE-MAN-0896,Manesty,MKI,NUT-BOTTOM PRESSURE LINK,Hydraulic & Lubrication Components,M1-076,390761,96,12,Catalog photo,Verified,/assets/images/parts/manesty/pge-man-0896-nut-bottom-pressure-link-oem-390761.png
897,807,PGE-MAN-0897,Manesty,MKI,ADAPTER BUSHING FOR GEAR ON PUMP,Hydraulic & Lubrication Components,M1-079,39079,96,13,Catalog photo,Verified,/assets/images/parts/manesty/pge-man-0897-adapter-bushing-for-gear-on-pump-oem-39079.png
898,808,PGE-MAN-0898,Manesty,MKI,PRESSURE CYLINDER,Hydraulic & Lubrication Components,M1-085,390851,96,14,Catalog photo,Verified,/assets/images/parts/manesty/pge-man-0898-pressure-cylinder-oem-390851.png
899,809,PGE-MAN-0899,Manesty,MKI,PISTON IN ACCUMULATOR,Hydraulic & Lubrication Components,M1-120,39120,96,15,Catalog photo,Verified,/assets/images/parts/manesty/pge-man-0899-piston-in-accumulator-oem-39120.png
900,810,PGE-MAN-0900,Manesty,MKI,PISTON IN PRESSURE CYLINDER,Hydraulic & Lubrication Components,M1-121,39121,97,1,Catalog photo,Verified,/assets/images/parts/manesty/pge-man-0900-piston-in-pressure-cylinder-oem-39121.png
901,811,PGE-MAN-0901,Manesty,MKI,GEAR ON PUMP,Hydraulic & Lubrication Components,M1-125,39125,97,2,Catalog photo,Verified,/assets/images/parts/manesty/pge-man-0901-gear-on-pump-oem-39125.png
902,812,PGE-MAN-0902,Manesty,MKI,PRESSURE GAUGE,Hydraulic & Lubrication Components,M1-147,45147,97,3,Catalog photo,Verified,/assets/images/parts/manesty/pge-man-0902-pressure-gauge-oem-45147.png
903,813,PGE-MAN-0903,Manesty,MKI,O-RING KIT FOR ACCUMULATOR CYLINDER,Hydraulic & Lubrication Components,M1-188,39188,97,4,Catalog photo,Verified,/assets/images/parts/manesty/pge-man-0903-o-ring-kit-for-accumulator-cylinder-oem-39188.png
904,814,PGE-MAN-0904,Manesty,MKI,PRESSURE CYLINDER HYD. HOSE ASSY. - SHORT,Hydraulic & Lubrication Components,M1-200,39200,97,5,Catalog photo,Verified,/assets/images/parts/manesty/pge-man-0904-pressure-cylinder-hyd-hose-assy-short-oem-39200.png
905,815,PGE-MAN-0905,Manesty,MKI,PRESSURE CYLINDER HYDRAULIC HOSE ASSY. - LONG,Hydraulic & Lubrication Components,M1-201,39201,97,6,Catalog photo,Verified,/assets/images/parts/manesty/pge-man-0905-pressure-cylinder-hydraulic-hose-assy-long-oem-39201.png
906,816,PGE-MAN-0906,Manesty,MKI,PUMP HYDRAULIC HOSE ASSEMBLY,Hydraulic & Lubrication Components,M1-202,39202,97,7,Catalog photo,Verified,/assets/images/parts/manesty/pge-man-0906-pump-hydraulic-hose-assembly-oem-39202.png
907,817,PGE-MAN-0907,Manesty,MKI,BOTTOM PRESSURE LINK,Hydraulic & Lubrication Components,M1-266,39266,97,8,Catalog photo,Verified,/assets/images/parts/manesty/pge-man-0907-bottom-pressure-link-oem-39266.png
908,818,PGE-MAN-0908,Manesty,MKI,OIL PUMP (SUDO PUMP REPLACEMENT),Hydraulic & Lubrication Components,M1-270,N/A,97,9,Catalog photo,Verified,/assets/images/parts/manesty/pge-man-0908-oil-pump-sudo-pump-replacement-oem-n-a.png
909,819,PGE-MAN-0909,Manesty,MKI,PUMP MOUNTING ADAPTER,Hydraulic & Lubrication Components,M1-270/1,N/A,97,10,Catalog photo,Verified,/assets/images/parts/manesty/pge-man-0909-pump-mounting-adapter-oem-n-a.png
910,820,PGE-MAN-0910,Manesty,MKI,ADAPTER FOR CYLINDER HOSE,Hydraulic & Lubrication Components,M-131,39131,97,11,Catalog photo,Verified,/assets/images/parts/manesty/pge-man-0910-adapter-for-cylinder-hose-oem-39131.png
911,821,PGE-MAN-0911,Manesty,MKI,ADAPTER FOR PUMP HOSE,Hydraulic & Lubrication Components,,39132,97,12,Catalog photo,Verified,/assets/images/parts/manesty/pge-man-0911-adapter-for-pump-hose-oem-39132.png
912,822,PGE-MAN-0912,Manesty,MKI,PUMP MOUNTING BRACKET,Hydraulic & Lubrication Components,M1-443,39443,97,13,Catalog photo,Verified,/assets/images/parts/manesty/pge-man-0912-pump-mounting-bracket-oem-39443.png
913,823,PGE-MAN-0913,Manesty,MKI,PUMP MOUNTING BRACKET SUPPORT,Hydraulic & Lubrication Components,M1-443/1,N/A,97,14,Catalog photo,Verified,/assets/images/parts/manesty/pge-man-0913-pump-mounting-bracket-support-oem-n-a.png
914,824,PGE-MAN-0914,Manesty,MKI,OIL DRIP TRAY - UPPER,Hydraulic & Lubrication Components,M-162,39162,97,15,Catalog photo,Verified,/assets/images/parts/manesty/pge-man-0914-oil-drip-tray-upper-oem-39162.png
915,825,PGE-MAN-0915,Manesty,MKI,REBUILD KIT FOR HYDRAULIC PUMP,Hydraulic & Lubrication Components,M1-7,N/A,98,1,Catalog photo,Verified,/assets/images/parts/manesty/pge-man-0915-rebuild-kit-for-hydraulic-pump-oem-n-a.png
916,826,PGE-MAN-0916,Manesty,MKI,PLATE FOR GLAND,Hydraulic & Lubrication Components,M1-890,39890,98,2,Catalog photo,Verified,/assets/images/parts/manesty/pge-man-0916-plate-for-gland-oem-39890.png
917,827,PGE-MAN-0917,Manesty,MKI,LOWER DRIP TRAY (STAINLESS),Hydraulic & Lubrication Components,M-203,39203,98,3,Catalog photo,Verified,/assets/images/parts/manesty/pge-man-0917-lower-drip-tray-stainless-oem-39203.png
918,828,PGE-MAN-0918,Manesty,MKI,ONE SHOT OIL PUMP (P-28),Hydraulic & Lubrication Components,M-55,93955,98,4,Catalog photo,Verified,/assets/images/parts/manesty/pge-man-0918-one-shot-oil-pump-p-28-oem-93955.png
919,829,PGE-MAN-0919,Manesty,MKI,GLAND IN PRESSURE CYLINDER,Hydraulic & Lubrication Components,M-889,39889,98,5,Catalog photo,Verified,/assets/images/parts/manesty/pge-man-0919-gland-in-pressure-cylinder-oem-39889.png
920,830,PGE-MAN-0920,Manesty,MKI,TONNAGE GAUGE 0-6.5 TONS,Hydraulic & Lubrication Components,MB1-732,45732,98,6,Catalog photo,Verified,/assets/images/parts/manesty/pge-man-0920-tonnage-gauge-0-6-5-tons-oem-45732.png
921,831,PGE-MAN-0921,Manesty,MKI,WASHER ON TAKE OUT PLUG,Lower Cam Tracks,M1-059,39059,98,7,Catalog photo,Verified,/assets/images/parts/manesty/pge-man-0921-washer-on-take-out-plug-oem-39059.png
922,832,PGE-MAN-0922,Manesty,MKI,PUNCH LOADING PLUG,Lower Cam Tracks,M1-646,45646,98,8,Catalog photo,Verified,/assets/images/parts/manesty/pge-man-0922-punch-loading-plug-oem-45646.png
923,833,PGE-MAN-0923,Manesty,MKI,PUNCH PLUG RETAINER ASSEMBLY,Lower Cam Tracks,M1-646/1,N/A,98,9,Catalog photo,Verified,/assets/images/parts/manesty/pge-man-0923-punch-plug-retainer-assembly-oem-n-a.png
924,834,PGE-MAN-0924,Manesty,MKI,STOP BLOCK FOR PUNCH PLUG,Lower Cam Tracks,M1-922,45922,98,10,Catalog photo,Verified,/assets/images/parts/manesty/pge-man-0924-stop-block-for-punch-plug-oem-45922.png
925,835,PGE-MAN-0925,Manesty,MKI,EJECTION CAM - BRONZE,Lower Cam Tracks,MB1-2,39316,98,11,Catalog photo,Verified,/assets/images/parts/manesty/pge-man-0925-ejection-cam-bronze-oem-39316.png
926,836,PGE-MAN-0926,Manesty,MKI,EJECTION CAM - STEEL,Lower Cam Tracks,MB1-2/S,39316/1,98,12,Catalog photo,Verified,/assets/images/parts/manesty/pge-man-0926-ejection-cam-steel-oem-39316-1.png
927,837,PGE-MAN-0927,Manesty,MKI,LOWERING RAMP B TOOLING,Lower Cam Tracks,MB1-318,39318,98,13,Catalog photo,Verified,/assets/images/parts/manesty/pge-man-0927-lowering-ramp-b-tooling-oem-39318.png
928,838,PGE-MAN-0928,Manesty,MKI,FLIGHT CONTROL CAM - US ‘B’,Lower Cam Tracks,MB1-676,45676,98,14,Catalog photo,Verified,/assets/images/parts/manesty/pge-man-0928-flight-control-cam-us-b-oem-45676.png
929,839,PGE-MAN-0929,Manesty,MKI,ANTI-FLIGHT CAM - WEIGHT HEAD,Lower Cam Tracks,MB1-72A,N/A,98,15,Catalog photo,Verified,/assets/images/parts/manesty/pge-man-0929-anti-flight-cam-weight-head-oem-n-a.png
930,840,PGE-MAN-0930,Manesty,MKI,FILL CAM - 11/16”/17.5MM - IPT B,Lower Cam Tracks,MB1-97,39997,99,1,Catalog photo,Verified,/assets/images/parts/manesty/pge-man-0930-fill-cam-11-16-17-5mm-ipt-b-oem-39997.png
931,841,PGE-MAN-0931,Manesty,MKI,FILL CAM - 11/16”/17.5MM - IPT B - BRONZE,Lower Cam Tracks,MB1-97/B,399971,99,2,Catalog photo,Verified,/assets/images/parts/manesty/pge-man-0931-fill-cam-11-16-17-5mm-ipt-b-bronze-oem-399971.png
932,842,PGE-MAN-0932,Manesty,MKI,FILL CAM - 11/16”/17.5MM - IPT B - BRONZE 1/2” - 13 IPT THREADS,Lower Cam Tracks,MB1-97/B1,N/A,99,3,Catalog photo,Verified,/assets/images/parts/manesty/pge-man-0932-fill-cam-11-16-17-5mm-ipt-b-bronze-1-2-13-ipt-threads-oem-n-a.png
933,843,PGE-MAN-0933,Manesty,MKI,FILL CAM - 1/2”/12.7MM - IPT B,Lower Cam Tracks,MB1-98,39998,99,4,Catalog photo,Verified,/assets/images/parts/manesty/pge-man-0933-fill-cam-1-2-12-7mm-ipt-b-oem-39998.png
934,844,PGE-MAN-0934,Manesty,MKI,FILL CAM - 5/16/7.9MM - IPT B,Lower Cam Tracks,MB1-99,39999,99,5,Catalog photo,Verified,/assets/images/parts/manesty/pge-man-0934-fill-cam-5-16-7-9mm-ipt-b-oem-39999.png
935,845,PGE-MAN-0935,Manesty,MKI,FILL CAM - 5/16”/7.9MM - IPT B - BRONZE,Lower Cam Tracks,MB1-99/B,N/A,99,6,Catalog photo,Verified,/assets/images/parts/manesty/pge-man-0935-fill-cam-5-16-7-9mm-ipt-b-bronze-oem-n-a.png
936,846,PGE-MAN-0936,Manesty,MKI,CONTROL CAM - IPT B,Lower Cam Tracks,MB1-996,39996,99,7,Catalog photo,Verified,/assets/images/parts/manesty/pge-man-0936-control-cam-ipt-b-oem-39996.png
937,847,PGE-MAN-0937,Manesty,MKI,EJECTION CAM - STEEL,Lower Cam Tracks,MD1-2/S,39286/1,99,8,Catalog photo,Verified,/assets/images/parts/manesty/pge-man-0937-ejection-cam-steel-oem-39286-1.png
938,848,PGE-MAN-0938,Manesty,MKI,EJECTION CAM - BRONZE,Lower Cam Tracks,MD1-2,39286,99,9,Catalog photo,Verified,/assets/images/parts/manesty/pge-man-0938-ejection-cam-bronze-oem-39286.png
939,849,PGE-MAN-0939,Manesty,MKI,FILL CAM - 13/16”/20.6MM - EU D,Lower Cam Tracks,MD1-285,39285,99,10,Catalog photo,Verified,/assets/images/parts/manesty/pge-man-0939-fill-cam-13-16-20-6mm-eu-d-oem-39285.png
940,850,PGE-MAN-0940,Manesty,MKI,FILL CAM - 13/16”/20.6MM - IPT D,Lower Cam Tracks,MD1-306,39306,99,11,Catalog photo,Verified,/assets/images/parts/manesty/pge-man-0940-fill-cam-13-16-20-6mm-ipt-d-oem-39306.png
941,851,PGE-MAN-0941,Manesty,MKI,QUICK FILL CAM - 13/16”/20.6MM - IPT D,Lower Cam Tracks,MD1-306/1,N/A,99,12,Catalog photo,Verified,/assets/images/parts/manesty/pge-man-0941-quick-fill-cam-13-16-20-6mm-ipt-d-oem-n-a.png
942,852,PGE-MAN-0942,Manesty,MKI,FILL CAM - 5/16”/7.9MM - IPT D,Lower Cam Tracks,MD1-307,39307,99,13,Catalog photo,Verified,/assets/images/parts/manesty/pge-man-0942-fill-cam-5-16-7-9mm-ipt-d-oem-39307.png
943,853,PGE-MAN-0943,Manesty,MKI,FILL CAM - 9/16”/14.3MM - IPT D,Lower Cam Tracks,MD1-308,39308,99,14,Catalog photo,Verified,/assets/images/parts/manesty/pge-man-0943-fill-cam-9-16-14-3mm-ipt-d-oem-39308.png
944,854,PGE-MAN-0944,Manesty,MKI,FLIGHT CONTROL CAM - EU ‘D,Lower Cam Tracks,MD1-673,45673,99,15,Catalog photo,Verified,/assets/images/parts/manesty/pge-man-0944-flight-control-cam-eu-d-oem-45673.png
945,855,PGE-MAN-0945,Manesty,MKI,LOCKING SCREW FOR PUNCH LOADING PLUG,Lower Cam Tracks,M1-708,39708,100,1,Catalog photo,Verified,/assets/images/parts/manesty/pge-man-0945-locking-screw-for-punch-loading-plug-oem-39708.png
948,856,PGE-MAN-0948,Manesty,MKI,PIN IN CYLINDER FORK,Pressure Rolls & Components,M1-107,39107,100,4,Catalog photo,Verified,/assets/images/parts/manesty/pge-man-0948-pin-in-cylinder-fork-oem-39107.png
949,857,PGE-MAN-0949,Manesty,MKI,THRUST WASHER,Pressure Rolls & Components,M1-16,39416,100,5,Catalog photo,Verified,/assets/images/parts/manesty/pge-man-0949-thrust-washer-oem-39416.png
950,858,PGE-MAN-0950,Manesty,MKI,PRESSURE ROLL BEARING - MODIFIED,Pressure Rolls & Components,M1-210,N/A,100,6,Catalog photo,Verified,/assets/images/parts/manesty/pge-man-0950-pressure-roll-bearing-modified-oem-n-a.png
951,859,PGE-MAN-0951,Manesty,MKI,OIL SEAL - PRESSURE ROLL,Pressure Rolls & Components,M1-330,N/A,100,7,Catalog photo,Verified,/assets/images/parts/manesty/pge-man-0951-oil-seal-pressure-roll-oem-n-a.png
952,860,PGE-MAN-0952,Manesty,MKI,BUSH IN ROLL,Pressure Rolls & Components,M1-39,39039,100,8,Catalog photo,Verified,/assets/images/parts/manesty/pge-man-0952-bush-in-roll-oem-39039.png
953,861,PGE-MAN-0953,Manesty,MKI,BUSHING IN CARRIER,Pressure Rolls & Components,M1-49,39049,100,9,Catalog photo,Verified,/assets/images/parts/manesty/pge-man-0953-bushing-in-carrier-oem-39049.png
954,862,PGE-MAN-0954,Manesty,MKI,BUSHING IN CARRIER,Pressure Rolls & Components,M1-51,39051,100,10,Catalog photo,Verified,/assets/images/parts/manesty/pge-man-0954-bushing-in-carrier-oem-39051.png
955,863,PGE-MAN-0955,Manesty,MKI,PIN IN ROLL CARRIER,Pressure Rolls & Components,M1-590,45590,100,11,Catalog photo,Verified,/assets/images/parts/manesty/pge-man-0955-pin-in-roll-carrier-oem-45590.png
956,864,PGE-MAN-0956,Manesty,MKI,PIN IN ROLL CARRIER,Pressure Rolls & Components,M1-592,45592,100,12,Catalog photo,Verified,/assets/images/parts/manesty/pge-man-0956-pin-in-roll-carrier-oem-45592.png
957,865,PGE-MAN-0957,Manesty,MKI,PRESSURE ROLL PIN,Pressure Rolls & Components,M1-6,39106/1,100,13,Catalog photo,Verified,/assets/images/parts/manesty/pge-man-0957-pressure-roll-pin-oem-39106-1.png
958,866,PGE-MAN-0958,Manesty,MKI,INTERNAL RETAINING CLIP,Pressure Rolls & Components,M1-66,N/A,100,14,Catalog photo,Verified,/assets/images/parts/manesty/pge-man-0958-internal-retaining-clip-oem-n-a.png
959,867,PGE-MAN-0959,Manesty,MKI,UPPER PRESSURE ROLL,Pressure Rolls & Components,M1-80,39380,100,15,Catalog photo,Verified,/assets/images/parts/manesty/pge-man-0959-upper-pressure-roll-oem-39380.png
960,868,PGE-MAN-0960,Manesty,MKI,UPPER ROLL - BEARING DESIGN,Pressure Rolls & Components,M1-80/WB,39380/1,101,1,Catalog photo,Verified,/assets/images/parts/manesty/pge-man-0960-upper-roll-bearing-design-oem-39380-1.png
961,869,PGE-MAN-0961,Manesty,MKI,CENTER SPACER,Pressure Rolls & Components,M1-80/WB/1,N/A,101,2,Catalog photo,Verified,/assets/images/parts/manesty/pge-man-0961-center-spacer-oem-n-a.png
962,870,PGE-MAN-0962,Manesty,MKI,INBOARD SPACER FOR BEARING ROLLS,Pressure Rolls & Components,M1-80/WB/2,N/A,101,3,Catalog photo,Verified,/assets/images/parts/manesty/pge-man-0962-inboard-spacer-for-bearing-rolls-oem-n-a.png
963,871,PGE-MAN-0963,Manesty,MKI,OUTBOARD SPACER FOR BEARING ROLLS,Pressure Rolls & Components,M1-80/WB/3,N/A,101,4,Catalog photo,Verified,/assets/images/parts/manesty/pge-man-0963-outboard-spacer-for-bearing-rolls-oem-n-a.png
964,872,PGE-MAN-0964,Manesty,MKI,BUSHING IN CARRIER,Pressure Rolls & Components,M1-93,45593,101,5,Catalog photo,Verified,/assets/images/parts/manesty/pge-man-0964-bushing-in-carrier-oem-45593.png
965,873,PGE-MAN-0965,Manesty,MKI,LOWER PRESSURE ROLL,Pressure Rolls & Components,MB1-83,39383,101,6,Catalog photo,Verified,/assets/images/parts/manesty/pge-man-0965-lower-pressure-roll-oem-39383.png
966,874,PGE-MAN-0966,Manesty,MKI,LOWER PRESSURE ROLL W/BEARING,Pressure Rolls & Components,MB1-83/WB,39383/1,101,7,Catalog photo,Verified,/assets/images/parts/manesty/pge-man-0966-lower-pressure-roll-w-bearing-oem-39383-1.png
967,875,PGE-MAN-0967,Manesty,MKI,LOWER PRESSURE ROLL,Pressure Rolls & Components,MD1-81,39381,101,8,Catalog photo,Verified,/assets/images/parts/manesty/pge-man-0967-lower-pressure-roll-oem-39381.png
968,876,PGE-MAN-0968,Manesty,MKI,LOWER PRESSURE ROLL WITH BEARING,Pressure Rolls & Components,MD1-81/WB,39381/1,101,9,Catalog photo,Verified,/assets/images/parts/manesty/pge-man-0968-lower-pressure-roll-with-bearing-oem-39381-1.png
969,877,PGE-MAN-0969,Manesty,MKI,PIN IN TOP LINK,Pressure Rolls & Components,M1-105,39105,101,10,Catalog photo,Verified,/assets/images/parts/manesty/pge-man-0969-pin-in-top-link-oem-39105.png
974,878,PGE-MAN-0974,Manesty,MKI,HOPPER BRACKET,Product Control,M-025,36025,101,15,Catalog photo,Verified,/assets/images/parts/manesty/pge-man-0974-hopper-bracket-oem-36025.png
975,879,PGE-MAN-0975,Manesty,MKI,HOPPER LINK,Product Control,M-035,36035,102,1,Catalog photo,Verified,/assets/images/parts/manesty/pge-man-0975-hopper-link-oem-36035.png
976,880,PGE-MAN-0976,Manesty,MKI,BRACKET FOR DUST NOZZLE,Product Control,M-055,"39055, 36055",102,2,Catalog photo,Verified,/assets/images/parts/manesty/pge-man-0976-bracket-for-dust-nozzle-oem-39055-36055.png
977,881,PGE-MAN-0977,Manesty,MKI,ADJUSTING NUT FOR DUST NOZZLE,Product Control,M-058,39058,102,3,Catalog photo,Verified,/assets/images/parts/manesty/pge-man-0977-adjusting-nut-for-dust-nozzle-oem-39058.png
978,882,PGE-MAN-0978,Manesty,MKI,PILLAR FOR CLAMP,Product Control,M-096,56096,102,4,Catalog photo,Verified,/assets/images/parts/manesty/pge-man-0978-pillar-for-clamp-oem-56096.png
979,883,PGE-MAN-0979,Manesty,MKI,FEEDER ANGLE SUPPORT,Product Control,M1-02,N/A,102,5,Catalog photo,Verified,/assets/images/parts/manesty/pge-man-0979-feeder-angle-support-oem-n-a.png
980,884,PGE-MAN-0980,Manesty,MKI,FEEDER PLATFORM SUPPORT PILLAR,Product Control,M1-03,N/A,102,6,Catalog photo,Verified,/assets/images/parts/manesty/pge-man-0980-feeder-platform-support-pillar-oem-n-a.png
981,885,PGE-MAN-0981,Manesty,MKI,FRONT SCRAPER - BI-LAYER,Product Control,M1-048,45048,102,7,Catalog photo,Verified,/assets/images/parts/manesty/pge-man-0981-front-scraper-bi-layer-oem-45048.png
982,886,PGE-MAN-0982,Manesty,MKI,SCRAPER BLADE - BI-LAYER,Product Control,M1-049,45049,102,8,Catalog photo,Verified,/assets/images/parts/manesty/pge-man-0982-scraper-blade-bi-layer-oem-45049.png
983,887,PGE-MAN-0983,Manesty,MKI,HOPPER ADJUSTING SCREW - LONG,Product Control,M1-05,36105,102,9,Catalog photo,Verified,/assets/images/parts/manesty/pge-man-0983-hopper-adjusting-screw-long-oem-36105.png
984,888,PGE-MAN-0984,Manesty,MKI,HOPPER ADJUSTING SCREW - SHORT,Product Control,M1-073,13073,102,10,Catalog photo,Verified,/assets/images/parts/manesty/pge-man-0984-hopper-adjusting-screw-short-oem-13073.png
985,889,PGE-MAN-0985,Manesty,MKI,SUPPORT PLATE FOR CHUTE,Product Control,M1-075,39075,102,11,Catalog photo,Verified,/assets/images/parts/manesty/pge-man-0985-support-plate-for-chute-oem-39075.png
986,890,PGE-MAN-0986,Manesty,MKI,SUCTION NOZZLE,Product Control,M1-267,39267,102,12,Catalog photo,Verified,/assets/images/parts/manesty/pge-man-0986-suction-nozzle-oem-39267.png
987,891,PGE-MAN-0987,Manesty,MKI,SUCTION NOZZLE ASSEMBLY - COMPLETE,Product Control,M1-267/A,N/A,102,13,Catalog photo,Verified,/assets/images/parts/manesty/pge-man-0987-suction-nozzle-assembly-complete-oem-n-a.png
988,892,PGE-MAN-0988,Manesty,MKI,PILLAR FOR CHUTE,Product Control,M1-274,39274,102,14,Catalog photo,Verified,/assets/images/parts/manesty/pge-man-0988-pillar-for-chute-oem-39274.png
989,893,PGE-MAN-0989,Manesty,MKI,CAMLOCK STUD & RETAINING WASHER,Product Control,M1-28,45928,102,15,Catalog photo,Verified,/assets/images/parts/manesty/pge-man-0989-camlock-stud-retaining-washer-oem-45928.png
990,894,PGE-MAN-0990,Manesty,MKI,FEED FRAME-ALUMINUM,Product Control,M1-31,39731,103,1,Catalog photo,Verified,/assets/images/parts/manesty/pge-man-0990-feed-frame-aluminum-oem-39731.png
991,895,PGE-MAN-0991,Manesty,MKI,TOP COVER FOR FEED FRAME - STAINLESS,Product Control,M1-34,39634,103,2,Catalog photo,Verified,/assets/images/parts/manesty/pge-man-0991-top-cover-for-feed-frame-stainless-oem-39634.png
992,896,PGE-MAN-0992,Manesty,MKI,FEEDER MOTOR SPUR GEAR,Product Control,M1-36G,N/A,103,3,Catalog photo,Verified,/assets/images/parts/manesty/pge-man-0992-feeder-motor-spur-gear-oem-n-a.png
993,897,PGE-MAN-0993,Manesty,MKI,INLET CONNECTOR ASSEMBLY,Product Control,M1-410,45410,103,4,Catalog photo,Verified,/assets/images/parts/manesty/pge-man-0993-inlet-connector-assembly-oem-45410.png
994,898,PGE-MAN-0994,Manesty,MKI,FEEDER COVER GASKET,Product Control,M1-43,39943,103,5,Catalog photo,Verified,/assets/images/parts/manesty/pge-man-0994-feeder-cover-gasket-oem-39943.png
995,899,PGE-MAN-0995,Manesty,MKI,PUNCH ENTRY NAME PLATE,Product Control,M1-474,39474,103,6,Catalog photo,Verified,/assets/images/parts/manesty/pge-man-0995-punch-entry-name-plate-oem-39474.png
996,900,PGE-MAN-0996,Manesty,MKI,FEEDER GEAR,Product Control,M1-52T/F,"39769-1, 39769",103,7,Catalog photo,Verified,/assets/images/parts/manesty/pge-man-0996-feeder-gear-oem-39769-1-39769.png
997,901,PGE-MAN-0997,Manesty,MKI,CHUTE,Product Control,M1-56,39056,103,8,Catalog photo,Verified,/assets/images/parts/manesty/pge-man-0997-chute-oem-39056.png
998,902,PGE-MAN-0998,Manesty,MKI,SCRAPER BRACKET,Product Control,M1-60,39860,103,9,Catalog photo,Verified,/assets/images/parts/manesty/pge-man-0998-scraper-bracket-oem-39860.png
999,903,PGE-MAN-0999,Manesty,MKI,SCRAPER BLADE,Product Control,M1-61,39861,103,10,Catalog photo,Verified,/assets/images/parts/manesty/pge-man-0999-scraper-blade-oem-39861.png
1000,904,PGE-MAN-1000,Manesty,MKI,SCRAPER BLADE - DELRIN,Product Control,M1-61-D,6398610,103,11,Catalog photo,Verified,/assets/images/parts/manesty/pge-man-1000-scraper-blade-delrin-oem-6398610.png
1001,905,PGE-MAN-1001,Manesty,MKI,FEEDER LEVEL STUD,Product Control,M1-623,39623,103,12,Catalog photo,Verified,/assets/images/parts/manesty/pge-man-1001-feeder-level-stud-oem-39623.png
1002,906,PGE-MAN-1002,Manesty,MKI,FEEDER LEVEL LOCKNUT,Product Control,M1-624,39624,103,13,Catalog photo,Verified,/assets/images/parts/manesty/pge-man-1002-feeder-level-locknut-oem-39624.png
1003,907,PGE-MAN-1003,Manesty,MKI,HOPPER,Product Control,M1-635,39635,103,14,Catalog photo,Verified,/assets/images/parts/manesty/pge-man-1003-hopper-oem-39635.png
1004,908,PGE-MAN-1004,Manesty,MKI,INLET CONNECTOR,Product Control,M1-636,39636,103,15,Catalog photo,Verified,/assets/images/parts/manesty/pge-man-1004-inlet-connector-oem-39636.png
1005,909,PGE-MAN-1005,Manesty,MKI,COLUMN FOR FEEDER,Product Control,M1-752,39752,104,1,Catalog photo,Verified,/assets/images/parts/manesty/pge-man-1005-column-for-feeder-oem-39752.png
1006,910,PGE-MAN-1006,Manesty,MKI,SUPPORT FOR ROTARY FEEDER,Product Control,M1-755,39755,104,2,Catalog photo,Verified,/assets/images/parts/manesty/pge-man-1006-support-for-rotary-feeder-oem-39755.png
1007,911,PGE-MAN-1007,Manesty,MKI,GEAR PLATFORM,Product Control,M1-757,39757,104,3,Catalog photo,Verified,/assets/images/parts/manesty/pge-man-1007-gear-platform-oem-39757.png
1008,912,PGE-MAN-1008,Manesty,MKI,FULCRUM STUD,Product Control,M1-765,39765,104,4,Catalog photo,Verified,/assets/images/parts/manesty/pge-man-1008-fulcrum-stud-oem-39765.png
1009,913,PGE-MAN-1009,Manesty,MKI,46T-16DP- FEEDER GEAR,Product Control,M1-766,39766,104,5,Catalog photo,Verified,/assets/images/parts/manesty/pge-man-1009-46t-16dp-feeder-gear-oem-39766.png
1010,914,PGE-MAN-1010,Manesty,MKI,BRACKET FOR PICKUP SCRAPER,Product Control,M1-77,39877,104,6,Catalog photo,Verified,/assets/images/parts/manesty/pge-man-1010-bracket-for-pickup-scraper-oem-39877.png
1011,915,PGE-MAN-1011,Manesty,MKI,FEEDER MOTOR GEAR,Product Control,M1-774,39774,104,7,Catalog photo,Verified,/assets/images/parts/manesty/pge-man-1011-feeder-motor-gear-oem-39774.png
1012,916,PGE-MAN-1012,Manesty,MKI,FEEDER MOTOR ADAPTER PLATE,Product Control,M1-776,N/A,104,8,Catalog photo,Verified,/assets/images/parts/manesty/pge-man-1012-feeder-motor-adapter-plate-oem-n-a.png
1013,917,PGE-MAN-1013,Manesty,MKI,FEEDER MOTOR GEAR HOUSING,Product Control,M1-777,N/A,104,9,Catalog photo,Verified,/assets/images/parts/manesty/pge-man-1013-feeder-motor-gear-housing-oem-n-a.png
1014,918,PGE-MAN-1014,Manesty,MKI,RECIRCULATING CHANNEL S.S. - MODIFIED WITH DELRIN WEAR STRIPS,Product Control,M1-780/1,N/A,104,10,Catalog photo,Verified,/assets/images/parts/manesty/pge-man-1014-recirculating-channel-s-s-modified-with-delrin-wear-strips-oem-n-a.png
1015,919,PGE-MAN-1015,Manesty,MKI,WEAR STRIP,Product Control,M1-780/1-1,N/A,104,11,Catalog photo,Verified,/assets/images/parts/manesty/pge-man-1015-wear-strip-oem-n-a.png
1016,920,PGE-MAN-1016,Manesty,MKI,SHAFT IN COLUMN,Product Control,M1-796,39796,104,12,Catalog photo,Verified,/assets/images/parts/manesty/pge-man-1016-shaft-in-column-oem-39796.png
1017,921,PGE-MAN-1017,Manesty,MKI,SHAFT IN COLUMN,Product Control,M1-796/1,N/A,104,13,Catalog photo,Verified,/assets/images/parts/manesty/pge-man-1017-shaft-in-column-oem-n-a.png
1018,922,PGE-MAN-1018,Manesty,MKI,SUPPORT PLATE FOR FEEDER,Product Control,M1-801,39801,104,14,Catalog photo,Verified,/assets/images/parts/manesty/pge-man-1018-support-plate-for-feeder-oem-39801.png
1019,923,PGE-MAN-1019,Manesty,MKI,SUPPORT PLATE FOR FEEDER,Product Control,M1-801/1,N/A,104,15,Catalog photo,Verified,/assets/images/parts/manesty/pge-man-1019-support-plate-for-feeder-oem-n-a.png
1020,924,PGE-MAN-1020,Manesty,MKI,INSERT FOR SUPPORT PLATE,Product Control,M1-801-1,N/A,105,1,Catalog photo,Verified,/assets/images/parts/manesty/pge-man-1020-insert-for-support-plate-oem-n-a.png
1021,925,PGE-MAN-1021,Manesty,MKI,INNER TAIL OVER DIE SPRING,Product Control,M1-802,39802,105,2,Catalog photo,Verified,/assets/images/parts/manesty/pge-man-1021-inner-tail-over-die-spring-oem-39802.png
1022,926,PGE-MAN-1022,Manesty,MKI,TAKE OFF PLATE,Product Control,M1-858,39858,105,3,Catalog photo,Verified,/assets/images/parts/manesty/pge-man-1022-take-off-plate-oem-39858.png
1023,927,PGE-MAN-1023,Manesty,MKI,PICK-UP SCRAPER,Product Control,M1-878,39878,105,4,Catalog photo,Verified,/assets/images/parts/manesty/pge-man-1023-pick-up-scraper-oem-39878.png
1024,928,PGE-MAN-1024,Manesty,MKI,HOPPER SPINDLE,Product Control,M1-88,39088,105,5,Catalog photo,Verified,/assets/images/parts/manesty/pge-man-1024-hopper-spindle-oem-39088.png
1025,929,PGE-MAN-1025,Manesty,MKI,TAIL OVER DIE,Product Control,M1-882,39882,105,6,Catalog photo,Verified,/assets/images/parts/manesty/pge-man-1025-tail-over-die-oem-39882.png
1026,930,PGE-MAN-1026,Manesty,MKI,SPRING FOR TAIL OVER DIE,Product Control,M1-883,39883,105,7,Catalog photo,Verified,/assets/images/parts/manesty/pge-man-1026-spring-for-tail-over-die-oem-39883.png
1027,931,PGE-MAN-1027,Manesty,MKI,INNER TAIL OVER DIE,Product Control,M1-886,39886,105,8,Catalog photo,Verified,/assets/images/parts/manesty/pge-man-1027-inner-tail-over-die-oem-39886.png
1028,932,PGE-MAN-1028,Manesty,MKI,INNER TAIL OVER DIE - DELRIN,Product Control,M1-886-D,N/A,105,9,Catalog photo,Verified,/assets/images/parts/manesty/pge-man-1028-inner-tail-over-die-delrin-oem-n-a.png
1029,933,PGE-MAN-1029,Manesty,MKI,TOP COVER FOR FEED FRAME,Product Control,M1-923,45923,105,10,Catalog photo,Verified,/assets/images/parts/manesty/pge-man-1029-top-cover-for-feed-frame-oem-45923.png
1030,934,PGE-MAN-1030,Manesty,MKI,FEEDER INLET BOWL,Product Control,M1-958,39958,105,11,Catalog photo,Verified,/assets/images/parts/manesty/pge-man-1030-feeder-inlet-bowl-oem-39958.png
1031,935,PGE-MAN-1031,Manesty,MKI,HOPPER EXTENSION,Product Control,M1-GFCK/1,N/A,105,12,Catalog photo,Verified,/assets/images/parts/manesty/pge-man-1031-hopper-extension-oem-n-a.png
1032,936,PGE-MAN-1032,Manesty,MKI,PILLAR FOR DUST NOZZLE ASSEMBLY,Product Control,M-224,39224,106,1,Catalog photo,Verified,/assets/images/parts/manesty/pge-man-1032-pillar-for-dust-nozzle-assembly-oem-39224.png
1033,937,PGE-MAN-1033,Manesty,MKI,1/2 BSW 2-1/4 SOCKET HEAD CAP SCREW,Product Control,M-259,4923259,106,2,Catalog photo,Verified,/assets/images/parts/manesty/pge-man-1033-1-2-bsw-2-1-4-socket-head-cap-screw-oem-4923259.png
1034,938,PGE-MAN-1034,Manesty,MKI,FEEDER INTER GEAR,Product Control,M-28T,39768,106,3,Catalog photo,Verified,/assets/images/parts/manesty/pge-man-1034-feeder-inter-gear-oem-39768.png
1035,939,PGE-MAN-1035,Manesty,MKI,FEEDER INTER GEAR-FIBER,Product Control,M-28T/F,39767,106,4,Catalog photo,Verified,/assets/images/parts/manesty/pge-man-1035-feeder-inter-gear-fiber-oem-39767.png
1036,940,PGE-MAN-1036,Manesty,MKI,ADJUSTMENT NUT,Product Control,M-295,42295,106,5,Catalog photo,Verified,/assets/images/parts/manesty/pge-man-1036-adjustment-nut-oem-42295.png
1037,941,PGE-MAN-1037,Manesty,MKI,ADJUSTMENT SCREW,Product Control,M-296,42296,106,6,Catalog photo,Verified,/assets/images/parts/manesty/pge-man-1037-adjustment-screw-oem-42296.png
1038,942,PGE-MAN-1038,Manesty,MKI,SCREW FOR SCRAPER BLADE,Product Control,M-50,90350,106,7,Catalog photo,Verified,/assets/images/parts/manesty/pge-man-1038-screw-for-scraper-blade-oem-90350.png
1039,943,PGE-MAN-1039,Manesty,MKI,CLAMP ON INLET TUBE,Product Control,M-618,39618,106,8,Catalog photo,Verified,/assets/images/parts/manesty/pge-man-1039-clamp-on-inlet-tube-oem-39618.png
1040,944,PGE-MAN-1040,Manesty,MKI,BRACKET ON INLET BOWL,Product Control,M-619,39619,106,9,Catalog photo,Verified,/assets/images/parts/manesty/pge-man-1040-bracket-on-inlet-bowl-oem-39619.png
1041,945,PGE-MAN-1041,Manesty,MKI,INLET CONNECTOR HINGE PLATE,Product Control,M-637,39637,106,10,Catalog photo,Verified,/assets/images/parts/manesty/pge-man-1041-inlet-connector-hinge-plate-oem-39637.png
1042,946,PGE-MAN-1042,Manesty,MKI,INLET CONNECTOR GASKET,Product Control,M-638,39638,106,11,Catalog photo,Verified,/assets/images/parts/manesty/pge-man-1042-inlet-connector-gasket-oem-39638.png
1043,947,PGE-MAN-1043,Manesty,MKI,LOCK NUT ON HINGE PLATE,Product Control,M-640,39640,106,12,Catalog photo,Verified,/assets/images/parts/manesty/pge-man-1043-lock-nut-on-hinge-plate-oem-39640.png
1044,948,PGE-MAN-1044,Manesty,MKI,HOPPER CONNECTOR,Product Control,M-642,39642,106,13,Catalog photo,Verified,/assets/images/parts/manesty/pge-man-1044-hopper-connector-oem-39642.png
1045,949,PGE-MAN-1045,Manesty,MKI,HOPPER CLAMP SCREW,Product Control,M-67,36067,106,14,Catalog photo,Verified,/assets/images/parts/manesty/pge-man-1045-hopper-clamp-screw-oem-36067.png
1046,950,PGE-MAN-1046,Manesty,MKI,FLANGED BUSHING - OILITE,Product Control,M-70,39770,106,15,Catalog photo,Verified,/assets/images/parts/manesty/pge-man-1046-flanged-bushing-oilite-oem-39770.png
1047,951,PGE-MAN-1047,Manesty,MKI,SEAL - PADDLE SHAFT,Product Control,M-71,39771,107,1,Catalog photo,Verified,/assets/images/parts/manesty/pge-man-1047-seal-paddle-shaft-oem-39771.png
1048,952,PGE-MAN-1048,Manesty,MKI,FEEDER DETENT ASSEMBLY,Product Control,M-763/A,39763A,107,2,Catalog photo,Verified,/assets/images/parts/manesty/pge-man-1048-feeder-detent-assembly-oem-39763a.png
1049,953,PGE-MAN-1049,Manesty,MKI,INTERMEDIATE GEAR STUD,Product Control,M-773,39773,107,3,Catalog photo,Verified,/assets/images/parts/manesty/pge-man-1049-intermediate-gear-stud-oem-39773.png
1050,954,PGE-MAN-1050,Manesty,MKI,STUD IN INTER GEAR STUD,Product Control,M-777,39777,107,4,Catalog photo,Verified,/assets/images/parts/manesty/pge-man-1050-stud-in-inter-gear-stud-oem-39777.png
1051,955,PGE-MAN-1051,Manesty,MKI,FEEDER INTER GEAR BUSHING,Product Control,M-778,39778,107,5,Catalog photo,Verified,/assets/images/parts/manesty/pge-man-1051-feeder-inter-gear-bushing-oem-39778.png
1052,956,PGE-MAN-1052,Manesty,MKI,BAFFLE,Product Control,M-784,39784,107,6,Catalog photo,Verified,/assets/images/parts/manesty/pge-man-1052-baffle-oem-39784.png
1053,957,PGE-MAN-1053,Manesty,MKI,FEEDER COVER WINDOW,Product Control,M-791,39791,107,7,Catalog photo,Verified,/assets/images/parts/manesty/pge-man-1053-feeder-cover-window-oem-39791.png
1054,958,PGE-MAN-1054,Manesty,MKI,FEEDER PADDLE DELRIN - SMALL,Product Control,M-797,39797,107,8,Catalog photo,Verified,/assets/images/parts/manesty/pge-man-1054-feeder-paddle-delrin-small-oem-39797.png
1055,959,PGE-MAN-1055,Manesty,MKI,FEEDER PADDLE SS - SMALL,Product Control,M-797/SS,N/A,107,9,Catalog photo,Verified,/assets/images/parts/manesty/pge-man-1055-feeder-paddle-ss-small-oem-n-a.png
1056,960,PGE-MAN-1056,Manesty,MKI,FEEDER PADDLE SS - ROUND,Product Control,M-797/SS/1,N/A,107,10,Catalog photo,Verified,/assets/images/parts/manesty/pge-man-1056-feeder-paddle-ss-round-oem-n-a.png
1057,961,PGE-MAN-1057,Manesty,MKI,FEEDER PADDLE DELRIN - LARGE,Product Control,M-798,39798,107,11,Catalog photo,Verified,/assets/images/parts/manesty/pge-man-1057-feeder-paddle-delrin-large-oem-39798.png
1058,962,PGE-MAN-1058,Manesty,MKI,FEEDER PADDLE SS - LARGE,Product Control,M-798/SS,N/A,107,12,Catalog photo,Verified,/assets/images/parts/manesty/pge-man-1058-feeder-paddle-ss-large-oem-n-a.png
1059,963,PGE-MAN-1059,Manesty,MKI,CAMLOC RECEPTACLE,Product Control,M-929,45929,107,13,Catalog photo,Verified,/assets/images/parts/manesty/pge-man-1059-camloc-receptacle-oem-45929.png
1060,964,PGE-MAN-1060,Manesty,MKI,DUST NOZZLE KNOB,Product Control,M-96,39096,107,14,Catalog photo,Verified,/assets/images/parts/manesty/pge-man-1060-dust-nozzle-knob-oem-39096.png
1066,965,PGE-MAN-1066,Manesty,MKI,RECIRCULATING CHANNEL,Product Control,M1-780,45780,108,5,Catalog photo,Verified,/assets/images/parts/manesty/pge-man-1066-recirculating-channel-oem-45780.png
1067,966,PGE-MAN-1067,Manesty,MKI,RISER FOR SS FEEDER COVER,Product Control,NP-269,N/A,108,6,Catalog photo,Verified,/assets/images/parts/manesty/pge-man-1067-riser-for-ss-feeder-cover-oem-n-a.png
1068,967,PGE-MAN-1068,Manesty,MKI,PICK UP SCRAPER DELRIN,Product Control,M1-878-D,39878,108,7,Catalog photo,Verified,/assets/images/parts/manesty/pge-man-1068-pick-up-scraper-delrin-oem-39878.png
1071,968,PGE-MAN-1071,Manesty,MKI,DIE LOCK SCREW,Turret Hardware,DL-50/3,45120,108,10,Catalog photo,Verified,/assets/images/parts/manesty/pge-man-1071-die-lock-screw-oem-45120.png
1072,969,PGE-MAN-1072,Manesty,MKI,DIE LOCK SCREW,Turret Hardware,DL-62/2,"45423, 11203011",108,11,Catalog photo,Verified,/assets/images/parts/manesty/pge-man-1072-die-lock-screw-oem-45423-11203011.png
1073,970,PGE-MAN-1073,Manesty,MKI,DIE LOCK SCREW,Turret Hardware,DL-67,N/A,108,12,Catalog photo,Verified,/assets/images/parts/manesty/pge-man-1073-die-lock-screw-oem-n-a.png
1074,971,PGE-MAN-1074,Manesty,MKI,DIE LOCK SCREW,Turret Hardware,DL-75/1,"45424, 11203012",108,13,Catalog photo,Verified,/assets/images/parts/manesty/pge-man-1074-die-lock-screw-oem-45424-11203012.png
1075,972,PGE-MAN-1075,Manesty,MKI,DIE LOCK SCREW,Turret Hardware,DL-88,39388,108,14,Catalog photo,Verified,/assets/images/parts/manesty/pge-man-1075-die-lock-screw-oem-39388.png
1076,973,PGE-MAN-1076,Manesty,MKI,THRUST BEARING,Turret Hardware,M1-156,39156,108,15,Catalog photo,Verified,/assets/images/parts/manesty/pge-man-1076-thrust-bearing-oem-39156.png
1077,974,PGE-MAN-1077,Manesty,MKI,BUSHING ON COLUMN (1 SET OF 2),Turret Hardware,M1-253,39253,109,1,Catalog photo,Verified,/assets/images/parts/manesty/pge-man-1077-bushing-on-column-1-set-of-2-oem-39253.png
1078,975,PGE-MAN-1078,Manesty,MKI,LOCKING SCREW FOR PUNCH LOADING PLUG,Turret Hardware,M1-708,39708,109,2,Catalog photo,Verified,/assets/images/parts/manesty/pge-man-1078-locking-screw-for-punch-loading-plug-oem-39708.png
1079,976,PGE-MAN-1079,Manesty,MKI,PUNCH HOLDING PLUG,Turret Hardware,M-304,39304,109,3,Catalog photo,Verified,/assets/images/parts/manesty/pge-man-1079-punch-holding-plug-oem-39304.png
1080,977,PGE-MAN-1080,Manesty,MKI,PUNCH HOLDING PLUG,Turret Hardware,M-331,39331,109,4,Catalog photo,Verified,/assets/images/parts/manesty/pge-man-1080-punch-holding-plug-oem-39331.png
1081,978,PGE-MAN-1081,Manesty,MKI,BAFFLE PLATE ON TURRET,Turret Hardware,M-467,39467,109,5,Catalog photo,Verified,/assets/images/parts/manesty/pge-man-1081-baffle-plate-on-turret-oem-39467.png
1082,979,PGE-MAN-1082,Manesty,MKI,LOWER PUNCH SCRAPER SEAL,Turret Hardware,M-643,45643,109,6,Catalog photo,Verified,/assets/images/parts/manesty/pge-man-1082-lower-punch-scraper-seal-oem-45643.png
1083,980,PGE-MAN-1083,Manesty,MKI,LOWER PUNCH RETAINER SCREW,Turret Hardware,M-69,39690,109,7,Catalog photo,Verified,/assets/images/parts/manesty/pge-man-1083-lower-punch-retainer-screw-oem-39690.png
1084,981,PGE-MAN-1084,Manesty,MKI,LOWER PUNCH SCRAPER SEAL - ‘D’ TOOLING,Turret Hardware,N-100,42216,109,8,Catalog photo,Verified,/assets/images/parts/manesty/pge-man-1084-lower-punch-scraper-seal-d-tooling-oem-42216.png
1085,982,PGE-MAN-1085,Manesty,MKI,SEAL INSTALLATION TOOL- ‘D’ TOOLING,Turret Hardware,N-100/1,N/A,109,9,Catalog photo,Verified,/assets/images/parts/manesty/pge-man-1085-seal-installation-tool-d-tooling-oem-n-a.png
1086,983,PGE-MAN-1086,Manesty,MKI,LOWER PUNCH SCRAPER SEAL ‘B’ TOOLING,Turret Hardware,N-750,44143,109,10,Catalog photo,Verified,/assets/images/parts/manesty/pge-man-1086-lower-punch-scraper-seal-b-tooling-oem-44143.png
1087,984,PGE-MAN-1087,Manesty,MKI,SEAL INSTALLATION TOOL ’B’ TOOLING,Turret Hardware,N-750/1,N/A,109,11,Catalog photo,Verified,/assets/images/parts/manesty/pge-man-1087-seal-installation-tool-b-tooling-oem-n-a.png
1090,985,PGE-MAN-1090,Manesty,MKI,LOWER PUNCH RETAINER SPRING,Turret Hardware,SP-249,39249,109,14,Catalog photo,Verified,/assets/images/parts/manesty/pge-man-1090-lower-punch-retainer-spring-oem-39249.png
1091,986,PGE-MAN-1091,Manesty,MKI,37 STATION TURRET ASSEMBLY*,Turrets,M1-37T/A,39367,109,15,Catalog photo,Verified,/assets/images/parts/manesty/pge-man-1091-37-station-turret-assembly-oem-39367.png
1092,987,PGE-MAN-1092,Manesty,MKI,45 STATION TURRET ASSEMBLY*,Turrets,M1-45T/A,45203,110,1,Catalog photo,Verified,/assets/images/parts/manesty/pge-man-1092-45-station-turret-assembly-oem-45203.png
1093,988,PGE-MAN-1093,Manesty,MKI,45 STATION TURRET ASSEMBLY* - STAINLESS DIE TABLE,Turrets,M1-45TS/A,N/A,110,2,Catalog photo,Verified,/assets/images/parts/manesty/pge-man-1093-45-station-turret-assembly-stainless-die-table-oem-n-a.png
1094,989,PGE-MAN-1094,Manesty,MKI,55 STATION TURRET ASSEMBLY*,Turrets,M1-55T/A,45204,110,3,Catalog photo,Verified,/assets/images/parts/manesty/pge-man-1094-55-station-turret-assembly-oem-45204.png
1095,990,PGE-MAN-1095,Manesty,MKI,61 STATION TURRET ASSEMBLY*,Turrets,M1-61T/A,45421,110,4,Catalog photo,Verified,/assets/images/parts/manesty/pge-man-1095-61-station-turret-assembly-oem-45421.png
1096,991,PGE-MAN-1096,Manesty,MKI,CLAMP STRIP FOR UPPER LOWERING CAM,Upper Cam Tracks,M1-123,56123,110,5,Catalog photo,Verified,/assets/images/parts/manesty/pge-man-1096-clamp-strip-for-upper-lowering-cam-oem-56123.png
1097,992,PGE-MAN-1097,Manesty,MKI,WEAR STRIP FOR UPPER LOWERING CAM,Upper Cam Tracks,M1-25,56125,110,6,Catalog photo,Verified,/assets/images/parts/manesty/pge-man-1097-wear-strip-for-upper-lowering-cam-oem-56125.png
1098,993,PGE-MAN-1098,Manesty,MKI,WEAR PLATE WITHOUT SLOT,Upper Cam Tracks,MB1-06,39606,110,7,Catalog photo,Verified,/assets/images/parts/manesty/pge-man-1098-wear-plate-without-slot-oem-39606.png
1099,994,PGE-MAN-1099,Manesty,MKI,WEAR PLATE WITH SLOT,Upper Cam Tracks,MB1-07,39607,110,8,Catalog photo,Verified,/assets/images/parts/manesty/pge-man-1099-wear-plate-with-slot-oem-39607.png
1100,995,PGE-MAN-1100,Manesty,MKI,UPPER LIFTING CAM - EU B,Upper Cam Tracks,MB1-312,39312,110,9,Catalog photo,Verified,/assets/images/parts/manesty/pge-man-1100-upper-lifting-cam-eu-b-oem-39312.png
1101,996,PGE-MAN-1101,Manesty,MKI,CAM BEHIND PRESSURE ROLL - EU B,Upper Cam Tracks,MB1-314,39314,110,10,Catalog photo,Verified,/assets/images/parts/manesty/pge-man-1101-cam-behind-pressure-roll-eu-b-oem-39314.png
1102,997,PGE-MAN-1102,Manesty,MKI,INSERT IN WEAR PLATE,Upper Cam Tracks,MB1-609,39609,110,11,Catalog photo,Verified,/assets/images/parts/manesty/pge-man-1102-insert-in-wear-plate-oem-39609.png
1103,998,PGE-MAN-1103,Manesty,MKI,UPPER LOWERING CAM - IPT B,Upper Cam Tracks,MB1-994,39994,110,12,Catalog photo,Verified,/assets/images/parts/manesty/pge-man-1103-upper-lowering-cam-ipt-b-oem-39994.png
1104,999,PGE-MAN-1104,Manesty,MKI,UPPER LIFTING CAM - IPT B,Upper Cam Tracks,MB1-995,39995,110,13,Catalog photo,Verified,/assets/images/parts/manesty/pge-man-1104-upper-lifting-cam-ipt-b-oem-39995.png
1105,1000,PGE-MAN-1105,Manesty,MKI,UPPER LOWERING CAM - EU & IPT D,Upper Cam Tracks,MD1-283,39283,110,14,Catalog photo,Verified,/assets/images/parts/manesty/pge-man-1105-upper-lowering-cam-eu-ipt-d-oem-39283.png
