sku,make,model,part_name,category,catalog_part_number,oem_number,catalog_page,photo_status,image_path,landing_page,source_verification
PGE-MAN-0001,Manesty,B3B,SEALING RING,Drive Components,M-123,35123,32,Catalog photo,/assets/images/catalog-thumbs/manesty-light-v1/f34f1be7a535c72d5e327551-full.webp,/parts/pge-man-0001/,Verified
PGE-MAN-0002,Manesty,B3B,BEARING FOR WORM SHAFT,Drive Components,M-51,35051,32,Catalog photo,/assets/images/catalog-thumbs/manesty-light-v1/8639062c01b3acab897c3b10-full.webp,/parts/pge-man-0002/,Verified
PGE-MAN-0003,Manesty,B3B,SPACER,Drive Components,M5-11,35113,32,Catalog photo,/assets/images/catalog-thumbs/manesty-light-v1/19f2e54abe422079de20e908-full.webp,/parts/pge-man-0003/,Verified
PGE-MAN-0004,Manesty,B3B,SPACER,Drive Components,M5-112,35112,32,Catalog photo,/assets/images/catalog-thumbs/manesty-light-v1/f1b345ef3918bfad1578a713-full.webp,/parts/pge-man-0004/,Verified
PGE-MAN-0005,Manesty,B3B,WORMSHAFT,Drive Components,M5-160,35160,32,Catalog photo,/assets/images/catalog-thumbs/manesty-light-v1/78e3be672819b6f3dd65d3a2-full.webp,/parts/pge-man-0005/,Verified
PGE-MAN-0006,Manesty,B3B,BEARING FOR WORM SHAFT,Drive Components,M5-52,35052,32,Catalog photo,/assets/images/catalog-thumbs/manesty-light-v1/0797e97183e46d0846a7927f-full.webp,/parts/pge-man-0006/,Verified
PGE-MAN-0007,Manesty,B3B,SEALING RING,Drive Components,M5-87,35087,32,Catalog photo,/assets/images/catalog-thumbs/manesty-light-v1/1d1e1cc56d8a529d750131f5-full.webp,/parts/pge-man-0007/,Verified
PGE-MAN-0008,Manesty,B3B,BRONZE WORM,Drive Components,WG-4,"35042, A-213-848-1",32,Catalog photo,/assets/images/catalog-thumbs/manesty-light-v1/b3eadbb91a47c19c27d6ceba-full.webp,/parts/pge-man-0008/,Verified
PGE-MAN-0009,Manesty,B3B,FLANGED SPACER,Drive Components,M-115,35115,32,Catalog photo,/assets/images/catalog-thumbs/manesty-light-v1/c12353abbf3ad85f5509557b-full.webp,/parts/pge-man-0009/,Verified
PGE-MAN-0010,Manesty,B3B,REAR LOWER GUARD TOP PLATE,Guarding,M5-167,35167,32,Catalog photo,/assets/images/catalog-thumbs/manesty-light-v1/e18afd801a72abb8a119fdd1-full.webp,/parts/pge-man-0010/,Verified
PGE-MAN-0011,Manesty,B3B,TURRET GUARD SET (3 PCS),Guarding,M5-456,Not listed in source catalog,32,Catalog photo,/assets/images/catalog-thumbs/manesty-light-v1/3489267e91ed3ba950efdaa9-full.webp,/parts/pge-man-0011/,Verified
PGE-MAN-0012,Manesty,B3B,SIDE UPPER GUIDE PIECE,Guarding,M5-5,Not listed in source catalog,32,Catalog photo,/assets/images/catalog-thumbs/manesty-light-v1/789d7fa64e38b9237922630c-full.webp,/parts/pge-man-0012/,Verified
PGE-MAN-0013,Manesty,B3B,DRIP LUBRICATOR,Hydraulic & Lubrication Components,M-15,1150,32,Catalog photo,/assets/images/catalog-thumbs/manesty-light-v1/be58c1f16aa81cf9f2dbac06-full.webp,/parts/pge-man-0013/,Verified
PGE-MAN-0014,Manesty,B3B,HYDRAULIC TONNAGE GAUGE SYSTEM,Hydraulic & Lubrication Components,M-177,Not listed in source catalog,32,Catalog photo,/assets/images/catalog-thumbs/manesty-light-v1/319f49d852469c6994e774d2-full.webp,/parts/pge-man-0014/,Verified
PGE-MAN-0015,Manesty,B3B,UPPER OIL PAD,Hydraulic & Lubrication Components,M-72,35072,32,Catalog photo,/assets/images/catalog-thumbs/manesty-light-v1/b3bead43380763c15840450a-full.webp,/parts/pge-man-0015/,Verified
PGE-MAN-0016,Manesty,B3B,DRIP LUBRICATOR,Hydraulic & Lubrication Components,M-78,36178,33,Catalog photo,/assets/images/catalog-thumbs/manesty-light-v1/d56737b363f09049452414e6-full.webp,/parts/pge-man-0016/,Verified
PGE-MAN-0017,Manesty,B3B,PUNCH LOADING PLUG,Lower Cam Tracks,M-10,35010,33,Catalog photo,/assets/images/catalog-thumbs/manesty-light-v1/01aaa11b5f62e715c44870ca-full.webp,/parts/pge-man-0017/,Verified
PGE-MAN-0018,Manesty,B3B,WEIGHT ADJUST CAM SCREW,Lower Cam Tracks,M5-148,35148,33,Catalog photo,/assets/images/catalog-thumbs/manesty-light-v1/904511cbba814af1e50050c4-full.webp,/parts/pge-man-0018/,Verified
PGE-MAN-0019,Manesty,B3B,EJECTION CAM,Lower Cam Tracks,M5-22,35022,33,Catalog photo,/assets/images/catalog-thumbs/manesty-light-v1/bfb13cdc595ec42dfaf6991c-full.webp,/parts/pge-man-0019/,Verified
PGE-MAN-0020,Manesty,B3B,LOWER CAM TRACK,Lower Cam Tracks,M5-72,35172,33,Catalog photo,/assets/images/catalog-thumbs/manesty-light-v1/55185d20b6c16f2dbf510800-full.webp,/parts/pge-man-0020/,Verified
PGE-MAN-0021,Manesty,B3B,PUNCH ADJUSTER SCREW,Lower Cam Tracks,M-94,36094,33,Catalog photo,/assets/images/catalog-thumbs/manesty-light-v1/8358e91b6fdc4881e70a49c8-full.webp,/parts/pge-man-0021/,Verified
PGE-MAN-0022,Manesty,B3B,FULCRUM PIN,Pressure Rolls & Components,M5-23,35023,33,Catalog photo,/assets/images/catalog-thumbs/manesty-light-v1/40694c100bb49e16c5b11525-full.webp,/parts/pge-man-0022/,Verified
PGE-MAN-0023,Manesty,B3B,UPPER ROLL PIN,Pressure Rolls & Components,M5-8,35008,33,Catalog photo,/assets/images/catalog-thumbs/manesty-light-v1/e27021bf60a87d30bc93ee1a-full.webp,/parts/pge-man-0023/,Verified
PGE-MAN-0024,Manesty,B3B,LOWER ROLL PIN,Pressure Rolls & Components,M-9,35009,33,Catalog photo,/assets/images/catalog-thumbs/manesty-light-v1/404cf900bd5daf976cf930df-full.webp,/parts/pge-man-0024/,Verified
PGE-MAN-0025,Manesty,B3B,UPPER OR LOWER PRESSURE ROLL,Pressure Rolls & Components,PR-7,35007,33,Catalog photo,/assets/images/catalog-thumbs/manesty-light-v1/ba13bdeea10cdfae3e6495b7-full.webp,/parts/pge-man-0025/,Verified
PGE-MAN-0026,Manesty,B3B,DUST NOZZLE ASSEMBLY,Product Control,M-117,35117,33,Catalog photo,/assets/images/catalog-thumbs/manesty-light-v1/94030ccab97951c981d72397-full.webp,/parts/pge-man-0026/,Verified
PGE-MAN-0027,Manesty,B3B,FEED FRAME LOCKNUT,Product Control,M-118,36118,33,Catalog photo,/assets/images/catalog-thumbs/manesty-light-v1/a0bfaf15acbd95c8935a3d27-full.webp,/parts/pge-man-0027/,Verified
PGE-MAN-0028,Manesty,B3B,HOPPER SPINDLE - COMPLETE,Product Control,M-124,35124,33,Catalog photo,/assets/images/catalog-thumbs/manesty-light-v1/44d0cf11859104dbe55215ab-full.webp,/parts/pge-man-0028/,Verified
PGE-MAN-0029,Manesty,B3B,FEED FRAME LOCKNUT - FRONT,Product Control,M5-041,35041,33,Catalog photo,/assets/images/catalog-thumbs/manesty-light-v1/e98938d910766015836365b5-full.webp,/parts/pge-man-0029/,Verified
PGE-MAN-0030,Manesty,B3B,FEED FRAME STUD,Product Control,M5-110,35110,33,Catalog photo,/assets/images/catalog-thumbs/manesty-light-v1/904c06e7766c11774fccb07b-full.webp,/parts/pge-man-0030/,Verified
PGE-MAN-0031,Manesty,B3B,SCRAPER BLADE,Product Control,M5-16,35016,34,Catalog photo,/assets/images/catalog-thumbs/manesty-light-v1/de05e4641f3944ce95f41573-full.webp,/parts/pge-man-0031/,Verified
PGE-MAN-0032,Manesty,B3B,TAKE-OFF PLATE,Product Control,M5-17,35017,34,Catalog photo,/assets/images/catalog-thumbs/manesty-light-v1/617a49b13bb02c88bb1f6b38-full.webp,/parts/pge-man-0032/,Verified
PGE-MAN-0033,Manesty,B3B,HOPPER CLAMP SCREW,Product Control,M-67,36067,34,Catalog photo,/assets/images/catalog-thumbs/manesty-light-v1/1d69d7dcff072f975a3e8774-full.webp,/parts/pge-man-0033/,Verified
PGE-MAN-0034,Manesty,B3B,HOPPER,Product Control,M-103,35103,34,Catalog photo,/assets/images/catalog-thumbs/manesty-light-v1/9dc97aa92312ae8f3d37b4c5-full.webp,/parts/pge-man-0034/,Verified
PGE-MAN-0037,Manesty,B3B,FEED FRAME,Product Control,SB1-57,C-220-057-1,34,Catalog photo,/assets/images/catalog-thumbs/manesty-light-v1/ea344a60e03b88a1cb79ae75-full.webp,/parts/pge-man-0037/,Verified
PGE-MAN-0038,Manesty,B3B,FEED FRAME- ASSEMBLY,Product Control,SB1-57/A,C-220-057-1,34,Catalog photo,/assets/images/catalog-thumbs/manesty-light-v1/3f75fe4df785a291f071e5d2-full.webp,/parts/pge-man-0038/,Verified
PGE-MAN-0039,Manesty,B3B,FEED FRAME- ALUMINUM,Product Control,SB1-57/AL,C-220-157-1A,34,Catalog photo,/assets/images/catalog-thumbs/manesty-light-v1/e73d91d1865cafdbdbe59b2f-full.webp,/parts/pge-man-0039/,Verified
PGE-MAN-0041,Manesty,B3B,SCRAPER SPRING,Product Control,SP-8,"37077, 35018, 36062",34,Catalog photo,/assets/images/catalog-thumbs/manesty-light-v1/51f1f40b7d46d021920c62a8-full.webp,/parts/pge-man-0041/,Verified
PGE-MAN-0042,Manesty,B3B,FORK PIN,Thickness/Hardness Components,M-24,35024,34,Catalog photo,/assets/images/catalog-thumbs/manesty-light-v1/ae56f409fae52a1af1619e02-full.webp,/parts/pge-man-0042/,Verified
PGE-MAN-0043,Manesty,B3B,DIE LOCK SCREW,Turret Hardware,DL-50/1,Not listed in source catalog,34,Catalog photo,/assets/images/catalog-thumbs/manesty-light-v1/2447f1d0fcfaeb9bb50b47ba-full.webp,/parts/pge-man-0043/,Verified
PGE-MAN-0044,Manesty,B3B,DIE LOCK SCREW,Turret Hardware,DL-50/2,44775,34,Catalog photo,/assets/images/catalog-thumbs/manesty-light-v1/952f8ae6f174de853ee5ef46-full.webp,/parts/pge-man-0044/,Verified
PGE-MAN-0045,Manesty,B3B,DIE LOCK SCREW,Turret Hardware,DL-56,"36156, AD-0",34,Catalog photo,/assets/images/catalog-thumbs/manesty-light-v1/37e04d81a13502393c4b6216-full.webp,/parts/pge-man-0045/,Verified
PGE-MAN-0046,Manesty,B3B,LOWER PUNCH RETAINER SPRING,Turret Hardware,M-518,38518,35,Catalog photo,/assets/images/catalog-thumbs/manesty-light-v1/a0dee6b7922f868a70d93b4c-full.webp,/parts/pge-man-0046/,Verified
PGE-MAN-0047,Manesty,B3B,LOWER PUNCH RETAINER,Turret Hardware,M-519,38519,35,Catalog photo,/assets/images/catalog-thumbs/manesty-light-v1/c5ea5dd5da2da8993b5e9485-full.webp,/parts/pge-man-0047/,Verified
PGE-MAN-0048,Manesty,B3B,LOWER PUNCH RETAINER SCREW,Turret Hardware,M-69,39690,35,Catalog photo,/assets/images/catalog-thumbs/manesty-light-v1/bfcc33aa123ea6f227794faf-full.webp,/parts/pge-man-0048/,Verified
PGE-MAN-0049,Manesty,B3B,PUNCH ADJUSTER SCREW,Turret Hardware,M-94,36094,35,Catalog photo,/assets/images/catalog-thumbs/manesty-light-v1/384f0894e8dbfa1c276dd739-full.webp,/parts/pge-man-0049/,Verified
PGE-MAN-0050,Manesty,B3B,TURRET HEAD BUSH - SET (2),Turret Hardware,M-182,37182,35,Catalog photo,/assets/images/catalog-thumbs/manesty-light-v1/9c6246be96c2faa787161694-full.webp,/parts/pge-man-0050/,Verified
PGE-MAN-0051,Manesty,B3B,COLUMN,Turret Hardware,M-129,35129,35,Catalog photo,/assets/images/catalog-thumbs/manesty-light-v1/58f14d6914602ce6c835e435-full.webp,/parts/pge-man-0051/,Verified
PGE-MAN-0054,Manesty,B3B,UPPER CAM BODY W/TAKE OUT PLATE,Upper Cam Tracks,M5-200,35200,35,Catalog photo,/assets/images/catalog-thumbs/manesty-light-v1/1108a57e52cd2d2fa510cf63-full.webp,/parts/pge-man-0054/,Verified
PGE-MAN-0055,Manesty,B3B,ANTI FLIGHT RAIL,Upper Cam Tracks,M5-200/AFR,Not listed in source catalog,35,Catalog photo,/assets/images/catalog-thumbs/manesty-light-v1/5d827343f812c8a0607ef882-full.webp,/parts/pge-man-0055/,Verified
PGE-MAN-0056,Manesty,B3B,GUIDE PIECE,Upper Cam Tracks,M5-26,35126,35,Catalog photo,/assets/images/catalog-thumbs/manesty-light-v1/a76e0dfa2e67a82f7323be60-full.webp,/parts/pge-man-0056/,Verified
PGE-MAN-0057,Manesty,B3B,TAKE OUT PLATE,Upper Cam Tracks,M5-66,35166,35,Catalog photo,/assets/images/catalog-thumbs/manesty-light-v1/38847e834a3bc1f50853f751-full.webp,/parts/pge-man-0057/,Verified
PGE-MAN-0058,Manesty,B3B,UPPER LOWERING CAM - EU OR IPT,Upper Cam Tracks,M5-91,35091,35,Catalog photo,/assets/images/catalog-thumbs/manesty-light-v1/ac49b5b07a9cd83ce8e60494-full.webp,/parts/pge-man-0058/,Verified
PGE-MAN-0059,Manesty,B3B,UPPER LIFTING CAM - EU OR IPT,Weight Adjusting Components,M5-92,35092,35,Catalog photo,/assets/images/catalog-thumbs/manesty-light-v1/4afc7497ea3c7f5997804d88-full.webp,/parts/pge-man-0059/,Verified
PGE-MAN-0060,Manesty,B3B,LOCKNUT FOR WEIGHT ADJUSTER,Weight Adjusting Components,M-153,35153,35,Catalog photo,/assets/images/catalog-thumbs/manesty-light-v1/7e388ad42ade40ebd1d0c57d-full.webp,/parts/pge-man-0060/,Verified
PGE-MAN-0061,Manesty,B3B,1/2” BEARING FOR WORM SHAFT,Drive Components,M9-788,Not listed in source catalog,36,Catalog photo,/assets/images/catalog-thumbs/manesty-light-v1/8533a497aebe90b1ac7f7d89-full.webp,/parts/pge-man-0061/,Verified
PGE-MAN-0062,Manesty,B3B,LOWER CAM TRACK PULLDOWN - SHALLOW,Lower Cam Tracks,SD4-240-.31,Not listed in source catalog,36,Catalog photo,/assets/images/catalog-thumbs/manesty-light-v1/e4bc863e8c02ec19fcc91c71-full.webp,/parts/pge-man-0062/,Verified
PGE-MAN-0063,Manesty,B3B,PUNCH LOADING PLUG,Lower Cam Tracks,M-481,Not listed in source catalog,36,Catalog photo,/assets/images/catalog-thumbs/manesty-light-v1/ec1ba6e1932f70ceef7601e2-full.webp,/parts/pge-man-0063/,Verified
PGE-MAN-0064,Manesty,B3B,FEED FRAME-CLOSED,Product Control,M-231,6790231,36,Catalog photo,/assets/images/catalog-thumbs/manesty-light-v1/dc759b261c5f23d3b1ea4096-full.webp,/parts/pge-man-0064/,Verified
PGE-MAN-0065,Manesty,B3B,FEED FRAME-OPEN,Product Control,M-231/1,Not listed in source catalog,36,Catalog photo,/assets/images/catalog-thumbs/manesty-light-v1/025eed2e03e0b2bc151c778d-full.webp,/parts/pge-man-0065/,Verified
PGE-MAN-0066,Manesty,B3B,L.H PADDLE,Product Control,M9-727,Not listed in source catalog,36,Catalog photo,/assets/images/catalog-thumbs/manesty-light-v1/ed066b68c4d22ed38a50c886-full.webp,/parts/pge-man-0066/,Verified
PGE-MAN-0067,Manesty,B3B,HIGH LEVEL INSERT,Upper Cam Tracks,M6-244,35792,36,Catalog photo,/assets/images/catalog-thumbs/manesty-light-v1/447609ebbdd20b3ef430b977-full.webp,/parts/pge-man-0067/,Verified
PGE-MAN-0068,Manesty,B3B,TAKE OUT PIECE,Upper Cam Tracks,M6-245,36792,36,Catalog photo,/assets/images/catalog-thumbs/manesty-light-v1/92e0def0c42007d0a345cf5e-full.webp,/parts/pge-man-0068/,Verified
PGE-MAN-0069,Manesty,B3B,HIGH LEVEL INSERT 2,Upper Cam Tracks,M6-246,37792,36,Catalog photo,/assets/images/catalog-thumbs/manesty-light-v1/6f5d3e55db46c77475d162f2-full.webp,/parts/pge-man-0069/,Verified
PGE-MAN-0070,Manesty,B4,WEIGHT ADJUSTING RAMP WEDGE PIECE,Weight Adjusting Components,M-27,37027,37,Catalog photo,/assets/images/catalog-thumbs/manesty-light-v1/28bab4330507c8bc771f7247-full.webp,/parts/pge-man-0070/,Verified
PGE-MAN-0071,Manesty,B4,WEIGHT ADJUSTING CAM,Weight Adjusting Components,M5-147,35147,37,Catalog photo,/assets/images/catalog-thumbs/manesty-light-v1/eec756fb1f9641b0a44ab690-full.webp,/parts/pge-man-0071/,Verified
PGE-MAN-0072,Manesty,B4,PIN FOR WEDGE PIECE,Weight Adjusting Components,M-82,91882,37,Catalog photo,/assets/images/catalog-thumbs/manesty-light-v1/2124dd8eac17431f043cd16b-full.webp,/parts/pge-man-0072/,Verified
PGE-MAN-0073,Manesty,B4,SPRING FOR WEDGE SCREW,Weight Adjusting Components,MB3-01,37019,37,Catalog photo,/assets/images/catalog-thumbs/manesty-light-v1/c027b980bc995894fac45188-full.webp,/parts/pge-man-0073/,Verified
PGE-MAN-0074,Manesty,BB3B,FLANGED SPACER,Drive Components,M-108,37108,38,Catalog photo,/assets/images/catalog-thumbs/manesty-light-v1/4509443f1708f207ff7515c0-full.webp,/parts/pge-man-0074/,Verified
PGE-MAN-0075,Manesty,BB3B,FLANGED SPACER,Drive Components,M-115,35115,38,Catalog photo,/assets/images/catalog-thumbs/manesty-light-v1/5c925bda7773d60dc9db77f5-full.webp,/parts/pge-man-0075/,Verified
PGE-MAN-0076,Manesty,BB3B,SEALING RING,Drive Components,M-123,35123,38,Catalog photo,/assets/images/catalog-thumbs/manesty-light-v1/df88ae2b580e2cc72d4ad351-full.webp,/parts/pge-man-0076/,Verified
PGE-MAN-0077,Manesty,BB3B,BEARING FOR WORM SHAFT,Drive Components,M-371,36371,38,Catalog photo,/assets/images/catalog-thumbs/manesty-light-v1/9de643485faf685a6487f0a7-full.webp,/parts/pge-man-0077/,Verified
PGE-MAN-0078,Manesty,BB3B,BEARING FOR WORM SHAFT,Drive Components,M-51,35051,38,Catalog photo,/assets/images/catalog-thumbs/manesty-light-v1/08502be419fcea7795fb8cf9-full.webp,/parts/pge-man-0078/,Verified
PGE-MAN-0079,Manesty,BB3B,SPACER,Drive Components,MB3-109,37109,38,Catalog photo,/assets/images/catalog-thumbs/manesty-light-v1/e4d6c401effed95eb2192469-full.webp,/parts/pge-man-0079/,Verified
PGE-MAN-0080,Manesty,BB3B,SPACER,Drive Components,MB3-110,37110,38,Catalog photo,/assets/images/catalog-thumbs/manesty-light-v1/c243bf95c8f89c136eae8896-full.webp,/parts/pge-man-0080/,Verified
PGE-MAN-0081,Manesty,BB3B,SEALING RING,Drive Components,MB3-114,37114,38,Catalog photo,/assets/images/catalog-thumbs/manesty-light-v1/b4a8ee66538862f6ee127c13-full.webp,/parts/pge-man-0081/,Verified
PGE-MAN-0082,Manesty,BB3B,TAPERED WORMSHAFT,Drive Components,MB3-147,37147,38,Catalog photo,/assets/images/catalog-thumbs/manesty-light-v1/aef643b30c800fa2558baff7-full.webp,/parts/pge-man-0082/,Verified
PGE-MAN-0083,Manesty,BB3B,BEARING FOR WORM SHAFT,Drive Components,MB3-59,37059,38,Catalog photo,/assets/images/catalog-thumbs/manesty-light-v1/5ee6713df601bcc51a2bbae7-full.webp,/parts/pge-man-0083/,Verified
PGE-MAN-0084,Manesty,BB3B,BRONZE WORM,Drive Components,WG-4,"35042, A-213-848-1",38,Catalog photo,/assets/images/catalog-thumbs/manesty-light-v1/14e01d0a76ff17fdaaa3353c-full.webp,/parts/pge-man-0084/,Verified
PGE-MAN-0085,Manesty,BB3B,LEFT HAND SIDE TOP COVER,Guarding,MB3-193,37193,38,Catalog photo,/assets/images/catalog-thumbs/manesty-light-v1/3747edd9417223801c4d4a1d-full.webp,/parts/pge-man-0085/,Verified
PGE-MAN-0086,Manesty,BB3B,FRONT TOP COVER,Guarding,MB3-194,37194,38,Catalog photo,/assets/images/catalog-thumbs/manesty-light-v1/d4baa4039793febfbb1b321d-full.webp,/parts/pge-man-0086/,Verified
PGE-MAN-0087,Manesty,BB3B,REAR TOP COVER,Guarding,MB3-195,37195,38,Catalog photo,/assets/images/catalog-thumbs/manesty-light-v1/5614657570b16288a439366d-full.webp,/parts/pge-man-0087/,Verified
PGE-MAN-0088,Manesty,BB3B,TURRET GUARD SET (4 PCS),Guarding,TG-98,Not listed in source catalog,38,Catalog photo,/assets/images/catalog-thumbs/manesty-light-v1/da38d4a66818cf1abcf8d1f1-full.webp,/parts/pge-man-0088/,Verified
PGE-MAN-0089,Manesty,BB3B,DRIP LUBRICATOR,Hydraulic & Lubrication Components,M-15,1150,39,Catalog photo,/assets/images/catalog-thumbs/manesty-light-v1/ff52bea68127524fd90e0032-full.webp,/parts/pge-man-0089/,Verified
PGE-MAN-0090,Manesty,BB3B,HYDRAULIC TONNAGE GAUGE SYSTEM,Hydraulic & Lubrication Components,M-177,35177,39,Catalog photo,/assets/images/catalog-thumbs/manesty-light-v1/96bf2c2b07b3016f6b0bbe85-full.webp,/parts/pge-man-0090/,Verified
PGE-MAN-0091,Manesty,BB3B,UPPER OIL PAD,Hydraulic & Lubrication Components,M-72,35072,39,Catalog photo,/assets/images/catalog-thumbs/manesty-light-v1/fa6d8e81c761cd56033a4b28-full.webp,/parts/pge-man-0091/,Verified
PGE-MAN-0092,Manesty,BB3B,DRIP LUBRICATOR,Hydraulic & Lubrication Components,M-78,36178,39,Catalog photo,/assets/images/catalog-thumbs/manesty-light-v1/eb23d90759a358d88a53778c-full.webp,/parts/pge-man-0092/,Verified
PGE-MAN-0093,Manesty,BB3B,PUNCH LOADING PLUG,Lower Cam Tracks,M-10,35010,39,Catalog photo,/assets/images/catalog-thumbs/manesty-light-v1/7c5a7b8a646be45783d1b116-full.webp,/parts/pge-man-0093/,Verified
PGE-MAN-0094,Manesty,BB3B,LOWER CAM TRACK - EU B,Lower Cam Tracks,MB3-015,37015,39,Catalog photo,/assets/images/catalog-thumbs/manesty-light-v1/2ca963a6f825fb247f365de5-full.webp,/parts/pge-man-0094/,Verified
PGE-MAN-0095,Manesty,BB3B,EJECTION PAD,Lower Cam Tracks,MB3-016,37016,39,Catalog photo,/assets/images/catalog-thumbs/manesty-light-v1/72f7afb4cff26b56cc6a6013-full.webp,/parts/pge-man-0095/,Verified
PGE-MAN-0096,Manesty,BB3B,BLOCK ON LOWER CAM,Lower Cam Tracks,MB3-209,37209,39,Catalog photo,/assets/images/catalog-thumbs/manesty-light-v1/83ef162dbbd6c2d822d09116-full.webp,/parts/pge-man-0096/,Verified
PGE-MAN-0097,Manesty,BB3B,GUIDE PIECE,Lower Cam Tracks,MB3-36,37136,39,Catalog photo,/assets/images/catalog-thumbs/manesty-light-v1/ec686ee986b49a70138fb2f2-full.webp,/parts/pge-man-0097/,Verified
PGE-MAN-0098,Manesty,BB3B,LOWER CAM TRACK - US ‘B’,Lower Cam Tracks,MB3-74,37174,39,Catalog photo,/assets/images/catalog-thumbs/manesty-light-v1/6e5b98c47c00b70d16ef58f2-full.webp,/parts/pge-man-0098/,Verified
PGE-MAN-0099,Manesty,BB3B,LOWER CAM TRACK - BRONZE - IPT B,Lower Cam Tracks,MB3-74/B,37174,39,Catalog photo,/assets/images/catalog-thumbs/manesty-light-v1/c7e7e6de22b81e61d067141d-full.webp,/parts/pge-man-0099/,Verified
PGE-MAN-0100,Manesty,BB3B,LOWER CAM TRACK - SHALLOW FILL,Lower Cam Tracks,MB3-74/SF,Not listed in source catalog,39,Catalog photo,/assets/images/catalog-thumbs/manesty-light-v1/07b2ef2c73219fb0891fdcac-full.webp,/parts/pge-man-0100/,Verified
PGE-MAN-0101,Manesty,BB3B,SHALLOW FILL CAM W/NON DROP SUPPORT - 9/16” FILL - IPT B,Lower Cam Tracks,MB3-74/SF2,Not listed in source catalog,39,Catalog photo,/assets/images/catalog-thumbs/manesty-light-v1/eb3c977de8fc313863407769-full.webp,/parts/pge-man-0101/,Verified
PGE-MAN-0102,Manesty,BB3B,LOWER CAM TRACK - WITHOUT EJECTION ADJ.- IPT B,Lower Cam Tracks,MB3-74/1,37174,39,Catalog photo,/assets/images/catalog-thumbs/manesty-light-v1/26b740773737d25389cfc8d6-full.webp,/parts/pge-man-0102/,Verified
PGE-MAN-0108,Manesty,BB3B,LOWER ROLL PIN,Pressure Rolls & Components,M-9,35009,40,Catalog photo,/assets/images/catalog-thumbs/manesty-light-v1/201e23df5064092c57272a36-full.webp,/parts/pge-man-0108/,Verified
PGE-MAN-0109,Manesty,BB3B,FULCRUM PIN,Pressure Rolls & Components,MB3-06,37006,40,Catalog photo,/assets/images/catalog-thumbs/manesty-light-v1/e6fb0aac0cf64d155642d4b6-full.webp,/parts/pge-man-0109/,Verified
PGE-MAN-0110,Manesty,BB3B,UPPER PRESSURE ROLL PIN,Pressure Rolls & Components,MB3-47,37047,40,Catalog photo,/assets/images/catalog-thumbs/manesty-light-v1/1523d6f91d4a74eb76bc32bf-full.webp,/parts/pge-man-0110/,Verified
PGE-MAN-0111,Manesty,BB3B,UPPER OR LOWER PRESSURE ROLL,Pressure Rolls & Components,PR-7,35007,40,Catalog photo,/assets/images/catalog-thumbs/manesty-light-v1/a5a585248d6d76c2967ecf4f-full.webp,/parts/pge-man-0111/,Verified
PGE-MAN-0112,Manesty,BB3B,DUST NOZZLE ASSEMBLY,Product Control,M-117,35117,40,Catalog photo,/assets/images/catalog-thumbs/manesty-light-v1/4ddf1da5864abcd1d7f1fe7e-full.webp,/parts/pge-man-0112/,Verified
PGE-MAN-0113,Manesty,BB3B,HOPPER SPINDLE - COMPLETE,Product Control,M-124,35124,40,Catalog photo,/assets/images/catalog-thumbs/manesty-light-v1/c282af9191a21050ea68378a-full.webp,/parts/pge-man-0113/,Verified
PGE-MAN-0114,Manesty,BB3B,HOPPER CLAMP SCREW,Product Control,M-67,36067,40,Catalog photo,/assets/images/catalog-thumbs/manesty-light-v1/16a55d8693bea74aaf27b232-full.webp,/parts/pge-man-0114/,Verified
PGE-MAN-0115,Manesty,BB3B,HOPPER LINK STUD,Product Control,MB3-035,37035,40,Catalog photo,/assets/images/catalog-thumbs/manesty-light-v1/683581904c68b48b2f868b08-full.webp,/parts/pge-man-0115/,Verified
PGE-MAN-0116,Manesty,BB3B,TABLET CHUTE ASSEMBLY (CHUTE & DEFLECTOR STRIP),Product Control,MB3-096,37096,40,Catalog photo,/assets/images/catalog-thumbs/manesty-light-v1/59fdf9e3fa100b4d2c601eb1-full.webp,/parts/pge-man-0116/,Verified
PGE-MAN-0117,Manesty,BB3B,DUST NOZZLE BRACKET COLLAR SET,Product Control,MB3-119,35119,40,Catalog photo,/assets/images/catalog-thumbs/manesty-light-v1/63c8a3f5e2135045608f0932-full.webp,/parts/pge-man-0117/,Verified
PGE-MAN-0118,Manesty,BB3B,GUIDE STRIP,Product Control,MB3-167,37167,40,Catalog photo,/assets/images/catalog-thumbs/manesty-light-v1/ce299904f43590a05e4d8039-full.webp,/parts/pge-man-0118/,Verified
PGE-MAN-0119,Manesty,BB3B,FEED FRAME MOUNT,Product Control,MB3-178,37178,41,Catalog photo,/assets/images/catalog-thumbs/manesty-light-v1/bc2a689941d404b708b6e1ce-full.webp,/parts/pge-man-0119/,Verified
PGE-MAN-0120,Manesty,BB3B,FEED FRAME LOCKSCREW,Product Control,MB3-179,37179,41,Catalog photo,/assets/images/catalog-thumbs/manesty-light-v1/1a0db596862c8ba250c2450a-full.webp,/parts/pge-man-0120/,Verified
PGE-MAN-0121,Manesty,BB3B,SCRAPER BLADE - REAR - SEE SB1-79,Product Control,MB3-20,37220,41,Catalog photo,/assets/images/catalog-thumbs/manesty-light-v1/c984b8079c2dd2ea855242f5-full.webp,/parts/pge-man-0121/,Verified
PGE-MAN-0122,Manesty,BB3B,SCRAPER BLADE - FRONT,Product Control,MB3-21,37221,41,Catalog photo,/assets/images/catalog-thumbs/manesty-light-v1/bcc8357411383c013f341c81-full.webp,/parts/pge-man-0122/,Verified
PGE-MAN-0123,Manesty,BB3B,FEED FRAME ANGLE PIECE,Product Control,MB3-57,37157,41,Catalog photo,/assets/images/catalog-thumbs/manesty-light-v1/faa74f53f5e1ed3999260cb0-full.webp,/parts/pge-man-0123/,Verified
PGE-MAN-0124,Manesty,BB3B,TAKE-OFF PLATE - FRONT,Product Control,MB3-79,37079,41,Catalog photo,/assets/images/catalog-thumbs/manesty-light-v1/9a445054501403af3ead7b9a-full.webp,/parts/pge-man-0124/,Verified
PGE-MAN-0125,Manesty,BB3B,TAKE-OFF PLATE - REAR,Product Control,MB3-80,37080,41,Catalog photo,/assets/images/catalog-thumbs/manesty-light-v1/41ca1bc1de0f5f3c2650fdb7-full.webp,/parts/pge-man-0125/,Verified
PGE-MAN-0126,Manesty,BB3B,FEED FRAME - FRONT ASSEMBLY,Product Control,MB3-81/F/A,37081,41,Catalog photo,/assets/images/catalog-thumbs/manesty-light-v1/22b69b4f9c795dea07ceff6d-full.webp,/parts/pge-man-0126/,Verified
PGE-MAN-0127,Manesty,BB3B,FEED FRAME - FRONT (STAINLESS STEEL) ASSEMBLY,Product Control,MB3-81/FS/A,37081,41,Catalog photo,/assets/images/catalog-thumbs/manesty-light-v1/6d646f481e0b275b257e19cc-full.webp,/parts/pge-man-0127/,Verified
PGE-MAN-0128,Manesty,BB3B,FEED FRAME - REAR ASSEMBLY,Product Control,MB3-81/R/A,37082,41,Catalog photo,/assets/images/catalog-thumbs/manesty-light-v1/37ef40bc8429cd82e7eb0251-full.webp,/parts/pge-man-0128/,Verified
PGE-MAN-0130,Manesty,BB3B,FEED FRAME - REAR (STAINLESS STEEL) ASSEMBLY,Product Control,MB3-81/RS/A,37082,41,Catalog photo,/assets/images/catalog-thumbs/manesty-light-v1/94ed233cf3b9e9448b908bee-full.webp,/parts/pge-man-0130/,Verified
PGE-MAN-0132,Manesty,BB3B,HOPPER,Product Control,M-103,35103,41,Catalog photo,/assets/images/catalog-thumbs/manesty-light-v1/01ac33d812d1a03f9f69d7e3-full.webp,/parts/pge-man-0132/,Verified
PGE-MAN-0133,Manesty,BB3B,SCRAPER SPRING,Product Control,SP-8,"37077, 35018, 36062",41,Catalog photo,/assets/images/catalog-thumbs/manesty-light-v1/aac05e9c0a4f04d65683b5f4-full.webp,/parts/pge-man-0133/,Verified
PGE-MAN-0135,Manesty,BB3B,REAR SCRAPER BLADE,Product Control,MB3-169,Not listed in source catalog,42,Catalog photo,/assets/images/catalog-thumbs/manesty-light-v1/17d79a086a76e4070f899c4d-full.webp,/parts/pge-man-0135/,Verified
PGE-MAN-0136,Manesty,BB3B,FORK PIN,Thickness/Hardness Components,M-24,35024,42,Catalog photo,/assets/images/catalog-thumbs/manesty-light-v1/5c43af1719fa18219f37442e-full.webp,/parts/pge-man-0136/,Verified
PGE-MAN-0137,Manesty,BB3B,PRESSURE LEVER PIN,Thickness/Hardness Components,M-26,35026,42,Catalog photo,/assets/images/catalog-thumbs/manesty-light-v1/1d8e75e7b643ea4e28e1dd88-full.webp,/parts/pge-man-0137/,Verified
PGE-MAN-0138,Manesty,BB3B,ECCENTRIC SHAFT,Thickness/Hardness Components,MB3-153,37153,42,Catalog photo,/assets/images/catalog-thumbs/manesty-light-v1/72f0e3e754ba405c1fa0484e-full.webp,/parts/pge-man-0138/,Verified
PGE-MAN-0139,Manesty,BB3B,EYE BOLT-LONG,Thickness/Hardness Components,N-EB1,Not listed in source catalog,42,Catalog photo,/assets/images/catalog-thumbs/manesty-light-v1/942c9295750f4ea74f70bbb5-full.webp,/parts/pge-man-0139/,Verified
PGE-MAN-0140,Manesty,BB3B,HAND WHEEL,Thickness/Hardness Components,N-HW1,Not listed in source catalog,42,Catalog photo,/assets/images/catalog-thumbs/manesty-light-v1/f6821d0b56ce34f527fb2a32-full.webp,/parts/pge-man-0140/,Verified
PGE-MAN-0141,Manesty,BB3B,DIE LOCK SCREW,Turret Hardware,DL-56,"36156, AD-0",42,Catalog photo,/assets/images/catalog-thumbs/manesty-light-v1/01115747d85ec7c1b7c43bc6-full.webp,/parts/pge-man-0141/,Verified
PGE-MAN-0142,Manesty,BB3B,DIE LOCK SCREW,Turret Hardware,DL-62/2,"45423, 11203011",42,Catalog photo,/assets/images/catalog-thumbs/manesty-light-v1/60bd9112a4d117765ec054cb-full.webp,/parts/pge-man-0142/,Verified
PGE-MAN-0143,Manesty,BB3B,DIE LOCK SCREW,Turret Hardware,DL-75/1,"45424, 11203012",42,Catalog photo,/assets/images/catalog-thumbs/manesty-light-v1/3dedd3ce24d8cc123eec824d-full.webp,/parts/pge-man-0143/,Verified
PGE-MAN-0144,Manesty,BB3B,DIE LOCK SCREW,Turret Hardware,DL-75/2,45424,42,Catalog photo,/assets/images/catalog-thumbs/manesty-light-v1/73a3daf6ee3878a502d9cb18-full.webp,/parts/pge-man-0144/,Verified
PGE-MAN-0145,Manesty,BB3B,COLUMN,Turret Hardware,M-129,35129,42,Catalog photo,/assets/images/catalog-thumbs/manesty-light-v1/bb3450296832552c3621697e-full.webp,/parts/pge-man-0145/,Verified
PGE-MAN-0146,Manesty,BB3B,LOWER PUNCH RETAINER SPRING,Turret Hardware,M-518,38518,42,Catalog photo,/assets/images/catalog-thumbs/manesty-light-v1/81f739c75cb8e90722e4a513-full.webp,/parts/pge-man-0146/,Verified
PGE-MAN-0147,Manesty,BB3B,LOWER PUNCH RETAINER,Turret Hardware,M-519,38519,42,Catalog photo,/assets/images/catalog-thumbs/manesty-light-v1/beb87c53a18de7233b387e30-full.webp,/parts/pge-man-0147/,Verified
PGE-MAN-0148,Manesty,BB3B,LOWER PUNCH RETAINER SCREW,Turret Hardware,M-69,39690,42,Catalog photo,/assets/images/catalog-thumbs/manesty-light-v1/2572cf017ac466b5b99bb6ee-full.webp,/parts/pge-man-0148/,Verified
PGE-MAN-0149,Manesty,BB3B,TURRET HEAD BUSH - SET (2),Turret Hardware,M-182,37182,43,Catalog photo,/assets/images/catalog-thumbs/manesty-light-v1/c3e5104ee499863a2a500159-full.webp,/parts/pge-man-0149/,Verified
PGE-MAN-0150,Manesty,BB3B,LOWER PUNCH RETAINER SPRING,Turret Hardware,SP-249,39249,43,Catalog photo,/assets/images/catalog-thumbs/manesty-light-v1/e162461f57769f32bfbc54e8-full.webp,/parts/pge-man-0150/,Verified
PGE-MAN-0151,Manesty,BB3B,LOWER PUNCH RETAINER SPRING - SHORT,Turret Hardware,SP-249/S,39249,43,Catalog photo,/assets/images/catalog-thumbs/manesty-light-v1/fdebdb24cc116f4b4aac84fe-full.webp,/parts/pge-man-0151/,Verified
PGE-MAN-0152,Manesty,BB3B,KEYWAY PLUG - 3/16” (TEFLON),Turret Hardware,N-316,Not listed in source catalog,43,Catalog photo,/assets/images/catalog-thumbs/manesty-light-v1/b617bfee36cb4673e838bf6c-full.webp,/parts/pge-man-0152/,Verified
PGE-MAN-0156,Manesty,BB3B,UPPER CAM BODY EU & IPT B,Upper Cam Tracks,MB3-709,37093,43,Catalog photo,/assets/images/catalog-thumbs/manesty-light-v1/ca8d3c06dad887321155ca6b-full.webp,/parts/pge-man-0156/,Verified
PGE-MAN-0157,Manesty,BB3B,ANTI-FLIGHT RAIL,Upper Cam Tracks,MB3-709/AR,Not listed in source catalog,43,Catalog photo,/assets/images/catalog-thumbs/manesty-light-v1/7cfcde0ddea795ea6554e28d-full.webp,/parts/pge-man-0157/,Verified
PGE-MAN-0158,Manesty,BB3B,TAKE OUT PLATE,Upper Cam Tracks,MB3-715,37151,43,Catalog photo,/assets/images/catalog-thumbs/manesty-light-v1/1dc1ef2e9741451b90af5227-full.webp,/parts/pge-man-0158/,Verified
PGE-MAN-0159,Manesty,BB3B,UPPER CAM LIFTING SIDE - EU & IPT B,Upper Cam Tracks,MB3-94,37094,43,Catalog photo,/assets/images/catalog-thumbs/manesty-light-v1/e07d3a5545c58a4b20f43d14-full.webp,/parts/pge-man-0159/,Verified
PGE-MAN-0160,Manesty,BB3B,UPPER CAM LOWERING SIDE ASSEMBLY - EU & IPT B,Upper Cam Tracks,MB3-95,37095,43,Catalog photo,/assets/images/catalog-thumbs/manesty-light-v1/8abd62b3f59d197581fee478-full.webp,/parts/pge-man-0160/,Verified
PGE-MAN-0162,Manesty,BB3B,LOCKNUT FOR WEIGHT ADJUSTER,Weight Adjusting Components,M-153,35153,43,Catalog photo,/assets/images/catalog-thumbs/manesty-light-v1/e04dc787b88a205be2c63636-full.webp,/parts/pge-man-0162/,Verified
PGE-MAN-0163,Manesty,BB3B,WEIGHT ADJUSTING RAMP WEDGE PIECE,Weight Adjusting Components,M-27,37027,43,Catalog photo,/assets/images/catalog-thumbs/manesty-light-v1/be371a4cd5ed806dd8998fc5-full.webp,/parts/pge-man-0163/,Verified
PGE-MAN-0164,Manesty,BB3B,EYEBOLT,Weight Adjusting Components,M-585,36585,44,Catalog photo,/assets/images/catalog-thumbs/manesty-light-v1/a132ba4d7ecaf6a7408b7082-full.webp,/parts/pge-man-0164/,Verified
PGE-MAN-0165,Manesty,BB3B,PIN FOR WEDGE PIECE,Weight Adjusting Components,M-82,91882,44,Catalog photo,/assets/images/catalog-thumbs/manesty-light-v1/aceeb7cfb47adf51f67b303f-full.webp,/parts/pge-man-0165/,Verified
PGE-MAN-0166,Manesty,BB3B,SPRING FOR WEDGE SCREW,Weight Adjusting Components,MB3-01,37019,44,Catalog photo,/assets/images/catalog-thumbs/manesty-light-v1/46a23f2d2df49eddeb5e583b-full.webp,/parts/pge-man-0166/,Verified
PGE-MAN-0167,Manesty,BB3B,WEDGE,Weight Adjusting Components,MB3-017,37017,44,Catalog photo,/assets/images/catalog-thumbs/manesty-light-v1/60884092132d8d00bdde25b7-full.webp,/parts/pge-man-0167/,Verified
PGE-MAN-0168,Manesty,BB3B,WEDGE SCREW FOR CAM WITH SPRING,Weight Adjusting Components,MB3-018,37018,44,Catalog photo,/assets/images/catalog-thumbs/manesty-light-v1/05a5541a79ec0693b53a3694-full.webp,/parts/pge-man-0168/,Verified
PGE-MAN-0169,Manesty,BB3B,WEIGHT ADJUSTING CAM,Weight Adjusting Components,MB3-020,37020,44,Catalog photo,/assets/images/catalog-thumbs/manesty-light-v1/390e02f0a9405db03e186be1-full.webp,/parts/pge-man-0169/,Verified
PGE-MAN-0170,Manesty,BB3B,WEIGHT ADJUSTING SCREW,Weight Adjusting Components,MB3-028,37028,44,Catalog photo,/assets/images/catalog-thumbs/manesty-light-v1/ead89e0d2ee3d71ef6f973c3-full.webp,/parts/pge-man-0170/,Verified
PGE-MAN-0171,Manesty,BB4,TIMING BELT,Drive Components,M9-066,68066,45,Catalog photo,/assets/images/catalog-thumbs/manesty-light-v1/dc73ea9bddb804728cb6b898-full.webp,/parts/pge-man-0171/,Verified
PGE-MAN-0172,Manesty,BB4,WORMSHAFT,Drive Components,M9-068,68068,45,Catalog photo,/assets/images/catalog-thumbs/manesty-light-v1/2aaf757c3047f27e474181e7-full.webp,/parts/pge-man-0172/,Verified
PGE-MAN-0173,Manesty,BB4,ROLLER BEARING FOR REAR DRIVE,Drive Components,M9-070,68070,45,Catalog photo,/assets/images/catalog-thumbs/manesty-light-v1/2708da402db260ffef828dd4-full.webp,/parts/pge-man-0173/,Verified
PGE-MAN-0174,Manesty,BB4,ANGULAR CONTACT BEARING,Drive Components,M9-072,68072,45,Catalog photo,/assets/images/catalog-thumbs/manesty-light-v1/77c51ac4f40351fbcf9d1571-full.webp,/parts/pge-man-0174/,Verified
PGE-MAN-0175,Manesty,BB4,FLANGED SPACER,Drive Components,M9-074,68074,45,Catalog photo,/assets/images/catalog-thumbs/manesty-light-v1/89a8d3d3137204e24e39ce80-full.webp,/parts/pge-man-0175/,Verified
PGE-MAN-0176,Manesty,BB4,MAIN BELT 60HZ,Drive Components,M9-199,68199,45,Catalog photo,/assets/images/catalog-thumbs/manesty-light-v1/6cb846bebed37da3aa56de4b-full.webp,/parts/pge-man-0176/,Verified
PGE-MAN-0177,Manesty,BB4,GEAR BOX CASING,Drive Components,M9-268,6372680,45,Catalog photo,/assets/images/catalog-thumbs/manesty-light-v1/7594e693ad60f24b3461eb8d-full.webp,/parts/pge-man-0177/,Verified
PGE-MAN-0178,Manesty,BB4,GEARBOX END PLATE,Drive Components,M9-268/1,6372680-1,45,Catalog photo,/assets/images/catalog-thumbs/manesty-light-v1/3c03d49fce20ae7fc4a852a9-full.webp,/parts/pge-man-0178/,Verified
PGE-MAN-0179,Manesty,BB4,GEARBOX END CAP - FRONT,Drive Components,M9-269,6372690,45,Catalog photo,/assets/images/catalog-thumbs/manesty-light-v1/56eb0c242d9985fd1784535b-full.webp,/parts/pge-man-0179/,Verified
PGE-MAN-0180,Manesty,BB4,MOTOR ADJ PLATE,Drive Components,M9-290-1,Not listed in source catalog,45,Catalog photo,/assets/images/catalog-thumbs/manesty-light-v1/4ced256e4f96216192b7921b-full.webp,/parts/pge-man-0180/,Verified
PGE-MAN-0181,Manesty,BB4,MOTOR GEAR,Drive Components,M9-294,68294,45,Catalog photo,/assets/images/catalog-thumbs/manesty-light-v1/ecd8c81cb0e161b285164017-full.webp,/parts/pge-man-0181/,Verified
PGE-MAN-0182,Manesty,BB4,WORM SHAFT GEAR,Drive Components,M9-295,6682950,45,Catalog photo,/assets/images/catalog-thumbs/manesty-light-v1/0bebff4ed838a084a90a06f0-full.webp,/parts/pge-man-0182/,Verified
PGE-MAN-0183,Manesty,BB4,5/8 BEARING FOR WORMSHAFT,Drive Components,M9-491,Not listed in source catalog,45,Catalog photo,/assets/images/catalog-thumbs/manesty-light-v1/5e56b055a78a510e3cb38d87-full.webp,/parts/pge-man-0183/,Verified
PGE-MAN-0184,Manesty,BB4,WORM SHAFT,Drive Components,M9-603,Not listed in source catalog,45,Catalog photo,/assets/images/catalog-thumbs/manesty-light-v1/450e2e35ba640a9625c7ae69-full.webp,/parts/pge-man-0184/,Verified
PGE-MAN-0185,Manesty,BB4,WORM GEAR,Drive Components,M9-604,Not listed in source catalog,45,Catalog photo,/assets/images/catalog-thumbs/manesty-light-v1/8f3e9982e07eff1dff1961d3-full.webp,/parts/pge-man-0185/,Verified
PGE-MAN-0186,Manesty,BB4,WHEEL SHAFT,Drive Components,M9-729,Not listed in source catalog,46,Catalog photo,/assets/images/catalog-thumbs/manesty-light-v1/e84f575f021c035548e6f055-full.webp,/parts/pge-man-0186/,Verified
PGE-MAN-0187,Manesty,BB4,SEALING RING - REAR DRIVE,Drive Components,M9-87,Not listed in source catalog,46,Catalog photo,/assets/images/catalog-thumbs/manesty-light-v1/5b51bc1534f48d4b9ad5f932-full.webp,/parts/pge-man-0187/,Verified
PGE-MAN-0188,Manesty,BB4,KEYWAY PLUG - 3/16” (TEFLON),Drive Components,N-316,Not listed in source catalog,46,Catalog photo,/assets/images/catalog-thumbs/manesty-light-v1/0638a11a14e54782ee96c0dd-full.webp,/parts/pge-man-0188/,Verified
PGE-MAN-0189,Manesty,BB4,BRONZE WORM,Drive Components,WG-6,"36013, AC-12, B-200-560-1",46,Catalog photo,/assets/images/catalog-thumbs/manesty-light-v1/d8d3b577c70964810e60196a-full.webp,/parts/pge-man-0189/,Verified
PGE-MAN-0190,Manesty,BB4,ONE SHOT OIL PUMP (P-28),Hydraulic & Lubrication Components,M-55,93955,46,Catalog photo,/assets/images/catalog-thumbs/manesty-light-v1/fd4f5ea999a206435c5c043d-full.webp,/parts/pge-man-0190/,Verified
PGE-MAN-0191,Manesty,BB4,1/4 BREATHER PLUG,Hydraulic & Lubrication Components,M9-26,Not listed in source catalog,46,Catalog photo,/assets/images/catalog-thumbs/manesty-light-v1/1b1798a5c70babf665995f08-full.webp,/parts/pge-man-0191/,Verified
PGE-MAN-0192,Manesty,BB4,1/4 BSP PLUG,Hydraulic & Lubrication Components,M9-826,Not listed in source catalog,46,Catalog photo,/assets/images/catalog-thumbs/manesty-light-v1/a878999ad120aa32da946ee1-full.webp,/parts/pge-man-0192/,Verified
PGE-MAN-0193,Manesty,BB4,1/4 BSP COPPER WASHER,Hydraulic & Lubrication Components,M9-963,Not listed in source catalog,46,Catalog photo,/assets/images/catalog-thumbs/manesty-light-v1/2098aa4e36a4df48cac6fa28-full.webp,/parts/pge-man-0193/,Verified
PGE-MAN-0194,Manesty,BB4,FILL CAM - 3/8” FILL - IPT B,Lower Cam Tracks,M9-176,68176,46,Catalog photo,/assets/images/catalog-thumbs/manesty-light-v1/87a68201677c4cb67f9471d6-full.webp,/parts/pge-man-0194/,Verified
PGE-MAN-0195,Manesty,BB4,FLIGHT CONTROL CAM - IPT B,Lower Cam Tracks,M9-182,68182,46,Catalog photo,/assets/images/catalog-thumbs/manesty-light-v1/45db7df4dc0003bb315f3a2b-full.webp,/parts/pge-man-0195/,Verified
PGE-MAN-0196,Manesty,BB4,3/8 FILL CAM US STANDARD,Lower Cam Tracks,M9-966,6689660,46,Catalog photo,/assets/images/catalog-thumbs/manesty-light-v1/ed93d0d891e5c21999809222-full.webp,/parts/pge-man-0196/,Verified
PGE-MAN-0197,Manesty,BB4,3/8 FILL CAM US STANDARD - BRONZE,Lower Cam Tracks,M9-966/B,6689660,46,Catalog photo,/assets/images/catalog-thumbs/manesty-light-v1/4499cbecba2486c8ccee11a9-full.webp,/parts/pge-man-0197/,Verified
PGE-MAN-0198,Manesty,BB4,SOCKET HEAD CAP SCREW,Pressure Rolls & Components,M-019,4700199,46,Catalog photo,/assets/images/catalog-thumbs/manesty-light-v1/4a5db861be97f7bcce632b1e-full.webp,/parts/pge-man-0198/,Verified
PGE-MAN-0199,Manesty,BB4,LOWER ROLL PIN,Pressure Rolls & Components,M-9,35009,46,Catalog photo,/assets/images/catalog-thumbs/manesty-light-v1/e21207b10e63ea82ce631cde-full.webp,/parts/pge-man-0199/,Verified
PGE-MAN-0200,Manesty,BB4,PUNCH ENTRY QUADRANT,Pressure Rolls & Components,M9-014,68014,46,Catalog photo,/assets/images/catalog-thumbs/manesty-light-v1/2fbd8750cd09379c54c061ec-full.webp,/parts/pge-man-0200/,Verified
PGE-MAN-0201,Manesty,BB4,UPPER ECCENTRIC ROLL PIN - LUBRICATED,Pressure Rolls & Components,M9-103,68103,47,Catalog photo,/assets/images/catalog-thumbs/manesty-light-v1/e73dd3100af46b9268a8b255-full.webp,/parts/pge-man-0201/,Verified
PGE-MAN-0202,Manesty,BB4,UPPER ECCENTRIC ROLL PIN - NON LUBRICATED,Pressure Rolls & Components,M9-103/1,Not listed in source catalog,47,Catalog photo,/assets/images/catalog-thumbs/manesty-light-v1/5d1887c95821ef8ac7f01e1c-full.webp,/parts/pge-man-0202/,Verified
PGE-MAN-0203,Manesty,BB4,O RING - UPPER ROLL PIN,Pressure Rolls & Components,M9-105,38105,47,Catalog photo,/assets/images/catalog-thumbs/manesty-light-v1/940266514437e7bad939388b-full.webp,/parts/pge-man-0203/,Verified
PGE-MAN-0204,Manesty,BB4,O RING - UPPER ROLL PIN,Pressure Rolls & Components,M9-184,68184,47,Catalog photo,/assets/images/catalog-thumbs/manesty-light-v1/028cc184d3fe7264ad8b670d-full.webp,/parts/pge-man-0204/,Verified
PGE-MAN-0205,Manesty,BB4,PRESSURE ROLL,Pressure Rolls & Components,M9-7,35007-1,47,Catalog photo,/assets/images/catalog-thumbs/manesty-light-v1/13cb45507e4f5a74a6aa2ec0-full.webp,/parts/pge-man-0205/,Verified
PGE-MAN-0206,Manesty,BB4,ADJUSTING WHEEL EYEBOLT,Pressure Rolls & Components,M9-004,Not listed in source catalog,47,Catalog photo,/assets/images/catalog-thumbs/manesty-light-v1/58dfa7ac6384ae743dfd672a-full.webp,/parts/pge-man-0206/,Verified
PGE-MAN-0207,Manesty,BB4,LOCKSCREW ON INLET CLAMP,Product Control,M-460,44460,47,Catalog photo,/assets/images/catalog-thumbs/manesty-light-v1/80c68ef65eba2d1c57a572eb-full.webp,/parts/pge-man-0207/,Verified
PGE-MAN-0208,Manesty,BB4,BRACKET ON INLET BOWL,Product Control,M-619,39619,47,Catalog photo,/assets/images/catalog-thumbs/manesty-light-v1/d2c4f1f36dd4f60920781e54-full.webp,/parts/pge-man-0208/,Verified
PGE-MAN-0209,Manesty,BB4,INLET CONNECTOR HINGE PLATE,Product Control,M-637,39637,47,Catalog photo,/assets/images/catalog-thumbs/manesty-light-v1/01d488e3cf90fcddfe51b717-full.webp,/parts/pge-man-0209/,Verified
PGE-MAN-0210,Manesty,BB4,INLET CONNECTOR GASKET,Product Control,M-638,39638,47,Catalog photo,/assets/images/catalog-thumbs/manesty-light-v1/03608988537016b37b6fd827-full.webp,/parts/pge-man-0210/,Verified
PGE-MAN-0211,Manesty,BB4,LOCK NUT ON HINGE PLATE,Product Control,M-640,39640,47,Catalog photo,/assets/images/catalog-thumbs/manesty-light-v1/8db01a8e92529bd77f2c70ec-full.webp,/parts/pge-man-0211/,Verified
PGE-MAN-0212,Manesty,BB4,HOPPER CONNECTOR,Product Control,M-642,39642,47,Catalog photo,/assets/images/catalog-thumbs/manesty-light-v1/e2999e0e2c5bd2f7726dc24a-full.webp,/parts/pge-man-0212/,Verified
PGE-MAN-0213,Manesty,BB4,FEED FRAME - OPEN ASSEMBLY,Product Control,M9-09/A,Not listed in source catalog,47,Catalog photo,/assets/images/catalog-thumbs/manesty-light-v1/6c24ce35d425ea36f76d312f-full.webp,/parts/pge-man-0213/,Verified
PGE-MAN-0214,Manesty,BB4,HAND NUT,Product Control,M9-093,Not listed in source catalog,47,Catalog photo,/assets/images/catalog-thumbs/manesty-light-v1/125d1240eb2dfec1f8b92481-full.webp,/parts/pge-man-0214/,Verified
PGE-MAN-0215,Manesty,BB4,TAKE-OFF PLATE - OPEN,Product Control,M9-116,68116,47,Catalog photo,/assets/images/catalog-thumbs/manesty-light-v1/bdcaf7bbf8cd9b1a11e7897c-full.webp,/parts/pge-man-0215/,Verified
PGE-MAN-0216,Manesty,BB4,SCRAPER BLADE,Product Control,M9-117,68117,48,Catalog photo,/assets/images/catalog-thumbs/manesty-light-v1/23c93bba22d577edfcb0833c-full.webp,/parts/pge-man-0216/,Verified
PGE-MAN-0217,Manesty,BB4,RECIRCULATING CHANNEL,Product Control,M9-118,68118,48,Catalog photo,/assets/images/catalog-thumbs/manesty-light-v1/4d22ffea63b207e318ff269f-full.webp,/parts/pge-man-0217/,Verified
PGE-MAN-0218,Manesty,BB4,TUFNOL INSERT - GRAVITY FEED FRAME,Product Control,M9-124,68124,48,Catalog photo,/assets/images/catalog-thumbs/manesty-light-v1/2865fb25898de827db4aecc5-full.webp,/parts/pge-man-0218/,Verified
PGE-MAN-0219,Manesty,BB4,FEEDER SUPPORT PLATE - ROTARY FEEDER,Product Control,M9-225,68225,48,Catalog photo,/assets/images/catalog-thumbs/manesty-light-v1/43903dbc281a675abb0c1fef-full.webp,/parts/pge-man-0219/,Verified
PGE-MAN-0220,Manesty,BB4,INSERT - ROTARY FEEDER,Product Control,M9-227,68227,48,Catalog photo,/assets/images/catalog-thumbs/manesty-light-v1/1bfbc7109c0c240577b8db47-full.webp,/parts/pge-man-0220/,Verified
PGE-MAN-0221,Manesty,BB4,GEARBOX END CAP - REAR,Product Control,M9-270,Not listed in source catalog,48,Catalog photo,/assets/images/catalog-thumbs/manesty-light-v1/3d84551d396fa4aa9bbe2e7d-full.webp,/parts/pge-man-0221/,Verified
PGE-MAN-0222,Manesty,BB4,CLAMPING SCREW,Product Control,M9-291,Not listed in source catalog,48,Catalog photo,/assets/images/catalog-thumbs/manesty-light-v1/c66ca9fb52fd2f72198eff26-full.webp,/parts/pge-man-0222/,Verified
PGE-MAN-0223,Manesty,BB4,DETENT PLUNGER,Product Control,M9-296,68296,48,Catalog photo,/assets/images/catalog-thumbs/manesty-light-v1/1321f82a53cfcac496a93733-full.webp,/parts/pge-man-0223/,Verified
PGE-MAN-0224,Manesty,BB4,PIVOT PIN - STUD,Product Control,M9-298,68298,48,Catalog photo,/assets/images/catalog-thumbs/manesty-light-v1/3da6e1cd470e6e48224b0c09-full.webp,/parts/pge-man-0224/,Verified
PGE-MAN-0225,Manesty,BB4,ROTARY FEEDER ASSEMBLY,Product Control,M9-331,68331,48,Catalog photo,/assets/images/catalog-thumbs/manesty-light-v1/dbe5bb6aba15144829652127-full.webp,/parts/pge-man-0225/,Verified
PGE-MAN-0226,Manesty,BB4,1/4 BSW X 1/2 HED HD SCREWS,Product Control,M9-380,Not listed in source catalog,48,Catalog photo,/assets/images/catalog-thumbs/manesty-light-v1/321fb1eb7be3532e38ab81aa-full.webp,/parts/pge-man-0226/,Verified
PGE-MAN-0227,Manesty,BB4,TOOTH IDLER GEAR 42T,Product Control,M9-40,Not listed in source catalog,48,Catalog photo,/assets/images/catalog-thumbs/manesty-light-v1/8d79b580a2b9bdedcf46c542-full.webp,/parts/pge-man-0227/,Verified
PGE-MAN-0228,Manesty,BB4,HOPPER LINK STUD,Product Control,M9-66,68166,48,Catalog photo,/assets/images/catalog-thumbs/manesty-light-v1/292446ab3e357f9d4b830991-full.webp,/parts/pge-man-0228/,Verified
PGE-MAN-0229,Manesty,BB4,FEED FRAME - FORCED FEEDER,Product Control,M9-720,37720,48,Catalog photo,/assets/images/catalog-thumbs/manesty-light-v1/882a7014795f7648b3a8a31e-full.webp,/parts/pge-man-0229/,Verified
PGE-MAN-0230,Manesty,BB4,GEAR BASE PLATFORM,Product Control,M9-724,Not listed in source catalog,48,Catalog photo,/assets/images/catalog-thumbs/manesty-light-v1/3eb138192554e13839764e5a-full.webp,/parts/pge-man-0230/,Verified
PGE-MAN-0231,Manesty,BB4,RIGHT HAND FEEDER PADDLE,Product Control,M9-728,Not listed in source catalog,49,Catalog photo,/assets/images/catalog-thumbs/manesty-light-v1/8f8da4cc6e957329a2ac279f-full.webp,/parts/pge-man-0231/,Verified
PGE-MAN-0232,Manesty,BB4,COVER - ALUMINUM,Product Control,M9-746/1,37746,49,Catalog photo,/assets/images/catalog-thumbs/manesty-light-v1/db66e9440b108c85cf3a70f4-full.webp,/parts/pge-man-0232/,Verified
PGE-MAN-0233,Manesty,BB4,WINDOW L.H.,Product Control,M9-746-1-1,Not listed in source catalog,49,Catalog photo,/assets/images/catalog-thumbs/manesty-light-v1/38cc663cc8a34bb745c525fe-full.webp,/parts/pge-man-0233/,Verified
PGE-MAN-0234,Manesty,BB4,WINDOW R.H.,Product Control,M9-746-1-2,Not listed in source catalog,49,Catalog photo,/assets/images/catalog-thumbs/manesty-light-v1/5979f98673ad2ab8f81427b5-full.webp,/parts/pge-man-0234/,Verified
PGE-MAN-0235,Manesty,BB4,FEEDER BOWL,Product Control,M9-746FB,39619,49,Catalog photo,/assets/images/catalog-thumbs/manesty-light-v1/7cb58ce5ee43bc6494b59fba-full.webp,/parts/pge-man-0235/,Verified
PGE-MAN-0236,Manesty,BB4,COVER FOR MOTOR GEAR,Product Control,M9-747,37747,49,Catalog photo,/assets/images/catalog-thumbs/manesty-light-v1/9c8ee4d0bb63d428fac0a57f-full.webp,/parts/pge-man-0236/,Verified
PGE-MAN-0237,Manesty,BB4,STUD IN GUARD,Product Control,M9-757,74757,49,Catalog photo,/assets/images/catalog-thumbs/manesty-light-v1/0b759ebc42680df99c6d60a3-full.webp,/parts/pge-man-0237/,Verified
PGE-MAN-0238,Manesty,BB4,OIL SEAL,Product Control,M9-789,Not listed in source catalog,49,Catalog photo,/assets/images/catalog-thumbs/manesty-light-v1/c428208c85565b0e58429d41-full.webp,/parts/pge-man-0238/,Verified
PGE-MAN-0239,Manesty,BB4,TAKE OFF PLATE - FORCED FEEDER,Product Control,M9-802,37802,49,Catalog photo,/assets/images/catalog-thumbs/manesty-light-v1/2e6d8c1f285ad8b938e0e712-full.webp,/parts/pge-man-0239/,Verified
PGE-MAN-0240,Manesty,BB4,REAR SCRAPER PLATE - FORCED FEEDER,Product Control,M9-803,37803,49,Catalog photo,/assets/images/catalog-thumbs/manesty-light-v1/7f8242cd7e44527349f487a9-full.webp,/parts/pge-man-0240/,Verified
PGE-MAN-0241,Manesty,BB4,FRONT SCRAPER PLATE - FORCED FEEDER,Product Control,M9-803/F,37804,49,Catalog photo,/assets/images/catalog-thumbs/manesty-light-v1/e2bddaf5a2e3cd226d1bbc68-full.webp,/parts/pge-man-0241/,Verified
PGE-MAN-0242,Manesty,BB4,REAR SCRAPER BRACKET,Product Control,M9-808,37808,49,Catalog photo,/assets/images/catalog-thumbs/manesty-light-v1/1defca080beea7fbda7d5ee7-full.webp,/parts/pge-man-0242/,Verified
PGE-MAN-0243,Manesty,BB4,OIL SEAL,Product Control,M9-819,92819,49,Catalog photo,/assets/images/catalog-thumbs/manesty-light-v1/629c12e81214bb7525eabb67-full.webp,/parts/pge-man-0243/,Verified
PGE-MAN-0244,Manesty,BB4,INLET CONNECTOR,Product Control,M9-821,37821,49,Catalog photo,/assets/images/catalog-thumbs/manesty-light-v1/5d0075582095b07d734468c7-full.webp,/parts/pge-man-0244/,Verified
PGE-MAN-0245,Manesty,BB4,FRONT SCRAPER BRACKET,Product Control,M9-808/F,37805,49,Catalog photo,/assets/images/catalog-thumbs/manesty-light-v1/b6829e70fa99fbd957ca9de4-full.webp,/parts/pge-man-0245/,Verified
PGE-MAN-0246,Manesty,BB4,HOPPER,Product Control,M-103,35103,50,Catalog photo,/assets/images/catalog-thumbs/manesty-light-v1/92f0e924db2f2523cf7b4f31-full.webp,/parts/pge-man-0246/,Verified
PGE-MAN-0247,Manesty,BB4,DIE LOCK SCREW,Turret Hardware,DL-62/2,"45423, 11203011",50,Catalog photo,/assets/images/catalog-thumbs/manesty-light-v1/688d987169f592a486b5e67d-full.webp,/parts/pge-man-0247/,Verified
PGE-MAN-0248,Manesty,BB4,DIE LOCK SCREW,Turret Hardware,DL-75/1,"45424, 11203012",50,Catalog photo,/assets/images/catalog-thumbs/manesty-light-v1/370fe9cde6522b3080239b81-full.webp,/parts/pge-man-0248/,Verified
PGE-MAN-0249,Manesty,BB4,LOWER PUNCH RETAINER,Turret Hardware,M-519,38519,50,Catalog photo,/assets/images/catalog-thumbs/manesty-light-v1/7bb26c4a593f38163fc288ab-full.webp,/parts/pge-man-0249/,Verified
PGE-MAN-0250,Manesty,BB4,LOWER PUNCH RETAINER SCREW - 4BA THREAD 3/8”,Turret Hardware,M-69,39690,50,Catalog photo,/assets/images/catalog-thumbs/manesty-light-v1/30dc1ddb462f00f97b86cd4f-full.webp,/parts/pge-man-0250/,Verified
PGE-MAN-0251,Manesty,BB4,HEX HEAD SCREW - 4BA THREAD 1/2”,Turret Hardware,M-699,90569,50,Catalog photo,/assets/images/catalog-thumbs/manesty-light-v1/3ce3381ba1349b618100366e-full.webp,/parts/pge-man-0251/,Verified
PGE-MAN-0252,Manesty,BB4,LOWER PUNCH SCRAPER SEAL - ‘B’,Turret Hardware,N-750,44143,50,Catalog photo,/assets/images/catalog-thumbs/manesty-light-v1/ff7e7155238a022c0f7da3fa-full.webp,/parts/pge-man-0252/,Verified
PGE-MAN-0253,Manesty,BB4,SEAL INSTALLATION TOOL - ’B’,Turret Hardware,N-750/1,Not listed in source catalog,50,Catalog photo,/assets/images/catalog-thumbs/manesty-light-v1/3deb507c8faaa4387ec62857-full.webp,/parts/pge-man-0253/,Verified
PGE-MAN-0255,Manesty,BB4,LOWER PUNCH RETAINER SPRING,Turret Hardware,SP-249,39249,50,Catalog photo,/assets/images/catalog-thumbs/manesty-light-v1/cbe02b65ecb923abf5b44e21-full.webp,/parts/pge-man-0255/,Verified
PGE-MAN-0260,Manesty,BB4,UPPER LOWERING CAM - EU B,Upper Cam Tracks,M9-085,68085,50,Catalog photo,/assets/images/catalog-thumbs/manesty-light-v1/d91e81dcdfe26322b9c71efd-full.webp,/parts/pge-man-0260/,Verified
PGE-MAN-0261,Manesty,BB4,UPPER LOWERING CAM - IPT B,Upper Cam Tracks,M9-086,68086,51,Catalog photo,/assets/images/catalog-thumbs/manesty-light-v1/d3738e22857f97ffd8c57e44-full.webp,/parts/pge-man-0261/,Verified
PGE-MAN-0262,Manesty,BB4,HIGH LEVEL CAM INSERT - EU B,Upper Cam Tracks,M9-089,68089,51,Catalog photo,/assets/images/catalog-thumbs/manesty-light-v1/39620e8a5a1542ef73935f59-full.webp,/parts/pge-man-0262/,Verified
PGE-MAN-0263,Manesty,BB4,HIGH LEVEL CAM INSERT - IPT B,Upper Cam Tracks,M9-090,68090,51,Catalog photo,/assets/images/catalog-thumbs/manesty-light-v1/1dad42d03162b5db93009ff6-full.webp,/parts/pge-man-0263/,Verified
PGE-MAN-0264,Manesty,BB4,FLIGHT CONTROL CAM - EU B,Upper Cam Tracks,M9-181,68181,51,Catalog photo,/assets/images/catalog-thumbs/manesty-light-v1/f3d17a26b0ffdf105315d1f7-full.webp,/parts/pge-man-0264/,Verified
PGE-MAN-0265,Manesty,BB4,UPPER LIFTING CAM - IPT B,Upper Cam Tracks,M9-266,68266,51,Catalog photo,/assets/images/catalog-thumbs/manesty-light-v1/0ffdf0f4695ab7ad72462f56-full.webp,/parts/pge-man-0265/,Verified
PGE-MAN-0266,Manesty,BB4,UPPER LIFTING CAM - EU B,Upper Cam Tracks,M9-312,68312,51,Catalog photo,/assets/images/catalog-thumbs/manesty-light-v1/13c09631306b3d8b00657e0d-full.webp,/parts/pge-man-0266/,Verified
PGE-MAN-0267,Manesty,BB4,PUNCH LOADING PLUG,Weight Adjusting Components,M-10,35010,51,Catalog photo,/assets/images/catalog-thumbs/manesty-light-v1/fd7d3a39e9ae58b15c22c9b4-full.webp,/parts/pge-man-0267/,Verified
PGE-MAN-0268,Manesty,BB4,LOCKNUT FOR WEIGHT ADJUSTER,Weight Adjusting Components,M-153,35153,51,Catalog photo,/assets/images/catalog-thumbs/manesty-light-v1/5c17bd273b1ad3d7de97a098-full.webp,/parts/pge-man-0268/,Verified
PGE-MAN-0269,Manesty,BB4,EYEBOLT,Weight Adjusting Components,M-585,36585,51,Catalog photo,/assets/images/catalog-thumbs/manesty-light-v1/2a0ec6a07eb2ae541a9dd47e-full.webp,/parts/pge-man-0269/,Verified
PGE-MAN-0270,Manesty,BB4,WEIGHT ADJUSTING HEAD,Weight Adjusting Components,M9-114,68114,51,Catalog photo,/assets/images/catalog-thumbs/manesty-light-v1/ecfeafeb0095291d5cf82eb8-full.webp,/parts/pge-man-0270/,Verified
PGE-MAN-0271,Manesty,BB4,WEIGHT ADJUSTING RAMP,Weight Adjusting Components,M9-13,68113,51,Catalog photo,/assets/images/catalog-thumbs/manesty-light-v1/a80be7e2d86636bc277394ab-full.webp,/parts/pge-man-0271/,Verified
PGE-MAN-0272,Manesty,BETAPRESS,OIL SEAL FOR ROTATING DRIVE SHAFT,Drive Components,M4-001,92001,52,Catalog photo,/assets/images/catalog-thumbs/manesty-light-v1/0fccf35a0825516bed1aa36a-full.webp,/parts/pge-man-0272/,Verified
PGE-MAN-0273,Manesty,BETAPRESS,MDJT55 BEARING - GEAR BOX,Drive Components,M4-309,44309,52,Catalog photo,/assets/images/catalog-thumbs/manesty-light-v1/81ba8b584ba364146201d951-full.webp,/parts/pge-man-0273/,Verified
PGE-MAN-0278,Manesty,BETAPRESS,HANDWHEEL,Drive Components,M-343,44343,52,Catalog photo,/assets/images/catalog-thumbs/manesty-light-v1/2671e2d0f586218a80037ac8-full.webp,/parts/pge-man-0278/,Verified
PGE-MAN-0279,Manesty,BETAPRESS,STUD FOR GUARD AND OIL TRAY,Guarding,M-22,39122,52,Catalog photo,/assets/images/catalog-thumbs/manesty-light-v1/3ef592dfd993d161d7a2b63f-full.webp,/parts/pge-man-0279/,Verified
PGE-MAN-0280,Manesty,BETAPRESS,TOP COVER (PLASTIC GUARDS),Guarding,M4-01,Not listed in source catalog,52,Catalog photo,/assets/images/catalog-thumbs/manesty-light-v1/8f6a2ad856f65d0e8c98a03e-full.webp,/parts/pge-man-0280/,Verified
PGE-MAN-0281,Manesty,BETAPRESS,UPPER TURRET GUARDS -3 PCS,Guarding,M4-02,Not listed in source catalog,52,Catalog photo,/assets/images/catalog-thumbs/manesty-light-v1/452a60b68e520d587a61b251-full.webp,/parts/pge-man-0281/,Verified
PGE-MAN-0282,Manesty,BETAPRESS,RIGHT HAND LOWER CAM TRACK GUARD,Guarding,M4-020,44020,52,Catalog photo,/assets/images/catalog-thumbs/manesty-light-v1/e01c08a4c73ea3becae17ff0-full.webp,/parts/pge-man-0282/,Verified
PGE-MAN-0283,Manesty,BETAPRESS,LEFT HAND LOWER CAM TRACK GUARD,Guarding,M4-021,44021,52,Catalog photo,/assets/images/catalog-thumbs/manesty-light-v1/0cf71ba924cfaab2a0e51506-full.webp,/parts/pge-man-0283/,Verified
PGE-MAN-0284,Manesty,BETAPRESS,FRONT & REAR LOWER CAM TRACK GUARD,Guarding,M4-022,44022,52,Catalog photo,/assets/images/catalog-thumbs/manesty-light-v1/16fa27f4afe967f92aa486bb-full.webp,/parts/pge-man-0284/,Verified
PGE-MAN-0285,Manesty,BETAPRESS,GUARD OVER GEARS - SYNCHRONOUS FEEDER,Guarding,M4-836/1,44836,52,Catalog photo,/assets/images/catalog-thumbs/manesty-light-v1/d813af34827bc2df8ebd48ee-full.webp,/parts/pge-man-0285/,Verified
PGE-MAN-0286,Manesty,BETAPRESS,GUARD OVER GEARS - HIGH SPEED FEEDER,Guarding,M4-836/2,44836,52,Catalog photo,/assets/images/catalog-thumbs/manesty-light-v1/8ef8496c7320c02b5d41bb82-full.webp,/parts/pge-man-0286/,Verified
PGE-MAN-0288,Manesty,BETAPRESS,ROTARY JOINT,Hydraulic & Lubrication Components,M-042,45042,53,Catalog photo,/assets/images/catalog-thumbs/manesty-light-v1/785ce9875e009140a76744e8-full.webp,/parts/pge-man-0288/,Verified
PGE-MAN-0289,Manesty,BETAPRESS,ENERPAC - OVERLOAD CYLINDER,Hydraulic & Lubrication Components,M-237,44237,53,Catalog photo,/assets/images/catalog-thumbs/manesty-light-v1/e78b956f3c5d967ad4382d4f-full.webp,/parts/pge-man-0289/,Verified
PGE-MAN-0290,Manesty,BETAPRESS,P12 HAND PUMP,Hydraulic & Lubrication Components,M-345,48345,53,Catalog photo,/assets/images/catalog-thumbs/manesty-light-v1/7e855dd2ff44f41c85eda1db-full.webp,/parts/pge-man-0290/,Verified
PGE-MAN-0291,Manesty,BETAPRESS,ROTARY JOINT COUPLING,Hydraulic & Lubrication Components,M-53,48153,53,Catalog photo,/assets/images/catalog-thumbs/manesty-light-v1/6bf76f5c0053833124ef22e3-full.webp,/parts/pge-man-0291/,Verified
PGE-MAN-0292,Manesty,BETAPRESS,ONE SHOT OIL PUMP (P-28),Hydraulic & Lubrication Components,M-55,Not listed in source catalog,53,Catalog photo,/assets/images/catalog-thumbs/manesty-light-v1/33e22a7fafc4882a928ebe4b-full.webp,/parts/pge-man-0292/,Verified
PGE-MAN-0293,Manesty,BETAPRESS,REPAIR KIT FOR OVERLOAD ENERPAC CYLINDER RCH121K1,Hydraulic & Lubrication Components,M-68,44568,53,Catalog photo,/assets/images/catalog-thumbs/manesty-light-v1/9aa03af3d60f6a22df2920b6-full.webp,/parts/pge-man-0293/,Verified
PGE-MAN-0294,Manesty,BETAPRESS,REPAIR KIT - OVERLOAD ENERPAC CYLINDER,Hydraulic & Lubrication Components,M-68/A,Not listed in source catalog,53,Catalog photo,/assets/images/catalog-thumbs/manesty-light-v1/065c94961359c356a1d96a11-full.webp,/parts/pge-man-0294/,Verified
PGE-MAN-0295,Manesty,BETAPRESS,REPAIR KIT FOR ENERPAC PUMP,Hydraulic & Lubrication Components,M-98,44698,53,Catalog photo,/assets/images/catalog-thumbs/manesty-light-v1/016f9fd2923d148d3e385b4b-full.webp,/parts/pge-man-0295/,Verified
PGE-MAN-0297,Manesty,BETAPRESS,PUNCH LOADING PLUG,Lower Cam Tracks,M-10,35010,53,Catalog photo,/assets/images/catalog-thumbs/manesty-light-v1/2017850fe6ec434adff291b7-full.webp,/parts/pge-man-0297/,Verified
PGE-MAN-0298,Manesty,BETAPRESS,CONTROL CAM ON EJECTION CAM - IPT,Lower Cam Tracks,M4-647,44647,53,Catalog photo,/assets/images/catalog-thumbs/manesty-light-v1/7a8b82e9060e351823f4bb12-full.webp,/parts/pge-man-0298/,Verified
PGE-MAN-0299,Manesty,BETAPRESS,FILL CAM 11/16”/17.5MM - IPT B,Lower Cam Tracks,M4-648,44648,53,Catalog photo,/assets/images/catalog-thumbs/manesty-light-v1/602b99c56e89d58ac4559e64-full.webp,/parts/pge-man-0299/,Verified
PGE-MAN-0300,Manesty,BETAPRESS,FILL CAM 13/32”/10MM - IPT B,Lower Cam Tracks,M4-648-10,Not listed in source catalog,53,Catalog photo,/assets/images/catalog-thumbs/manesty-light-v1/0e989be28c2b605a3fb58f2c-full.webp,/parts/pge-man-0300/,Verified
PGE-MAN-0301,Manesty,BETAPRESS,FILL CAM 15/32”/12MM - IPT B,Lower Cam Tracks,M4-648-12,Not listed in source catalog,53,Catalog photo,/assets/images/catalog-thumbs/manesty-light-v1/3863e68bed97a4ed3e86a772-full.webp,/parts/pge-man-0301/,Verified
PGE-MAN-0302,Manesty,BETAPRESS,FILL CAM 11/16”/17.5MM - IPT B,Lower Cam Tracks,M4-648-175,44648,54,Catalog photo,/assets/images/catalog-thumbs/manesty-light-v1/f3a9595b93cece1a2e23af20-full.webp,/parts/pge-man-0302/,Verified
PGE-MAN-0303,Manesty,BETAPRESS,FILL CAM 11/16”/17.5MM - IPT B - LUBRICATED,Lower Cam Tracks,M4-648/L,Not listed in source catalog,54,Catalog photo,/assets/images/catalog-thumbs/manesty-light-v1/053a49361f125e4981f2d01c-full.webp,/parts/pge-man-0303/,Verified
PGE-MAN-0304,Manesty,BETAPRESS,FILL CAM 1.4”/6MM - IPT B,Lower Cam Tracks,M4-648-6,Not listed in source catalog,54,Catalog photo,/assets/images/catalog-thumbs/manesty-light-v1/0596aabbb96f1ec4b22d7ff8-full.webp,/parts/pge-man-0304/,Verified
PGE-MAN-0305,Manesty,BETAPRESS,FILL CAM 5/16”/8MM - IPT B,Lower Cam Tracks,M4-648-8,44648,54,Catalog photo,/assets/images/catalog-thumbs/manesty-light-v1/bf887d89c6c8511f5e731f5c-full.webp,/parts/pge-man-0305/,Verified
PGE-MAN-0306,Manesty,BETAPRESS,FILL CAM 3/8”/9.52MM - IPT B,Lower Cam Tracks,M4-649,44649,54,Catalog photo,/assets/images/catalog-thumbs/manesty-light-v1/9a2fac3fa91a3fd80d84e116-full.webp,/parts/pge-man-0306/,Verified
PGE-MAN-0307,Manesty,BETAPRESS,EJECTION CAM,Lower Cam Tracks,M4-65,44650,54,Catalog photo,/assets/images/catalog-thumbs/manesty-light-v1/1d4c3380e7c020d863f483cd-full.webp,/parts/pge-man-0307/,Verified
PGE-MAN-0308,Manesty,BETAPRESS,CONTROL CAM ON EJECTION CAM,Lower Cam Tracks,M4-651,44651,54,Catalog photo,/assets/images/catalog-thumbs/manesty-light-v1/c241489fbb6cb33f2647be05-full.webp,/parts/pge-man-0308/,Verified
PGE-MAN-0309,Manesty,BETAPRESS,FILL CAM 11/16”/17.5MM - EU B,Lower Cam Tracks,M4-652,44652,54,Catalog photo,/assets/images/catalog-thumbs/manesty-light-v1/a7bcfee9b711687c6a83ac1a-full.webp,/parts/pge-man-0309/,Verified
PGE-MAN-0310,Manesty,BETAPRESS,FILL CAM 3/8”/9.52MM - EU B,Lower Cam Tracks,M4-653,44653,54,Catalog photo,/assets/images/catalog-thumbs/manesty-light-v1/2a879db9aa371fa0e4c1d870-full.webp,/parts/pge-man-0310/,Verified
PGE-MAN-0312,Manesty,BETAPRESS,16 MM FILL CAM,Lower Cam Tracks,M4-648-BD-16,Not listed in source catalog,54,Catalog photo,/assets/images/catalog-thumbs/manesty-light-v1/4faa6d9098199e8f37dd2ad4-full.webp,/parts/pge-man-0312/,Verified
PGE-MAN-0313,Manesty,BETAPRESS,LOCKING PLATE,Pressure Rolls & Components,BLP-006-LP/1,Not listed in source catalog,54,Catalog photo,/assets/images/catalog-thumbs/manesty-light-v1/6ee21a022774cd76360d47c6-full.webp,/parts/pge-man-0313/,Verified
PGE-MAN-0314,Manesty,BETAPRESS,BUSH IN ROLL,Pressure Rolls & Components,M-20,40120,54,Catalog photo,/assets/images/catalog-thumbs/manesty-light-v1/efae91533d4761017c3852d3-full.webp,/parts/pge-man-0314/,Verified
PGE-MAN-0315,Manesty,BETAPRESS,NYLON PAD,Pressure Rolls & Components,M4-108,44108,54,Catalog photo,/assets/images/catalog-thumbs/manesty-light-v1/7cd178063ceb2561353f931e-full.webp,/parts/pge-man-0315/,Verified
PGE-MAN-0316,Manesty,BETAPRESS,UPPER TAMPING ROLL BRACKET (NON-LUBRICATED),Pressure Rolls & Components,M4-12,44012,54,Catalog photo,/assets/images/catalog-thumbs/manesty-light-v1/1f9181663e60a54377019dc2-full.webp,/parts/pge-man-0316/,Verified
PGE-MAN-0317,Manesty,BETAPRESS,UPPER OR LOWER ROLL PIN,Pressure Rolls & Components,M4-15,44150,55,Catalog photo,/assets/images/catalog-thumbs/manesty-light-v1/0b316f2a7d675e0e48391152-full.webp,/parts/pge-man-0317/,Verified
PGE-MAN-0318,Manesty,BETAPRESS,PRESSURE ROLL PIN STRAIN GAGED,Pressure Rolls & Components,M4-15/STG,Not listed in source catalog,55,Catalog photo,/assets/images/catalog-thumbs/manesty-light-v1/29bab3d1cc2ee0d5bcda51a8-full.webp,/parts/pge-man-0318/,Verified
PGE-MAN-0319,Manesty,BETAPRESS,INDICATOR FOR TAMPING ROLL,Pressure Rolls & Components,M4-155,44155,55,Catalog photo,/assets/images/catalog-thumbs/manesty-light-v1/31f469af23fdb5aa59c470ab-full.webp,/parts/pge-man-0319/,Verified
PGE-MAN-0320,Manesty,BETAPRESS,TAMPING ROLLS,Pressure Rolls & Components,M4-17,44117,55,Catalog photo,/assets/images/catalog-thumbs/manesty-light-v1/a902df7e030369043f87213d-full.webp,/parts/pge-man-0320/,Verified
PGE-MAN-0321,Manesty,BETAPRESS,UPPER TAMPING ROLL PIN,Pressure Rolls & Components,M4-18,44118,55,Catalog photo,/assets/images/catalog-thumbs/manesty-light-v1/8670190661e1169e11baca37-full.webp,/parts/pge-man-0321/,Verified
PGE-MAN-0322,Manesty,BETAPRESS,UPPER TAMPING ROLL PIN - LUBRICATED,Pressure Rolls & Components,M4-18/1,Not listed in source catalog,55,Catalog photo,/assets/images/catalog-thumbs/manesty-light-v1/9668fd11f682574ed0a56486-full.webp,/parts/pge-man-0322/,Verified
PGE-MAN-0323,Manesty,BETAPRESS,UPPER ECCENTRIC ROLL PIN,Pressure Rolls & Components,M4-206,6442060,55,Catalog photo,/assets/images/catalog-thumbs/manesty-light-v1/298086a75e903712aa6f5b84-full.webp,/parts/pge-man-0323/,Verified
PGE-MAN-0324,Manesty,BETAPRESS,BUSH FOR TAMPING ROLL - OILITE,Pressure Rolls & Components,M4-312/1,Not listed in source catalog,55,Catalog photo,/assets/images/catalog-thumbs/manesty-light-v1/6741c30edf2b67c888ebf8a0-full.webp,/parts/pge-man-0324/,Verified
PGE-MAN-0325,Manesty,BETAPRESS,BUSH FOR TAMPING ROLL,Pressure Rolls & Components,M4-312,44312,55,Catalog photo,/assets/images/catalog-thumbs/manesty-light-v1/84d9793c47845052b6f5c920-full.webp,/parts/pge-man-0325/,Verified
PGE-MAN-0326,Manesty,BETAPRESS,LOWER ROLL CARRIER - BUSHING,Pressure Rolls & Components,M4-315,44315,55,Catalog photo,/assets/images/catalog-thumbs/manesty-light-v1/bbaba454700865e7a84d53e1-full.webp,/parts/pge-man-0326/,Verified
PGE-MAN-0327,Manesty,BETAPRESS,DISC SPRING FOR TAMPING ROLLS,Pressure Rolls & Components,M4-320,44320,55,Catalog photo,/assets/images/catalog-thumbs/manesty-light-v1/23dc16e30b7db2ac65a8db2f-full.webp,/parts/pge-man-0327/,Verified
PGE-MAN-0328,Manesty,BETAPRESS,LOWER TAMPING ROLL PIN,Pressure Rolls & Components,M4-34,44134,55,Catalog photo,/assets/images/catalog-thumbs/manesty-light-v1/40e3d7cc0066ad9814f2435d-full.webp,/parts/pge-man-0328/,Verified
PGE-MAN-0329,Manesty,BETAPRESS,ROLL CARRIER PIN - LOWER,Pressure Rolls & Components,M4-53,44153,55,Catalog photo,/assets/images/catalog-thumbs/manesty-light-v1/3ab67a4c858cb6671d7b4c0c-full.webp,/parts/pge-man-0329/,Verified
PGE-MAN-0330,Manesty,BETAPRESS,PRESSURE ROLLER,Pressure Rolls & Components,PR-13,40113,55,Catalog photo,/assets/images/catalog-thumbs/manesty-light-v1/21b284bd087ff3dd111609bf-full.webp,/parts/pge-man-0330/,Verified
PGE-MAN-0331,Manesty,BETAPRESS,SPOKED HANDWHEEL 8”,Product Control,M-167,44167,55,Catalog photo,/assets/images/catalog-thumbs/manesty-light-v1/412ccb3913756a2442a47a89-full.webp,/parts/pge-man-0331/,Verified
PGE-MAN-0332,Manesty,BETAPRESS,ADJUSTMENT NUT,Product Control,M-295,42295,56,Catalog photo,/assets/images/catalog-thumbs/manesty-light-v1/1830639d2fa8b49236d4bc2f-full.webp,/parts/pge-man-0332/,Verified
PGE-MAN-0333,Manesty,BETAPRESS,ADJUSTMENT SCREW,Product Control,M-296,42296,56,Catalog photo,/assets/images/catalog-thumbs/manesty-light-v1/918796f9e9f3a07a7f0e12b5-full.webp,/parts/pge-man-0333/,Verified
PGE-MAN-0334,Manesty,BETAPRESS,BRACKET FOR SUCTION NOZZLE,Product Control,M4-027,44027,56,Catalog photo,/assets/images/catalog-thumbs/manesty-light-v1/b5643e601b5db8be1b428a40-full.webp,/parts/pge-man-0334/,Verified
PGE-MAN-0335,Manesty,BETAPRESS,RECIRCULATING CHANNEL (DELRIN),Product Control,M4-04/1,Not listed in source catalog,56,Catalog photo,/assets/images/catalog-thumbs/manesty-light-v1/f5228c7f2290d27be139380b-full.webp,/parts/pge-man-0335/,Verified
PGE-MAN-0336,Manesty,BETAPRESS,FEEDER LEVELING SCREW,Product Control,M4-046,59046,56,Catalog photo,/assets/images/catalog-thumbs/manesty-light-v1/f75b48f6ba92b64599a922d3-full.webp,/parts/pge-man-0336/,Verified
PGE-MAN-0337,Manesty,BETAPRESS,PILLAR FOR CLAMP,Product Control,M4-063,44063,56,Catalog photo,/assets/images/catalog-thumbs/manesty-light-v1/cb1a9a2cc1604722093cc4c0-full.webp,/parts/pge-man-0337/,Verified
PGE-MAN-0338,Manesty,BETAPRESS,STUD FOR INTER GEAR,Product Control,M4-089,44089,56,Catalog photo,/assets/images/catalog-thumbs/manesty-light-v1/1e1311a316e6ab2022eaa7bf-full.webp,/parts/pge-man-0338/,Verified
PGE-MAN-0339,Manesty,BETAPRESS,TABLET THICKNESS POINTER,Product Control,M4-154,44154,56,Catalog photo,/assets/images/catalog-thumbs/manesty-light-v1/c2aa0b14363f903f314afa66-full.webp,/parts/pge-man-0339/,Verified
PGE-MAN-0340,Manesty,BETAPRESS,THUMBSCREW LOCKNUT,Product Control,M4-270,44270,56,Catalog photo,/assets/images/catalog-thumbs/manesty-light-v1/70e605f42752ad0104a7017d-full.webp,/parts/pge-man-0340/,Verified
PGE-MAN-0341,Manesty,BETAPRESS,PILLAR ON FEEDERS,Product Control,M4-403,44403,56,Catalog photo,/assets/images/catalog-thumbs/manesty-light-v1/471f263be404650998586993-full.webp,/parts/pge-man-0341/,Verified
PGE-MAN-0342,Manesty,BETAPRESS,FEED FRAME LEVELING SCREW,Product Control,M-442,44442,56,Catalog photo,/assets/images/catalog-thumbs/manesty-light-v1/2b1ee173383b128603b32971-full.webp,/parts/pge-man-0342/,Verified
PGE-MAN-0343,Manesty,BETAPRESS,FEED FRAME LEVELING SCREW NUT,Product Control,M-443,44443,56,Catalog photo,/assets/images/catalog-thumbs/manesty-light-v1/d2d3af9c2bc73eace097c8da-full.webp,/parts/pge-man-0343/,Verified
PGE-MAN-0344,Manesty,BETAPRESS,FEEDER GEAR - STEEL,Product Control,M4-436,44436,56,Catalog photo,/assets/images/catalog-thumbs/manesty-light-v1/7fa6bc59c855abc89f5be45f-full.webp,/parts/pge-man-0344/,Verified
PGE-MAN-0345,Manesty,BETAPRESS,FEEDER GEAR - PHENOLIC,Product Control,M4-437,44437,56,Catalog photo,/assets/images/catalog-thumbs/manesty-light-v1/a6b93bfb0fe41f44aa02e4ea-full.webp,/parts/pge-man-0345/,Verified
PGE-MAN-0346,Manesty,BETAPRESS,SCRAPER BLADE - PHENOLIC,Product Control,M4-440,44440,56,Catalog photo,/assets/images/catalog-thumbs/manesty-light-v1/876c7fc8cb7a108e51efeecd-full.webp,/parts/pge-man-0346/,Verified
PGE-MAN-0347,Manesty,BETAPRESS,SCRAPER BLADE - DELRIN,Product Control,M4-440-D,44440,57,Catalog photo,/assets/images/catalog-thumbs/manesty-light-v1/49acb6d9313b40dfd272135a-full.webp,/parts/pge-man-0347/,Verified
PGE-MAN-0348,Manesty,BETAPRESS,LOCKNUTS FOR FEEDER,Product Control,M4-443,44443,57,Catalog photo,/assets/images/catalog-thumbs/manesty-light-v1/0cbf5bf879b0b75be7b4ec92-full.webp,/parts/pge-man-0348/,Verified
PGE-MAN-0349,Manesty,BETAPRESS,FEEDER HINGE PIN,Product Control,M4-444,44444,57,Catalog photo,/assets/images/catalog-thumbs/manesty-light-v1/bb73d12f1ebdb15cfd1c3837-full.webp,/parts/pge-man-0349/,Verified
PGE-MAN-0350,Manesty,BETAPRESS,TUFNOL PLATE ON SUPPORT PLATE,Product Control,M4-446,44446,57,Catalog photo,/assets/images/catalog-thumbs/manesty-light-v1/12a453498600879653805aaa-full.webp,/parts/pge-man-0350/,Verified
PGE-MAN-0351,Manesty,BETAPRESS,BAFFLE UNDER PERSPEX COVER,Product Control,M4-467,44467,57,Catalog photo,/assets/images/catalog-thumbs/manesty-light-v1/98c2e6ea17258bf6e779c47a-full.webp,/parts/pge-man-0351/,Verified
PGE-MAN-0352,Manesty,BETAPRESS,SCRAPER SUPPORT BRACKET,Product Control,M4-468,44468,57,Catalog photo,/assets/images/catalog-thumbs/manesty-light-v1/0bd702c7636230567568e8e1-full.webp,/parts/pge-man-0352/,Verified
PGE-MAN-0353,Manesty,BETAPRESS,SCRAPER SUPPORT BRACKET ASSEMBLY,Product Control,M4-468/A,44468,57,Catalog photo,/assets/images/catalog-thumbs/manesty-light-v1/c19f58721b4a235d25e78b28-full.webp,/parts/pge-man-0353/,Verified
PGE-MAN-0354,Manesty,BETAPRESS,COVER ON SCRAPER BRACKET,Product Control,M4-471,44471,57,Catalog photo,/assets/images/catalog-thumbs/manesty-light-v1/5f4a3f846c08df87d402a695-full.webp,/parts/pge-man-0354/,Verified
PGE-MAN-0355,Manesty,BETAPRESS,SCRAPER PLATE - SHORT,Product Control,M4-469,44469,57,Catalog photo,/assets/images/catalog-thumbs/manesty-light-v1/ce89eb647148cb696adaf294-full.webp,/parts/pge-man-0355/,Verified
PGE-MAN-0356,Manesty,BETAPRESS,SCRAPER BLADE SPRING,Product Control,M4-470,44470,57,Catalog photo,/assets/images/catalog-thumbs/manesty-light-v1/c9939571935a228d339c6c54-full.webp,/parts/pge-man-0356/,Verified
PGE-MAN-0357,Manesty,BETAPRESS,NUT FOR SPRING ON RE-CIRCULATING CHANNEL,Product Control,M4-477,44477,57,Catalog photo,/assets/images/catalog-thumbs/manesty-light-v1/76cc8a14c5736ba6b3cf2089-full.webp,/parts/pge-man-0357/,Verified
PGE-MAN-0358,Manesty,BETAPRESS,PLATE ON FEEDER - DELRIN,Product Control,M4-472,44472,57,Catalog photo,/assets/images/catalog-thumbs/manesty-light-v1/ca6ed655c470faa7827af052-full.webp,/parts/pge-man-0358/,Verified
PGE-MAN-0359,Manesty,BETAPRESS,SPRING FOR RECIRCULATING CHANNEL,Product Control,M4-476,44476,57,Catalog photo,/assets/images/catalog-thumbs/manesty-light-v1/a2bcb726b692fbddfda2e1c6-full.webp,/parts/pge-man-0359/,Verified
PGE-MAN-0360,Manesty,BETAPRESS,NAME PLATE SET (6 PC),Product Control,M4-48,Not listed in source catalog,57,Catalog photo,/assets/images/catalog-thumbs/manesty-light-v1/de3a96a1f4528ce7edb3e49a-full.webp,/parts/pge-man-0360/,Verified
PGE-MAN-0361,Manesty,BETAPRESS,FEEDER PADDLE,Product Control,M4-483,44483,57,Catalog photo,/assets/images/catalog-thumbs/manesty-light-v1/675579c63259a39332fbf885-full.webp,/parts/pge-man-0361/,Verified
PGE-MAN-0362,Manesty,BETAPRESS,FEEDER PADDLE,Product Control,M4-483/1,Not listed in source catalog,58,Catalog photo,/assets/images/catalog-thumbs/manesty-light-v1/042083b58218de3f8ad9ac12-full.webp,/parts/pge-man-0362/,Verified
PGE-MAN-0363,Manesty,BETAPRESS,TAIL OVER DIE SPRING,Product Control,M4-486,44486,58,Catalog photo,/assets/images/catalog-thumbs/manesty-light-v1/2357cfd6383ccaa091f177c1-full.webp,/parts/pge-man-0363/,Verified
PGE-MAN-0364,Manesty,BETAPRESS,SPRING FOR SCRAPER BLADE,Product Control,M-450,44450,58,Catalog photo,/assets/images/catalog-thumbs/manesty-light-v1/bb3d79efd4e7b5a472208b06-full.webp,/parts/pge-man-0364/,Verified
PGE-MAN-0365,Manesty,BETAPRESS,SUCTION NOZZLE,Product Control,M4-589,44589,58,Catalog photo,/assets/images/catalog-thumbs/manesty-light-v1/f71b3daeedfea94b604ca359-full.webp,/parts/pge-man-0365/,Verified
PGE-MAN-0366,Manesty,BETAPRESS,CLAMP SCREW ON INLET,Product Control,M4-509,44509,58,Catalog photo,/assets/images/catalog-thumbs/manesty-light-v1/2673b73bbf55344aa7ed1f61-full.webp,/parts/pge-man-0366/,Verified
PGE-MAN-0367,Manesty,BETAPRESS,HOPPER,Product Control,M4-658,44658,58,Catalog photo,/assets/images/catalog-thumbs/manesty-light-v1/7206ba1a4a75c717e66cda27-full.webp,/parts/pge-man-0367/,Verified
PGE-MAN-0368,Manesty,BETAPRESS,INLET ON TOP COVER - PET,Product Control,M4-660/1,44660,58,Catalog photo,/assets/images/catalog-thumbs/manesty-light-v1/199b6eb39952ad07afc2dcc0-full.webp,/parts/pge-man-0368/,Verified
PGE-MAN-0369,Manesty,BETAPRESS,LOCKSCREW ON INLET CLAMP,Product Control,M-460,44460,58,Catalog photo,/assets/images/catalog-thumbs/manesty-light-v1/6e259f768334b09ee1f25e90-full.webp,/parts/pge-man-0369/,Verified
PGE-MAN-0370,Manesty,BETAPRESS,TOP COVER ON FEEDER,Product Control,M4-62,44662,58,Catalog photo,/assets/images/catalog-thumbs/manesty-light-v1/b6ad1a613cdec435f5378d37-full.webp,/parts/pge-man-0370/,Verified
PGE-MAN-0371,Manesty,BETAPRESS,PILLAR FOR CLAMP,Product Control,M4-661,44661,58,Catalog photo,/assets/images/catalog-thumbs/manesty-light-v1/00981ee6052a1d53776d5e7e-full.webp,/parts/pge-man-0371/,Verified
PGE-MAN-0372,Manesty,BETAPRESS,INLET TUBE BRACKET,Product Control,M4-660/1-1,Not listed in source catalog,58,Catalog photo,/assets/images/catalog-thumbs/manesty-light-v1/8ff05c244394617a387420a9-full.webp,/parts/pge-man-0372/,Verified
PGE-MAN-0373,Manesty,BETAPRESS,INLET ON TOP COVER - TEFLON,Product Control,M4-660/2,44660,58,Catalog photo,/assets/images/catalog-thumbs/manesty-light-v1/4fb6ad4913daf54f220c39b6-full.webp,/parts/pge-man-0373/,Verified
PGE-MAN-0374,Manesty,BETAPRESS,TAIL OVER DIE - PHENOLIC,Product Control,M4-73,44473,58,Catalog photo,/assets/images/catalog-thumbs/manesty-light-v1/85c1013ebb3610a3dd673862-full.webp,/parts/pge-man-0374/,Verified
PGE-MAN-0375,Manesty,BETAPRESS,TAKE-OFF PLATE,Product Control,M4-663,44663,58,Catalog photo,/assets/images/catalog-thumbs/manesty-light-v1/c8c34e73ca891c1f97bad1ae-full.webp,/parts/pge-man-0375/,Verified
PGE-MAN-0376,Manesty,BETAPRESS,INLET CONNECTOR,Product Control,M4-666,44666,58,Catalog photo,/assets/images/catalog-thumbs/manesty-light-v1/c870b6be41df033589115749-full.webp,/parts/pge-man-0376/,Verified
PGE-MAN-0377,Manesty,BETAPRESS,TAIL OVER DIE-DELRIN,Product Control,M4-73-D,Not listed in source catalog,59,Catalog photo,/assets/images/catalog-thumbs/manesty-light-v1/c654d5f315cb1cfcb5992e94-full.webp,/parts/pge-man-0377/,Verified
PGE-MAN-0378,Manesty,BETAPRESS,OIL SEAL FOR FEEDER SHAFT,Product Control,M4-750,37750,59,Catalog photo,/assets/images/catalog-thumbs/manesty-light-v1/720b45bf8c63e8428cc23d9e-full.webp,/parts/pge-man-0378/,Verified
PGE-MAN-0379,Manesty,BETAPRESS,FEED FRAME,Product Control,M4-784,59784,59,Catalog photo,/assets/images/catalog-thumbs/manesty-light-v1/68eddc433cddb9c3b9f876f8-full.webp,/parts/pge-man-0379/,Verified
PGE-MAN-0380,Manesty,BETAPRESS,GEAR PLATE FOR HIGH SPEED FEEDER,Product Control,M4-835,44835,59,Catalog photo,/assets/images/catalog-thumbs/manesty-light-v1/250d7f7177d80b1e5cae1900-full.webp,/parts/pge-man-0380/,Verified
PGE-MAN-0381,Manesty,BETAPRESS,SHAFT IN COLUMN,Product Control,M4-81,44481,59,Catalog photo,/assets/images/catalog-thumbs/manesty-light-v1/91f653cbc345fef4e9b93f73-full.webp,/parts/pge-man-0381/,Verified
PGE-MAN-0382,Manesty,BETAPRESS,SHAFT IN COLUMN,Product Control,M4-82,44482,59,Catalog photo,/assets/images/catalog-thumbs/manesty-light-v1/840fef44ccb7892552919856-full.webp,/parts/pge-man-0382/,Verified
PGE-MAN-0383,Manesty,BETAPRESS,RECIRCULATING CHANNEL,Product Control,M4-890,44890,59,Catalog photo,/assets/images/catalog-thumbs/manesty-light-v1/75c5d7721b492d74e75a1bbc-full.webp,/parts/pge-man-0383/,Verified
PGE-MAN-0384,Manesty,BETAPRESS,GEAR PLATE - MODIFIED - SYNCHRONOUS,Product Control,M4-835/1,Not listed in source catalog,59,Catalog photo,/assets/images/catalog-thumbs/manesty-light-v1/bc531b604113c4945dd86c34-full.webp,/parts/pge-man-0384/,Verified
PGE-MAN-0385,Manesty,BETAPRESS,GEAR,Product Control,M4-839,44839,59,Catalog photo,/assets/images/catalog-thumbs/manesty-light-v1/a8a3e58760a1d9c7b95a8836-full.webp,/parts/pge-man-0385/,Verified
PGE-MAN-0386,Manesty,BETAPRESS,SCRAPER SUPPORT BRACKET,Product Control,M4-894,44894,59,Catalog photo,/assets/images/catalog-thumbs/manesty-light-v1/2bd9b13fd64e830be0a9854b-full.webp,/parts/pge-man-0386/,Verified
PGE-MAN-0387,Manesty,BETAPRESS,LOWER RE-CIRCULATING BAND STRIP,Product Control,M4-891,44891,59,Catalog photo,/assets/images/catalog-thumbs/manesty-light-v1/4ba7566ee85a79bb4859d7dd-full.webp,/parts/pge-man-0387/,Verified
PGE-MAN-0388,Manesty,BETAPRESS,UPPER RE-CIRCULATING BAND STRIP,Product Control,M4-892,44892,59,Catalog photo,/assets/images/catalog-thumbs/manesty-light-v1/219a395bb0f3c72644fd952a-full.webp,/parts/pge-man-0388/,Verified
PGE-MAN-0389,Manesty,BETAPRESS,RECIRCULATION CHANNEL BUFFER,Product Control,M4-997,44997,59,Catalog photo,/assets/images/catalog-thumbs/manesty-light-v1/3364b9ce9ff81462d380a053-full.webp,/parts/pge-man-0389/,Verified
PGE-MAN-0390,Manesty,BETAPRESS,COVER OVER SCRAPER PLATE,Product Control,M4-895,44895,59,Catalog photo,/assets/images/catalog-thumbs/manesty-light-v1/93eb824e8cd3ba132c44f412-full.webp,/parts/pge-man-0390/,Verified
PGE-MAN-0391,Manesty,BETAPRESS,SCRAPER BLADE - LONG,Product Control,M4-897,44897,59,Catalog photo,/assets/images/catalog-thumbs/manesty-light-v1/8666944e107c26b04601243b-full.webp,/parts/pge-man-0391/,Verified
PGE-MAN-0392,Manesty,BETAPRESS,TABLET CHUTE TRIM PIECE,Product Control,M4-FG1-29,Not listed in source catalog,60,Catalog photo,/assets/images/catalog-thumbs/manesty-light-v1/13295bc4c66203794ad64e6f-full.webp,/parts/pge-man-0392/,Verified
PGE-MAN-0393,Manesty,BETAPRESS,HOPPER,Product Control,M4-FG1-42,Not listed in source catalog,60,Catalog photo,/assets/images/catalog-thumbs/manesty-light-v1/ef81146d18a7bd3f8b6f73ad-full.webp,/parts/pge-man-0393/,Verified
PGE-MAN-0394,Manesty,BETAPRESS,TABLET THICKNESS ADJUSTING SHAFT,Product Control,M4-FG1-45,Not listed in source catalog,60,Catalog photo,/assets/images/catalog-thumbs/manesty-light-v1/82f9db6fa65ad8b1b666fbdb-full.webp,/parts/pge-man-0394/,Verified
PGE-MAN-0395,Manesty,BETAPRESS,TABLET THICKNESS HAND WHEEL,Product Control,M4-FG1-48,Not listed in source catalog,60,Catalog photo,/assets/images/catalog-thumbs/manesty-light-v1/8e623806b015c75668cc69cb-full.webp,/parts/pge-man-0395/,Verified
PGE-MAN-0396,Manesty,BETAPRESS,TABLET CHUTE COVER,Product Control,M4-TRS4-1,Not listed in source catalog,60,Catalog photo,/assets/images/catalog-thumbs/manesty-light-v1/aebadf79d844893b01bae783-full.webp,/parts/pge-man-0396/,Verified
PGE-MAN-0397,Manesty,BETAPRESS,TABLET CHUTE DIVIDER,Product Control,M4-TRS4-2,Not listed in source catalog,60,Catalog photo,/assets/images/catalog-thumbs/manesty-light-v1/0b4f2bcf60833d9bb44c70a6-full.webp,/parts/pge-man-0397/,Verified
PGE-MAN-0398,Manesty,BETAPRESS,TABLET CHUTE COVER,Product Control,M4-TRS4-6,Not listed in source catalog,60,Catalog photo,/assets/images/catalog-thumbs/manesty-light-v1/4c730401ed6e381444d57bb7-full.webp,/parts/pge-man-0398/,Verified
PGE-MAN-0399,Manesty,BETAPRESS,TABLET TAKE OFF STOP,Product Control,M4-TTO-4,Not listed in source catalog,60,Catalog photo,/assets/images/catalog-thumbs/manesty-light-v1/c013528665367e7e91f6a931-full.webp,/parts/pge-man-0399/,Verified
PGE-MAN-0400,Manesty,BETAPRESS,TABLET TAKE OFF MOUNT BLOCK,Product Control,M4-TTO-6,Not listed in source catalog,60,Catalog photo,/assets/images/catalog-thumbs/manesty-light-v1/93a421d8b2a8661ba56799b3-full.webp,/parts/pge-man-0400/,Verified
PGE-MAN-0401,Manesty,BETAPRESS,SCREW FOR SCRAPER BLADE,Product Control,M-50,90350,60,Catalog photo,/assets/images/catalog-thumbs/manesty-light-v1/372b7f942263dcd91523c345-full.webp,/parts/pge-man-0401/,Verified
PGE-MAN-0402,Manesty,BETAPRESS,CLAMP ON INLET TUBE,Product Control,M-618,39618,60,Catalog photo,/assets/images/catalog-thumbs/manesty-light-v1/f714fbe8a35e616836e85498-full.webp,/parts/pge-man-0402/,Verified
PGE-MAN-0403,Manesty,BETAPRESS,INLET CONNECTOR HINGE PLATE,Product Control,M-637,39637,60,Catalog photo,/assets/images/catalog-thumbs/manesty-light-v1/2e0eeab4351bb1ccb8e3b5a1-full.webp,/parts/pge-man-0403/,Verified
PGE-MAN-0404,Manesty,BETAPRESS,INLET CONNECTOR GASKET,Product Control,M-638,39638,60,Catalog photo,/assets/images/catalog-thumbs/manesty-light-v1/b43c1d2defe80c9ce1a60b02-full.webp,/parts/pge-man-0404/,Verified
PGE-MAN-0405,Manesty,BETAPRESS,LOCK NUT ON HINGE PLATE,Product Control,M-640,39640,60,Catalog photo,/assets/images/catalog-thumbs/manesty-light-v1/152b6bffc4e9168496a5af41-full.webp,/parts/pge-man-0405/,Verified
PGE-MAN-0406,Manesty,BETAPRESS,HOPPER CONNECTOR,Product Control,M-642,39642,60,Catalog photo,/assets/images/catalog-thumbs/manesty-light-v1/f10d2e3e246bc0db6789d072-full.webp,/parts/pge-man-0406/,Verified
PGE-MAN-0407,Manesty,BETAPRESS,COVER ON INLET BOWL,Product Control,M-669,44669,61,Catalog photo,/assets/images/catalog-thumbs/manesty-light-v1/ff589cbc7579ca1a74ae0921-full.webp,/parts/pge-man-0407/,Verified
PGE-MAN-0408,Manesty,BETAPRESS,FLANGED BUSHING - OILITE,Product Control,M-70,39770,61,Catalog photo,/assets/images/catalog-thumbs/manesty-light-v1/550089679cb5dd06a3b6d7ed-full.webp,/parts/pge-man-0408/,Verified
PGE-MAN-0409,Manesty,BETAPRESS,FEEDER INTER GEAR BUSHING,Product Control,M-778,39778,61,Catalog photo,/assets/images/catalog-thumbs/manesty-light-v1/e1ed586c9b7359078c193fc2-full.webp,/parts/pge-man-0409/,Verified
PGE-MAN-0412,Manesty,BETAPRESS,INLET ON TOP COVER,Product Control,M4-660,44660,61,Catalog photo,/assets/images/catalog-thumbs/manesty-light-v1/4be251f42e11c56275d6ef95-full.webp,/parts/pge-man-0412/,Verified
PGE-MAN-0413,Manesty,BETAPRESS,LARGE FINGER SECTION - PLOW DESIGN,Product Control,M-798-1/P,Not listed in source catalog,61,Catalog photo,/assets/images/catalog-thumbs/manesty-light-v1/0da76f8c05396ccb89f52331-full.webp,/parts/pge-man-0413/,Verified
PGE-MAN-0414,Manesty,BETAPRESS,PILLAR FOR HOPPER MOUNTING,Product Control,M4-189,44189,61,Catalog photo,/assets/images/catalog-thumbs/manesty-light-v1/b1f96e419338f480a57da494-full.webp,/parts/pge-man-0414/,Verified
PGE-MAN-0418,Manesty,BETAPRESS,STANDARD ROTARY FEEDER ASSEMBLY,Product Control,M4-SRF,Not listed in source catalog,61,Catalog photo,/assets/images/catalog-thumbs/manesty-light-v1/bb7136d60cf105014f52dd14-full.webp,/parts/pge-man-0418/,Verified
PGE-MAN-0419,Manesty,BETAPRESS,BRACKET FOR OIL BOTTLE,Product Control,M-614,44614,61,Catalog photo,/assets/images/catalog-thumbs/manesty-light-v1/ce5f4e82ca6df9a1500f45b4-full.webp,/parts/pge-man-0419/,Verified
PGE-MAN-0421,Manesty,BETAPRESS,DUST BOX,Product Control,M4-03,Not listed in source catalog,61,Catalog photo,/assets/images/catalog-thumbs/manesty-light-v1/92211dc259cca6409dacc28e-full.webp,/parts/pge-man-0421/,Verified
PGE-MAN-0422,Manesty,BETAPRESS,SHAFT END WASHER,Product Control,M4-165,Not listed in source catalog,62,Catalog photo,/assets/images/catalog-thumbs/manesty-light-v1/53209575181ad79dc9d42dd8-full.webp,/parts/pge-man-0422/,Verified
PGE-MAN-0424,Manesty,BETAPRESS,FEEDER PADDLE - WIRE DESIGN,Product Control,M4-483/3,Not listed in source catalog,62,Catalog photo,/assets/images/catalog-thumbs/manesty-light-v1/6ad5376c9824f22e27b51db8-full.webp,/parts/pge-man-0424/,Verified
PGE-MAN-0425,Manesty,BETAPRESS,FEEDER PADDLE - NOTCH DESIGN,Product Control,M4-483/4,Not listed in source catalog,62,Catalog photo,/assets/images/catalog-thumbs/manesty-light-v1/baf39b13d29ca3aebfc6001e-full.webp,/parts/pge-man-0425/,Verified
PGE-MAN-0432,Manesty,BETAPRESS,DIE LOCK SCREW,Turret Hardware,DL-50/1,Not listed in source catalog,62,Catalog photo,/assets/images/catalog-thumbs/manesty-light-v1/0bc2cbbb82ca4ef92f997e45-full.webp,/parts/pge-man-0432/,Verified
PGE-MAN-0433,Manesty,BETAPRESS,DIE LOCK SCREW,Turret Hardware,DL-50/2,44775,62,Catalog photo,/assets/images/catalog-thumbs/manesty-light-v1/d044ddc44aea68b7f0f9c842-full.webp,/parts/pge-man-0433/,Verified
PGE-MAN-0434,Manesty,BETAPRESS,DIE LOCK SCREW,Turret Hardware,DL-56,"36156, AD-0",62,Catalog photo,/assets/images/catalog-thumbs/manesty-light-v1/a63e6ec104e1f21b733f6898-full.webp,/parts/pge-man-0434/,Verified
PGE-MAN-0435,Manesty,BETAPRESS,THRUST BEARING,Turret Hardware,M-348,44348,62,Catalog photo,/assets/images/catalog-thumbs/manesty-light-v1/5674d258339a7d83676c4c60-full.webp,/parts/pge-man-0435/,Verified
PGE-MAN-0436,Manesty,BETAPRESS,SPACER UNDER TURRET,Turret Hardware,M4-113,44113,62,Catalog photo,/assets/images/catalog-thumbs/manesty-light-v1/fbcfa6660c051efd1daad1e9-full.webp,/parts/pge-man-0436/,Verified
PGE-MAN-0437,Manesty,BETAPRESS,ROLLER BEARING,Turret Hardware,M4-310,44310,63,Catalog photo,/assets/images/catalog-thumbs/manesty-light-v1/10c59fc6c6a4c185e368294d-full.webp,/parts/pge-man-0437/,Verified
PGE-MAN-0438,Manesty,BETAPRESS,COLUMN BEARING BUSH,Turret Hardware,M4-344,44344,63,Catalog photo,/assets/images/catalog-thumbs/manesty-light-v1/fd30f87f764e814f11ff60b6-full.webp,/parts/pge-man-0438/,Verified
PGE-MAN-0439,Manesty,BETAPRESS,TAPER LOCK BUSH,Turret Hardware,M4-764,44764,63,Catalog photo,/assets/images/catalog-thumbs/manesty-light-v1/5e1ea84910de0d5a7836611d-full.webp,/parts/pge-man-0439/,Verified
PGE-MAN-0440,Manesty,BETAPRESS,TURRET SPINDLE TAPER LOCK REPLACEMENT,Turret Hardware,M4-BA,Not listed in source catalog,63,Catalog photo,/assets/images/catalog-thumbs/manesty-light-v1/746c4807c83b972abd78fd85-full.webp,/parts/pge-man-0440/,Verified
PGE-MAN-0441,Manesty,BETAPRESS,LOWER PUNCH RETAINER SPRING,Turret Hardware,M-518,38518,63,Catalog photo,/assets/images/catalog-thumbs/manesty-light-v1/b7e354c2058283b5b735f2d9-full.webp,/parts/pge-man-0441/,Verified
PGE-MAN-0442,Manesty,BETAPRESS,LOWER PUNCH RETAINER SCREW,Turret Hardware,M-69,39690,63,Catalog photo,/assets/images/catalog-thumbs/manesty-light-v1/ce165a9daf0965c1fe8a1dcc-full.webp,/parts/pge-man-0442/,Verified
PGE-MAN-0443,Manesty,BETAPRESS,HEX HEAD SCREW,Turret Hardware,M-699,90569,63,Catalog photo,/assets/images/catalog-thumbs/manesty-light-v1/348f1e605f674fb5e3687b3f-full.webp,/parts/pge-man-0443/,Verified
PGE-MAN-0444,Manesty,BETAPRESS,PUNCH HOLDING PLUNGER,Turret Hardware,M-87,Not listed in source catalog,63,Catalog photo,/assets/images/catalog-thumbs/manesty-light-v1/91a2ce66031d0d311fcaf335-full.webp,/parts/pge-man-0444/,Verified
PGE-MAN-0445,Manesty,BETAPRESS,LOWER PUNCH SCRAPER SEAL ‘B’ TOOLING,Turret Hardware,N-750,44143,63,Catalog photo,/assets/images/catalog-thumbs/manesty-light-v1/36beead215d8849bc63798da-full.webp,/parts/pge-man-0445/,Verified
PGE-MAN-0446,Manesty,BETAPRESS,SEAL INSTALLATION TOOL ’B’ TOOLING,Turret Hardware,N-750/1,Not listed in source catalog,63,Catalog photo,/assets/images/catalog-thumbs/manesty-light-v1/53dd5b997b832341e5c64a66-full.webp,/parts/pge-man-0446/,Verified
PGE-MAN-0448,Manesty,BETAPRESS,LOWER PUNCH RETAINER SPRING,Turret Hardware,SP-249,39249,63,Catalog photo,/assets/images/catalog-thumbs/manesty-light-v1/f5da8d12ca95e69f1031c595-full.webp,/parts/pge-man-0448/,Verified
PGE-MAN-0452,Manesty,BETAPRESS,UPPER CAM TRACK BODY,Upper Cam Tracks,M4-017,44017,64,Catalog photo,/assets/images/catalog-thumbs/manesty-light-v1/bfd6e2cdcc2cfc77c0865f39-full.webp,/parts/pge-man-0452/,Verified
PGE-MAN-0453,Manesty,BETAPRESS,INSERT IN UPPER TRACK - IPT B,Upper Cam Tracks,M4-034,44034,64,Catalog photo,/assets/images/catalog-thumbs/manesty-light-v1/3ea49f193ef0ad11f3a105ae-full.webp,/parts/pge-man-0453/,Verified
PGE-MAN-0454,Manesty,BETAPRESS,UPPER CAM TRACK FRONT - IPT B,Upper Cam Tracks,M4-035,44035,64,Catalog photo,/assets/images/catalog-thumbs/manesty-light-v1/b41251d96fc319e20f5efd85-full.webp,/parts/pge-man-0454/,Verified
PGE-MAN-0455,Manesty,BETAPRESS,INSERT IN UPPER TRACK - IPT B,Upper Cam Tracks,M4-036,44036,64,Catalog photo,/assets/images/catalog-thumbs/manesty-light-v1/d895bcd72e5ff4655810e658-full.webp,/parts/pge-man-0455/,Verified
PGE-MAN-0456,Manesty,BETAPRESS,RETAINING PIN,Upper Cam Tracks,M4-271,44271,64,Catalog photo,/assets/images/catalog-thumbs/manesty-light-v1/9702e25b2e0f4d379435c7a2-full.webp,/parts/pge-man-0456/,Verified
PGE-MAN-0457,Manesty,BETAPRESS,SWIVEL PIN ON UPPER CAM,Upper Cam Tracks,M4-272,44272,64,Catalog photo,/assets/images/catalog-thumbs/manesty-light-v1/2f9def265770a140fbd1ff93-full.webp,/parts/pge-man-0457/,Verified
PGE-MAN-0458,Manesty,BETAPRESS,INSERT IN UPPER TRACK - EU B,Upper Cam Tracks,M4-30,44030,64,Catalog photo,/assets/images/catalog-thumbs/manesty-light-v1/2fc87b390629fb2fb12a38be-full.webp,/parts/pge-man-0458/,Verified
PGE-MAN-0459,Manesty,BETAPRESS,INSERT IN UPPER TRACK - EU B,Upper Cam Tracks,M4-31,44031,64,Catalog photo,/assets/images/catalog-thumbs/manesty-light-v1/38ca101a30b9bde96472382f-full.webp,/parts/pge-man-0459/,Verified
PGE-MAN-0460,Manesty,BETAPRESS,FELT WIPER,Upper Cam Tracks,M4-316,44316,64,Catalog photo,/assets/images/catalog-thumbs/manesty-light-v1/c6eb0bde0c6cc69ce8ff4f73-full.webp,/parts/pge-man-0460/,Verified
PGE-MAN-0461,Manesty,BETAPRESS,UPPER CAM TRACK FRONT - EU B,Upper Cam Tracks,M4-32,44032,64,Catalog photo,/assets/images/catalog-thumbs/manesty-light-v1/d005d0610da91a6287988f4c-full.webp,/parts/pge-man-0461/,Verified
PGE-MAN-0462,Manesty,BETAPRESS,UPPER LIFTING CAM - EU B,Upper Cam Tracks,M4-574,44574,64,Catalog photo,/assets/images/catalog-thumbs/manesty-light-v1/f7b106888b16e77ac1582915-full.webp,/parts/pge-man-0462/,Verified
PGE-MAN-0463,Manesty,BETAPRESS,UPPER LIFTING CAM - IPT B,Upper Cam Tracks,M4-646,44646,64,Catalog photo,/assets/images/catalog-thumbs/manesty-light-v1/0ee057c7fccc16228cef72d3-full.webp,/parts/pge-man-0463/,Verified
PGE-MAN-0464,Manesty,BETAPRESS,UPPER LOWERING CAM - IPT B,Upper Cam Tracks,M4-654,44654,64,Catalog photo,/assets/images/catalog-thumbs/manesty-light-v1/0967733b4b8f86620f745511-full.webp,/parts/pge-man-0464/,Verified
PGE-MAN-0465,Manesty,BETAPRESS,UPPER LOWERING CAM - US B & D,Upper Cam Tracks,M4-654-BD,Not listed in source catalog,64,Catalog photo,/assets/images/catalog-thumbs/manesty-light-v1/67fc29183ec79d832607f960-full.webp,/parts/pge-man-0465/,Verified
PGE-MAN-0466,Manesty,BETAPRESS,BALL CATACH,Weight Adjusting Components,M-254,38254,64,Catalog photo,/assets/images/catalog-thumbs/manesty-light-v1/e2743166f8341df9116e2cfc-full.webp,/parts/pge-man-0466/,Verified
PGE-MAN-0467,Manesty,BETAPRESS,WEIGHT ADJUSTING RAMP,Weight Adjusting Components,M4-127,44127,65,Catalog photo,/assets/images/catalog-thumbs/manesty-light-v1/2a8e2f92c4950c89bdcf08b1-full.webp,/parts/pge-man-0467/,Verified
PGE-MAN-0468,Manesty,BETAPRESS,WEIGHT ADJUSTING BODY,Weight Adjusting Components,M4-693,44693,65,Catalog photo,/assets/images/catalog-thumbs/manesty-light-v1/d64b9963681f77e6155436d2-full.webp,/parts/pge-man-0468/,Verified
PGE-MAN-0469,Manesty,BETAPRESS,WEIGHT ADJUSTING SCREW,Weight Adjusting Components,M4-695,44695,65,Catalog photo,/assets/images/catalog-thumbs/manesty-light-v1/a9bc79fc1f732e50c5e2ef9e-full.webp,/parts/pge-man-0469/,Verified
PGE-MAN-0470,Manesty,BETAPRESS,INDICATOR FOR WEIGHT ADJUSTING,Weight Adjusting Components,M4-049,44049,65,Catalog photo,/assets/images/catalog-thumbs/manesty-light-v1/bb70172bfa3962d3bb846b32-full.webp,/parts/pge-man-0470/,Verified
PGE-MAN-0471,Manesty,D3A,1-1/2 BEARING REAR DRIVE,Drive Components,M-125,36125,66,Catalog photo,/assets/images/catalog-thumbs/manesty-light-v1/642970f8c2d9052828c86be5-full.webp,/parts/pge-man-0471/,Verified
PGE-MAN-0472,Manesty,D3A,BALL BEARING REAR DRIVE,Drive Components,M-658,2658Z,66,Catalog photo,/assets/images/catalog-thumbs/manesty-light-v1/5fefe59737db3eafc3171efe-full.webp,/parts/pge-man-0472/,Verified
PGE-MAN-0475,Manesty,D3A,BRONZE WORM,Drive Components,WG-6,"36013, AC-12, B-200-560-1",66,Catalog photo,/assets/images/catalog-thumbs/manesty-light-v1/d8ca1bc1b8e906e9aa315011-full.webp,/parts/pge-man-0475/,Verified
PGE-MAN-0476,Manesty,D3A,ROLLER BEARING REAR DRIVE,Drive Components,M-126,36126,66,Catalog photo,/assets/images/catalog-thumbs/manesty-light-v1/13fbc70d52b7f1b8dbf88de5-full.webp,/parts/pge-man-0476/,Verified
PGE-MAN-0477,Manesty,D3A,DRIP LUBRICATOR,Hydraulic & Lubrication Components,M-15,1150,66,Catalog photo,/assets/images/catalog-thumbs/manesty-light-v1/c8bbe0ceaa478bb18938afbf-full.webp,/parts/pge-man-0477/,Verified
PGE-MAN-0478,Manesty,D3A,HYDRAULIC TONNAGE GAUGE SYSTEM,Hydraulic & Lubrication Components,M-177,Not listed in source catalog,66,Catalog photo,/assets/images/catalog-thumbs/manesty-light-v1/b1e922cf3e56526891571c8f-full.webp,/parts/pge-man-0478/,Verified
PGE-MAN-0479,Manesty,D3A,DRIP LUBRICATOR,Hydraulic & Lubrication Components,M-78,36178,66,Catalog photo,/assets/images/catalog-thumbs/manesty-light-v1/fb95ecd37de125b9cc3a579d-full.webp,/parts/pge-man-0479/,Verified
PGE-MAN-0480,Manesty,D3A,PUNCH LOADING PLUG,Lower Cam Tracks,M-57,36057,66,Catalog photo,/assets/images/catalog-thumbs/manesty-light-v1/5dadc317d76a807564cd710c-full.webp,/parts/pge-man-0480/,Verified
PGE-MAN-0481,Manesty,D3A,PUNCH ADJUSTER SCREW,Lower Cam Tracks,M-94,36094,66,Catalog photo,/assets/images/catalog-thumbs/manesty-light-v1/c914db09966f4c87374c7034-full.webp,/parts/pge-man-0481/,Verified
PGE-MAN-0482,Manesty,D3A,EJECTION CAM,Lower Cam Tracks,MD3-2,36667,66,Catalog photo,/assets/images/catalog-thumbs/manesty-light-v1/a36b1c4bd4ac2ff9973000a0-full.webp,/parts/pge-man-0482/,Verified
PGE-MAN-0483,Manesty,D3A,EJECTION CAM - BRONZE,Lower Cam Tracks,MD3-2/B,36667,66,Catalog photo,/assets/images/catalog-thumbs/manesty-light-v1/cd4bcf896219123c74953b0a-full.webp,/parts/pge-man-0483/,Verified
PGE-MAN-0484,Manesty,D3A,FILL CAM - 13/16” FILL,Lower Cam Tracks,MD3-64,36064,66,Catalog photo,/assets/images/catalog-thumbs/manesty-light-v1/db16415851569bf4d7eff880-full.webp,/parts/pge-man-0484/,Verified
PGE-MAN-0485,Manesty,D3A,FILL CAM - 5/16” FILL,Lower Cam Tracks,MD3-64/1,6360640,66,Catalog photo,/assets/images/catalog-thumbs/manesty-light-v1/6c364f0f19ce75ac0c1b94c5-full.webp,/parts/pge-man-0485/,Verified
PGE-MAN-0486,Manesty,D3A,FILL CAM - 3/8” FILL,Lower Cam Tracks,MD3-64/2,6360640,67,Catalog photo,/assets/images/catalog-thumbs/manesty-light-v1/cb9f929b383a1ad8bbf1693d-full.webp,/parts/pge-man-0486/,Verified
PGE-MAN-0487,Manesty,D3A,LOWER CAM TRACK - MANESTY “D”,Lower Cam Tracks,MD3-64-15E,Not listed in source catalog,67,Catalog photo,/assets/images/catalog-thumbs/manesty-light-v1/ac72a3bee2075931d726ea60-full.webp,/parts/pge-man-0487/,Verified
PGE-MAN-0488,Manesty,D3A,UPPER ROLL PIN,Pressure Rolls & Components,MD3-42,36142,67,Catalog photo,/assets/images/catalog-thumbs/manesty-light-v1/9dfe309884eb45a67ac366ae-full.webp,/parts/pge-man-0488/,Verified
PGE-MAN-0489,Manesty,D3A,FULCRUM PIN,Pressure Rolls & Components,MD3-70,36070,67,Catalog photo,/assets/images/catalog-thumbs/manesty-light-v1/aaa424a3465b63399535ae48-full.webp,/parts/pge-man-0489/,Verified
PGE-MAN-0490,Manesty,D3A,LOWER ROLL PIN,Pressure Rolls & Components,MD3-75,36075,67,Catalog photo,/assets/images/catalog-thumbs/manesty-light-v1/decf2cc4b5a4db52de15fa4f-full.webp,/parts/pge-man-0490/,Verified
PGE-MAN-0491,Manesty,D3A,UPPER OR LOWER PRESSURE ROLL,Pressure Rolls & Components,PR-6,36054,67,Catalog photo,/assets/images/catalog-thumbs/manesty-light-v1/3b32ec7b528aedade889eeec-full.webp,/parts/pge-man-0491/,Verified
PGE-MAN-0492,Manesty,D3A,HOPPER BRACKET,Product Control,M-025,36025,67,Catalog photo,/assets/images/catalog-thumbs/manesty-light-v1/26b573d3ecc9d2202a7ee838-full.webp,/parts/pge-man-0492/,Verified
PGE-MAN-0493,Manesty,D3A,HOPPER LINK,Product Control,M-035,36035,67,Catalog photo,/assets/images/catalog-thumbs/manesty-light-v1/301ea38fb0c54d100f125993-full.webp,/parts/pge-man-0493/,Verified
PGE-MAN-0494,Manesty,D3A,FEED FRAME ADJUSTING NUT - REAR,Product Control,M-101,36101,67,Catalog photo,/assets/images/catalog-thumbs/manesty-light-v1/ac0c7e7e355b83f1dfa3d3cd-full.webp,/parts/pge-man-0494/,Verified
PGE-MAN-0495,Manesty,D3A,FEED FRAME LOCKNUT,Product Control,M-118,36118,67,Catalog photo,/assets/images/catalog-thumbs/manesty-light-v1/fb6c125cf00c450bd893e4e4-full.webp,/parts/pge-man-0495/,Verified
PGE-MAN-0496,Manesty,D3A,HOPPER CLAMP SCREW,Product Control,M-67,36067,67,Catalog photo,/assets/images/catalog-thumbs/manesty-light-v1/fa354c70d745c9b7aa7beca1-full.webp,/parts/pge-man-0496/,Verified
PGE-MAN-0497,Manesty,D3A,FEED FRAME STUD,Product Control,MD3-099,36099,67,Catalog photo,/assets/images/catalog-thumbs/manesty-light-v1/5e6b0f885b83bfde59c6172e-full.webp,/parts/pge-man-0497/,Verified
PGE-MAN-0498,Manesty,D3A,FEED FRAME,Product Control,MD3-52,36652,67,Catalog photo,/assets/images/catalog-thumbs/manesty-light-v1/140428c8a36d9a595984389a-full.webp,/parts/pge-man-0498/,Verified
PGE-MAN-0499,Manesty,D3A,SCRAPER PLATE,Product Control,MD3-59,36059,67,Catalog photo,/assets/images/catalog-thumbs/manesty-light-v1/fb0be5b2ce39d798c81d1ae6-full.webp,/parts/pge-man-0499/,Verified
PGE-MAN-0500,Manesty,D3A,TAKE-OFF PLATE,Product Control,MD3-61,36061,67,Catalog photo,/assets/images/catalog-thumbs/manesty-light-v1/fdd11168a630545669e3107c-full.webp,/parts/pge-man-0500/,Verified
PGE-MAN-0505,Manesty,D3A,SCRAPER SPRING,Product Control,SP-8,"37077, 35018, 36062",68,Catalog photo,/assets/images/catalog-thumbs/manesty-light-v1/673b22fdb0a9704e21febc39-full.webp,/parts/pge-man-0505/,Verified
PGE-MAN-0506,Manesty,D3A,EYEBOLT,Thickness/Hardness Components,MD3-007,36007,68,Catalog photo,/assets/images/catalog-thumbs/manesty-light-v1/51989069b936c87803365835-full.webp,/parts/pge-man-0506/,Verified
PGE-MAN-0507,Manesty,D3A,FORK PIN,Thickness/Hardness Components,MD3-71,36071,68,Catalog photo,/assets/images/catalog-thumbs/manesty-light-v1/6d08ba3358f210f8d34a059f-full.webp,/parts/pge-man-0507/,Verified
PGE-MAN-0508,Manesty,D3A,EYE BOLT PIN,Thickness/Hardness Components,MD3-72,36072,68,Catalog photo,/assets/images/catalog-thumbs/manesty-light-v1/ec206b2d041dc9945dc801b1-full.webp,/parts/pge-man-0508/,Verified
PGE-MAN-0509,Manesty,D3A,PRESSURE LEVER PIN,Thickness/Hardness Components,MD3-73,36073,68,Catalog photo,/assets/images/catalog-thumbs/manesty-light-v1/da455e4e5d729fb2c60e9ce0-full.webp,/parts/pge-man-0509/,Verified
PGE-MAN-0511,Manesty,D3A,DIE LOCK SCREW,Turret Hardware,DL-56,"36156, AD-0",68,Catalog photo,/assets/images/catalog-thumbs/manesty-light-v1/3ce8985501a996b424f0ded7-full.webp,/parts/pge-man-0511/,Verified
PGE-MAN-0512,Manesty,D3A,DIE LOCK SCREW,Turret Hardware,DL-75/3,45424,68,Catalog photo,/assets/images/catalog-thumbs/manesty-light-v1/a0ffe49d3589fec1228e6498-full.webp,/parts/pge-man-0512/,Verified
PGE-MAN-0513,Manesty,D3A,LOWER PUNCH RETAINER SPRING,Turret Hardware,M-518,38518,68,Catalog photo,/assets/images/catalog-thumbs/manesty-light-v1/a0786d89da0872e9b27d41b7-full.webp,/parts/pge-man-0513/,Verified
PGE-MAN-0514,Manesty,D3A,LOWER PUNCH RETAINER,Turret Hardware,M-519,38519,68,Catalog photo,/assets/images/catalog-thumbs/manesty-light-v1/aa9d7af55e6f3659a468088f-full.webp,/parts/pge-man-0514/,Verified
PGE-MAN-0515,Manesty,D3A,LOWER PUNCH RETAINER SCREW,Turret Hardware,M-69,39690,68,Catalog photo,/assets/images/catalog-thumbs/manesty-light-v1/82e41fff036794d63790eb2a-full.webp,/parts/pge-man-0515/,Verified
PGE-MAN-0519,Manesty,D3A,TAKE OUT PLATE,Upper Cam Tracks,MD3-16,36016,69,Catalog photo,/assets/images/catalog-thumbs/manesty-light-v1/11f96f86df5b9692605ae466-full.webp,/parts/pge-man-0519/,Verified
PGE-MAN-0520,Manesty,D3A,TAKE OUT PLATE - NEW STYLE,Upper Cam Tracks,MD3-16/1,Not listed in source catalog,69,Catalog photo,/assets/images/catalog-thumbs/manesty-light-v1/2c3e6b10ea3458a7e5a5dd64-full.webp,/parts/pge-man-0520/,Verified
PGE-MAN-0521,Manesty,D3A,GUIDE PIECE FOR LOWERING CAM,Upper Cam Tracks,MD3-26,35126,69,Catalog photo,/assets/images/catalog-thumbs/manesty-light-v1/660ca7cfdd229633f6b56618-full.webp,/parts/pge-man-0521/,Verified
PGE-MAN-0522,Manesty,D3A,UPPER CAM BODY - WITH TAKE OUT PLATE,Upper Cam Tracks,MD3-53/1,36553,69,Catalog photo,/assets/images/catalog-thumbs/manesty-light-v1/55638a229c56543de6d2be1b-full.webp,/parts/pge-man-0522/,Verified
PGE-MAN-0523,Manesty,D3A,UPPER CAM - LIFTING,Upper Cam Tracks,MD3-54,36554,69,Catalog photo,/assets/images/catalog-thumbs/manesty-light-v1/fe08e4fc8f849903912de338-full.webp,/parts/pge-man-0523/,Verified
PGE-MAN-0524,Manesty,D3A,UPPER CAM - LOWERING ASSEMBLY,Upper Cam Tracks,MD3-55,36555,69,Catalog photo,/assets/images/catalog-thumbs/manesty-light-v1/1d2242c238a233371eefeb96-full.webp,/parts/pge-man-0524/,Verified
PGE-MAN-0526,Manesty,D3A,WEIGHT ADJUSTING CAM ASSEMBLY,Weight Adjusting Components,MD3-081,36081,69,Catalog photo,/assets/images/catalog-thumbs/manesty-light-v1/bd67b7efb73aff85eba8f43d-full.webp,/parts/pge-man-0526/,Verified
PGE-MAN-0527,Manesty,D3A,WEDGE PIECE,Weight Adjusting Components,MD3-2A,Not listed in source catalog,69,Catalog photo,/assets/images/catalog-thumbs/manesty-light-v1/70cedc589961bb4b4998df79-full.webp,/parts/pge-man-0527/,Verified
PGE-MAN-0528,Manesty,D3B,WORM SHAFT - TAPERED,Drive Components,MD3-567,36567,70,Catalog photo,/assets/images/catalog-thumbs/manesty-light-v1/77fafaee3cc36446e0c7bf89-full.webp,/parts/pge-man-0528/,Verified
PGE-MAN-0529,Manesty,D3B,SHAFT END WASHER,Drive Components,MD3-572,36572,70,Catalog photo,/assets/images/catalog-thumbs/manesty-light-v1/b29b554393b558252c552dad-full.webp,/parts/pge-man-0529/,Verified
PGE-MAN-0530,Manesty,D3B,FLANGED WASHER,Drive Components,MD3-573,36573,70,Catalog photo,/assets/images/catalog-thumbs/manesty-light-v1/0b30f071a9c2d39c55cf1521-full.webp,/parts/pge-man-0530/,Verified
PGE-MAN-0531,Manesty,D3B,BRONZE WORM,Drive Components,WG-6,"36013, AC-12, B-200-560-1",70,Catalog photo,/assets/images/catalog-thumbs/manesty-light-v1/cd74cbc631f7d9ae1e1538c3-full.webp,/parts/pge-man-0531/,Verified
PGE-MAN-0532,Manesty,D3B,FRONT LOWER GUARD TOP PLATE,Guarding,MD3-559,636559,70,Catalog photo,/assets/images/catalog-thumbs/manesty-light-v1/65b915a76aa41636b8bca77e-full.webp,/parts/pge-man-0532/,Verified
PGE-MAN-0534,Manesty,D3B,FRONT UPPER GUARD,Guarding,TG-3,36563,70,Catalog photo,/assets/images/catalog-thumbs/manesty-light-v1/9851de3e8bae192eefb63b68-full.webp,/parts/pge-man-0534/,Verified
PGE-MAN-0535,Manesty,D3B,REAR UPPER GUARD,Guarding,TG-4,36564,70,Catalog photo,/assets/images/catalog-thumbs/manesty-light-v1/4902322d09005e8dc938cb58-full.webp,/parts/pge-man-0535/,Verified
PGE-MAN-0536,Manesty,D3B,SIDE UPPER GUARD,Guarding,TG-5,36565,70,Catalog photo,/assets/images/catalog-thumbs/manesty-light-v1/860571bcaef14b127ab42ea3-full.webp,/parts/pge-man-0536/,Verified
PGE-MAN-0537,Manesty,D3B,DRIP LUBRICATOR,Hydraulic & Lubrication Components,M-15,1150,70,Catalog photo,/assets/images/catalog-thumbs/manesty-light-v1/a71981d6866be05e3f1ead3f-full.webp,/parts/pge-man-0537/,Verified
PGE-MAN-0538,Manesty,D3B,HYDRAULIC TONNAGE GAUGE SYSTEM,Hydraulic & Lubrication Components,M-177,Not listed in source catalog,70,Catalog photo,/assets/images/catalog-thumbs/manesty-light-v1/fb59a82b680f3a31378b61f7-full.webp,/parts/pge-man-0538/,Verified
PGE-MAN-0539,Manesty,D3B,DRIP LUBRICATOR,Hydraulic & Lubrication Components,M-78,36178,70,Catalog photo,/assets/images/catalog-thumbs/manesty-light-v1/05f6a8024d5eca25e9d5f277-full.webp,/parts/pge-man-0539/,Verified
PGE-MAN-0540,Manesty,D3B,PUNCH LOADING PLUG,Lower Cam Tracks,M-57,36057,70,Catalog photo,/assets/images/catalog-thumbs/manesty-light-v1/6537f1ee3d644cacf8ce5d22-full.webp,/parts/pge-man-0540/,Verified
PGE-MAN-0541,Manesty,D3B,PUNCH ADJUSTER SCREW,Lower Cam Tracks,M-94,36094,70,Catalog photo,/assets/images/catalog-thumbs/manesty-light-v1/ad61c4c9b9276a240f8d8a6b-full.webp,/parts/pge-man-0541/,Verified
PGE-MAN-0542,Manesty,D3B,EJECTION CAM,Lower Cam Tracks,MD3-2,36667,70,Catalog photo,/assets/images/catalog-thumbs/manesty-light-v1/d5a5c814dded16dbe09653d5-full.webp,/parts/pge-man-0542/,Verified
PGE-MAN-0543,Manesty,D3B,EJECTION CAM - BRONZE,Lower Cam Tracks,MD3-2/B,36667,71,Catalog photo,/assets/images/catalog-thumbs/manesty-light-v1/977a9cc655ba0e8f586bce1d-full.webp,/parts/pge-man-0543/,Verified
PGE-MAN-0544,Manesty,D3B,FILL CAM - 13/16” FILL,Lower Cam Tracks,MD3-64,36064,71,Catalog photo,/assets/images/catalog-thumbs/manesty-light-v1/c80b4d0177f5a97406db20c1-full.webp,/parts/pge-man-0544/,Verified
PGE-MAN-0545,Manesty,D3B,FILL CAM - 5/16” FILL,Lower Cam Tracks,MD3-64/1,6360640,71,Catalog photo,/assets/images/catalog-thumbs/manesty-light-v1/8fc1634932dda62b55275e95-full.webp,/parts/pge-man-0545/,Verified
PGE-MAN-0546,Manesty,D3B,FILL CAM - 3/8” FILL,Lower Cam Tracks,MD3-64/2,6360640,71,Catalog photo,/assets/images/catalog-thumbs/manesty-light-v1/dccafb70bdea4e7c402191da-full.webp,/parts/pge-man-0546/,Verified
PGE-MAN-0547,Manesty,D3B,LOWER CAM TRACK - MANESTY “D”,Lower Cam Tracks,MD3-64-15E,Not listed in source catalog,71,Catalog photo,/assets/images/catalog-thumbs/manesty-light-v1/47850544aa38a9199a6700f2-full.webp,/parts/pge-man-0547/,Verified
PGE-MAN-0548,Manesty,D3B,UPPER ROLL PIN,Pressure Rolls & Components,MD3-42,36142,71,Catalog photo,/assets/images/catalog-thumbs/manesty-light-v1/f98222c884d6c7087a149afd-full.webp,/parts/pge-man-0548/,Verified
PGE-MAN-0549,Manesty,D3B,FULCRUM PIN,Pressure Rolls & Components,MD3-70,36070,71,Catalog photo,/assets/images/catalog-thumbs/manesty-light-v1/5416f48e67806c3bc28aad4d-full.webp,/parts/pge-man-0549/,Verified
PGE-MAN-0550,Manesty,D3B,LOWER ROLL PIN,Pressure Rolls & Components,MD3-75,36075,71,Catalog photo,/assets/images/catalog-thumbs/manesty-light-v1/8f7404bb90b7ae920a87cef8-full.webp,/parts/pge-man-0550/,Verified
PGE-MAN-0551,Manesty,D3B,UPPER OR LOWER PRESSURE ROLL,Pressure Rolls & Components,PR-6,36054,71,Catalog photo,/assets/images/catalog-thumbs/manesty-light-v1/2dd8e3654b1473ad54b35224-full.webp,/parts/pge-man-0551/,Verified
PGE-MAN-0552,Manesty,D3B,HOPPER BRACKET,Product Control,M-025,36025,71,Catalog photo,/assets/images/catalog-thumbs/manesty-light-v1/68df850aff5a4c6ebbca5c28-full.webp,/parts/pge-man-0552/,Verified
PGE-MAN-0553,Manesty,D3B,HOPPER LINK,Product Control,M-035,36035,71,Catalog photo,/assets/images/catalog-thumbs/manesty-light-v1/49bbd7e8b3680ea53c2a4bb5-full.webp,/parts/pge-man-0553/,Verified
PGE-MAN-0554,Manesty,D3B,FEED FRAME LOCKNUT,Product Control,M-118,36118,71,Catalog photo,/assets/images/catalog-thumbs/manesty-light-v1/ee158e565491282ad33228bc-full.webp,/parts/pge-man-0554/,Verified
PGE-MAN-0555,Manesty,D3B,HOPPER CLAMP SCREW,Product Control,M-67,36067,71,Catalog photo,/assets/images/catalog-thumbs/manesty-light-v1/661ea88249ebd97f9f2ff3f8-full.webp,/parts/pge-man-0555/,Verified
PGE-MAN-0556,Manesty,D3B,FEED FRAME ASSEMBLY,Product Control,MD3-52/A,36652,71,Catalog photo,/assets/images/catalog-thumbs/manesty-light-v1/8c1f99fae75e098ec984804d-full.webp,/parts/pge-man-0556/,Verified
PGE-MAN-0557,Manesty,D3B,SCRAPER PLATE,Product Control,MD3-59,36059,71,Catalog photo,/assets/images/catalog-thumbs/manesty-light-v1/e07dafdbc49c6aa5c1a4cc5a-full.webp,/parts/pge-man-0557/,Verified
PGE-MAN-0558,Manesty,D3B,TAKE-OFF PLATE,Product Control,MD3-61,36061,72,Catalog photo,/assets/images/catalog-thumbs/manesty-light-v1/3ea682d47838dde34db2a6fa-full.webp,/parts/pge-man-0558/,Verified
PGE-MAN-0559,Manesty,D3B,FEED FRAME STUD,Product Control,MD3-93,36593,72,Catalog photo,/assets/images/catalog-thumbs/manesty-light-v1/cf58a5854c69390f37632703-full.webp,/parts/pge-man-0559/,Verified
PGE-MAN-0560,Manesty,D3B,SCRAPER SPRING,Product Control,SP-8,"37077, 35018, 36062",72,Catalog photo,/assets/images/catalog-thumbs/manesty-light-v1/1243a0862acf8248e2e8792c-full.webp,/parts/pge-man-0560/,Verified
PGE-MAN-0561,Manesty,D3B,FORK PIN,Thickness/Hardness Components,MD3-71,36071,72,Catalog photo,/assets/images/catalog-thumbs/manesty-light-v1/cbcd14c84cd1348942e6204b-full.webp,/parts/pge-man-0561/,Verified
PGE-MAN-0562,Manesty,D3B,EYE BOLT PIN,Thickness/Hardness Components,MD3-72,36072,72,Catalog photo,/assets/images/catalog-thumbs/manesty-light-v1/63661acdb79f5c726a8e02a4-full.webp,/parts/pge-man-0562/,Verified
PGE-MAN-0563,Manesty,D3B,PRESSURE LEVER PIN,Thickness/Hardness Components,MD3-73,36073,72,Catalog photo,/assets/images/catalog-thumbs/manesty-light-v1/8e75c601af9774ab7cbbd0a7-full.webp,/parts/pge-man-0563/,Verified
PGE-MAN-0565,Manesty,D3B,DIE LOCK SCREW,Turret Hardware,DL-56,"36156, AD-0",72,Catalog photo,/assets/images/catalog-thumbs/manesty-light-v1/bb7d99b2b90fbd1ec46741ba-full.webp,/parts/pge-man-0565/,Verified
PGE-MAN-0566,Manesty,D3B,DIE LOCK SCREW,Turret Hardware,DL-75/3,45424,72,Catalog photo,/assets/images/catalog-thumbs/manesty-light-v1/b868ddbaff20a39c401084cb-full.webp,/parts/pge-man-0566/,Verified
PGE-MAN-0567,Manesty,D3B,LOWER PUNCH RETAINER SPRING,Turret Hardware,M-518,38518,72,Catalog photo,/assets/images/catalog-thumbs/manesty-light-v1/39d790a499414d6a0a155bb5-full.webp,/parts/pge-man-0567/,Verified
PGE-MAN-0568,Manesty,D3B,LOWER PUNCH RETAINER,Turret Hardware,M-519,38519,72,Catalog photo,/assets/images/catalog-thumbs/manesty-light-v1/124f0823eab935553758d602-full.webp,/parts/pge-man-0568/,Verified
PGE-MAN-0569,Manesty,D3B,LOWER PUNCH RETAINER SCREW,Turret Hardware,M-69,39690,72,Catalog photo,/assets/images/catalog-thumbs/manesty-light-v1/545c7b495dd19e1e37230647-full.webp,/parts/pge-man-0569/,Verified
PGE-MAN-0570,Manesty,D3B,TURRET HEAD BUSH - SET (2) - SIZED,Turret Hardware,M-182/1,Not listed in source catalog,72,Catalog photo,/assets/images/catalog-thumbs/manesty-light-v1/3a3db95420e3649f74d93d71-full.webp,/parts/pge-man-0570/,Verified
PGE-MAN-0574,Manesty,D3B,TAKE OUT PLATE,Upper Cam Tracks,MD3-16,36016,73,Catalog photo,/assets/images/catalog-thumbs/manesty-light-v1/7fed759d9c62a0a5140f3f16-full.webp,/parts/pge-man-0574/,Verified
PGE-MAN-0575,Manesty,D3B,TAKE OUT PLATE - NEW STYLE,Upper Cam Tracks,MD3-16/1,Not listed in source catalog,73,Catalog photo,/assets/images/catalog-thumbs/manesty-light-v1/72d6148febd838295d4e97ba-full.webp,/parts/pge-man-0575/,Verified
PGE-MAN-0576,Manesty,D3B,GUIDE PIECE FOR LOWERING CAM,Upper Cam Tracks,MD3-26,35126,73,Catalog photo,/assets/images/catalog-thumbs/manesty-light-v1/f688f63719c9ceb8cd98ba31-full.webp,/parts/pge-man-0576/,Verified
PGE-MAN-0577,Manesty,D3B,UPPER CAM BODY - WITH TAKE OUT PLATE,Upper Cam Tracks,MD3-53/1,36553,73,Catalog photo,/assets/images/catalog-thumbs/manesty-light-v1/1ee3e169bdf79d0ee30061bf-full.webp,/parts/pge-man-0577/,Verified
PGE-MAN-0578,Manesty,D3B,UPPER CAM - LIFTING,Upper Cam Tracks,MD3-54,36554,73,Catalog photo,/assets/images/catalog-thumbs/manesty-light-v1/20dd157fc864d03a813f63e0-full.webp,/parts/pge-man-0578/,Verified
PGE-MAN-0579,Manesty,D3B,UPPER CAM - LOWERING ASSEMBLY,Upper Cam Tracks,MD3-55,36555,73,Catalog photo,/assets/images/catalog-thumbs/manesty-light-v1/8c6bbea23167cb18f803e662-full.webp,/parts/pge-man-0579/,Verified
PGE-MAN-0580,Manesty,D3B,WEDGE PIECE,Weight Adjusting Components,M-27,37027,73,Catalog photo,/assets/images/catalog-thumbs/manesty-light-v1/6c29b8a05616962690b8ab19-full.webp,/parts/pge-man-0580/,Verified
PGE-MAN-0581,Manesty,D3B,EYEBOLT,Weight Adjusting Components,M-585,36585,73,Catalog photo,/assets/images/catalog-thumbs/manesty-light-v1/8dafcf661b4bdedc1e2d6010-full.webp,/parts/pge-man-0581/,Verified
PGE-MAN-0582,Manesty,D3B,SPRING FOR WEDGE SCREW,Weight Adjusting Components,MB3-01,37019,73,Catalog photo,/assets/images/catalog-thumbs/manesty-light-v1/fdc7d3afc4c0c62609c07ad9-full.webp,/parts/pge-man-0582/,Verified
PGE-MAN-0583,Manesty,D4,7/16 FILL CAM - EU D,Lower Cam Tracks,MD4-229,79229,74,Catalog photo,/assets/images/catalog-thumbs/manesty-light-v1/c7355b5ae115b3fc7bd46058-full.webp,/parts/pge-man-0583/,Verified
PGE-MAN-0584,Manesty,D4,9/16 FILL CAM - EU D,Lower Cam Tracks,MD4-229/1,Not listed in source catalog,74,Catalog photo,/assets/images/catalog-thumbs/manesty-light-v1/b49dbc6c207af476cb00b42c-full.webp,/parts/pge-man-0584/,Verified
PGE-MAN-0585,Manesty,D4,EJECTION CAM - EU D,Lower Cam Tracks,MD4-225,79225,74,Catalog photo,/assets/images/catalog-thumbs/manesty-light-v1/746c2b397ee496abe7286e8f-full.webp,/parts/pge-man-0585/,Verified
PGE-MAN-0586,Manesty,D4,FLIGHT CONTROL CAM FOR EJECTION,Lower Cam Tracks,MD4-226,79226,74,Catalog photo,/assets/images/catalog-thumbs/manesty-light-v1/b1b5e89ff4d5593019ff7069-full.webp,/parts/pge-man-0586/,Verified
PGE-MAN-0587,Manesty,D4,PUNCH LOADING PLUG,Lower Cam Tracks,M-481,Not listed in source catalog,74,Catalog photo,/assets/images/catalog-thumbs/manesty-light-v1/bad3501ca93dfa6c8ed4855c-full.webp,/parts/pge-man-0587/,Verified
PGE-MAN-0588,Manesty,D4,LOWER ROLL PIN,Pressure Rolls & Components,MD4-53,79053,74,Catalog photo,/assets/images/catalog-thumbs/manesty-light-v1/4dc0bf8cf3943ea5b39e7787-full.webp,/parts/pge-man-0588/,Verified
PGE-MAN-0589,Manesty,D4,FEED FRAME-CLOSED,Product Control,M-231,6790231,74,Catalog photo,/assets/images/catalog-thumbs/manesty-light-v1/7831524edf1b5eae969dc3c0-full.webp,/parts/pge-man-0589/,Verified
PGE-MAN-0590,Manesty,D4,FEED FRAME-OPEN,Product Control,M-231/1,Not listed in source catalog,74,Catalog photo,/assets/images/catalog-thumbs/manesty-light-v1/9b4cd7bcfa25fe4e74a3b996-full.webp,/parts/pge-man-0590/,Verified
PGE-MAN-0592,Manesty,D4,CAM INSERT,Upper Cam Tracks,MD4-389,79389,74,Catalog photo,/assets/images/catalog-thumbs/manesty-light-v1/a0a9e21cbb9ce536309763e4-full.webp,/parts/pge-man-0592/,Verified
PGE-MAN-0593,Manesty,D4,FLIGHT CONTROL CAM FOR CAM INSERT - EU D,Upper Cam Tracks,MD4-390,79390,74,Catalog photo,/assets/images/catalog-thumbs/manesty-light-v1/69cc6eaa72ec936a210359d1-full.webp,/parts/pge-man-0593/,Verified
PGE-MAN-0594,Manesty,D4,UPPER LIFTING CAM - EU D,Upper Cam Tracks,MD4-220,79220,74,Catalog photo,/assets/images/catalog-thumbs/manesty-light-v1/c0a58ff216a7127c5365735f-full.webp,/parts/pge-man-0594/,Verified
PGE-MAN-0595,Manesty,D4,UPPER LOWERING CAM - EU D,Upper Cam Tracks,MD4-221,79221,74,Catalog photo,/assets/images/catalog-thumbs/manesty-light-v1/aa1dffea9d622287c7da5e35-full.webp,/parts/pge-man-0595/,Verified
PGE-MAN-0596,Manesty,DRYCOTA,1-1/2 BEARING REAR DRIVE,Drive Components,M-125,36125,75,Catalog photo,/assets/images/catalog-thumbs/manesty-light-v1/fe5acf6cbc19fe58b1a4d6db-full.webp,/parts/pge-man-0596/,Verified
PGE-MAN-0597,Manesty,DRYCOTA,ROLLER BEARING REAR DRIVE,Drive Components,M-126,36126,75,Catalog photo,/assets/images/catalog-thumbs/manesty-light-v1/f04928c1389bb95ac5033485-full.webp,/parts/pge-man-0597/,Verified
PGE-MAN-0598,Manesty,DRYCOTA,BALL BEARING REAR DRIVE,Drive Components,M-658,2658Z,75,Catalog photo,/assets/images/catalog-thumbs/manesty-light-v1/f1babaf7c330484078d71543-full.webp,/parts/pge-man-0598/,Verified
PGE-MAN-0599,Manesty,DRYCOTA,DIE LOCK SCREW,Product Control,DL-65,38265,75,Catalog photo,/assets/images/catalog-thumbs/manesty-light-v1/b1457691943e809ce942b1b7-full.webp,/parts/pge-man-0599/,Verified
PGE-MAN-0600,Manesty,DRYCOTA,SCRAPER PLATE,Product Control,MD3-59,36059,75,Catalog photo,/assets/images/catalog-thumbs/manesty-light-v1/2c478e53e42948244cdcc42a-full.webp,/parts/pge-man-0600/,Verified
PGE-MAN-0605,Manesty,DRYCOTA,DIE LOCK SCREW,Turret Hardware,DL-100/2,38266,75,Catalog photo,/assets/images/catalog-thumbs/manesty-light-v1/3f629844d3c07de72a194114-full.webp,/parts/pge-man-0605/,Verified
PGE-MAN-0606,Manesty,DRYCOTA,TURRET HEAD BUSH - SET (2) - SIZED,Turret Hardware,M-182/1,Not listed in source catalog,75,Catalog photo,/assets/images/catalog-thumbs/manesty-light-v1/63447b1da15766821a08c730-full.webp,/parts/pge-man-0606/,Verified
PGE-MAN-0607,Manesty,DRYCOTA,FINAL LOWERING CAM - COATING,Upper Cam Tracks,M-119,38119,75,Catalog photo,/assets/images/catalog-thumbs/manesty-light-v1/5959ba6fb4c41c1b9de9e8b0-full.webp,/parts/pge-man-0607/,Verified
PGE-MAN-0608,Manesty,DRYCOTA,CORE SIDE CAM,Upper Cam Tracks,M-757,37757,75,Catalog photo,/assets/images/catalog-thumbs/manesty-light-v1/e3fdd321b2d48342fb6c2a83-full.webp,/parts/pge-man-0608/,Verified
PGE-MAN-0609,Manesty,DRYCOTA,BALL CATCH,Weight Adjusting Components,M-254,38254,75,Catalog photo,/assets/images/catalog-thumbs/manesty-light-v1/6a92edeb75f2f58dbc0d5b80-full.webp,/parts/pge-man-0609/,Verified
PGE-MAN-0610,Manesty,EXCELAPRESS,BEARING,Drive Components,M-647,92647,76,Catalog photo,/assets/images/catalog-thumbs/manesty-light-v1/1d92d01fcddd9c5bd6231f52-full.webp,/parts/pge-man-0610/,Verified
PGE-MAN-0611,Manesty,EXCELAPRESS,END PLATE PRESS CYLINDER,Hydraulic & Lubrication Components,M-057,390571,76,Catalog photo,/assets/images/catalog-thumbs/manesty-light-v1/abc656470f8bd776270b889e-full.webp,/parts/pge-man-0611/,Verified
PGE-MAN-0612,Manesty,EXCELAPRESS,COLLAR ON LOWER PRESS LINK,Hydraulic & Lubrication Components,M-078,45078,76,Catalog photo,/assets/images/catalog-thumbs/manesty-light-v1/70727e9a7a9d5eab40202211-full.webp,/parts/pge-man-0612/,Verified
PGE-MAN-0613,Manesty,EXCELAPRESS,PLATE ON COLLAR,Hydraulic & Lubrication Components,M-080,45080,76,Catalog photo,/assets/images/catalog-thumbs/manesty-light-v1/51c86c6cdb230e8710ce6fb7-full.webp,/parts/pge-man-0613/,Verified
PGE-MAN-0614,Manesty,EXCELAPRESS,GLAND IN PRESSURE CYLINDER,Hydraulic & Lubrication Components,M-889,39889,76,Catalog photo,/assets/images/catalog-thumbs/manesty-light-v1/b87920c88d667aedd33d08e6-full.webp,/parts/pge-man-0614/,Verified
PGE-MAN-0615,Manesty,EXCELAPRESS,PULLDOWN CONTROL CAM - IPT B,Lower Cam Tracks,M10-208,64208,76,Catalog photo,/assets/images/catalog-thumbs/manesty-light-v1/633770889dfa23f594295a33-full.webp,/parts/pge-man-0615/,Verified
PGE-MAN-0616,Manesty,EXCELAPRESS,BRACKET FOR DUST NOZZLE,Product Control,M-055,"39055, 36055",76,Catalog photo,/assets/images/catalog-thumbs/manesty-light-v1/4f3a1f77e3fd78e1dafe9e7c-full.webp,/parts/pge-man-0616/,Verified
PGE-MAN-0617,Manesty,EXCELAPRESS,FEEDER HANDLE SPACER,Product Control,M-141,64141,76,Catalog photo,/assets/images/catalog-thumbs/manesty-light-v1/55744ecb2c9ef237a11978ad-full.webp,/parts/pge-man-0617/,Verified
PGE-MAN-0618,Manesty,EXCELAPRESS,FEEDER FRAME,Product Control,M1-47,45847,76,Catalog photo,/assets/images/catalog-thumbs/manesty-light-v1/d31b715e7a8db0fe3bb9570c-full.webp,/parts/pge-man-0618/,Verified
PGE-MAN-0619,Manesty,EXCELAPRESS,FEEDER PAN INSERT,Product Control,M1-47/1,Not listed in source catalog,76,Catalog photo,/assets/images/catalog-thumbs/manesty-light-v1/fb28ca4367f4cda76dac7192-full.webp,/parts/pge-man-0619/,Verified
PGE-MAN-0620,Manesty,EXCELAPRESS,SCRAPER BLADE,Product Control,M1-61,39861,76,Catalog photo,/assets/images/catalog-thumbs/manesty-light-v1/41f6ec0bad06fe54f84c6507-full.webp,/parts/pge-man-0620/,Verified
PGE-MAN-0621,Manesty,EXCELAPRESS,INNER TAIL OVER DIE,Product Control,M1-886,39886,76,Catalog photo,/assets/images/catalog-thumbs/manesty-light-v1/363b73e42a515e77b4265605-full.webp,/parts/pge-man-0621/,Verified
PGE-MAN-0622,Manesty,EXCELAPRESS,BRACKET ON INLET BOWL,Product Control,M-619,39619,76,Catalog photo,/assets/images/catalog-thumbs/manesty-light-v1/567a69809192066f4da5f34d-full.webp,/parts/pge-man-0622/,Verified
PGE-MAN-0623,Manesty,EXCELAPRESS,LOCK NUT ON HINGE PLATE,Product Control,M-640,39640,76,Catalog photo,/assets/images/catalog-thumbs/manesty-light-v1/e8905dba76dbd489e160cbc1-full.webp,/parts/pge-man-0623/,Verified
PGE-MAN-0624,Manesty,EXCELAPRESS,PUNCH HOLDING PLUG,Turret Hardware,M-304,39304,76,Catalog photo,/assets/images/catalog-thumbs/manesty-light-v1/6667ab745a592201858284f2-full.webp,/parts/pge-man-0624/,Verified
PGE-MAN-0625,Manesty,EXCELAPRESS,PUNCH HOLDING PLUG,Turret Hardware,M-331,39331,77,Catalog photo,/assets/images/catalog-thumbs/manesty-light-v1/06451a55d812edb845cdd11d-full.webp,/parts/pge-man-0625/,Verified
PGE-MAN-0626,Manesty,EXCELAPRESS,HEX HEAD SCREW,Turret Hardware,M-699,90569,77,Catalog photo,/assets/images/catalog-thumbs/manesty-light-v1/dd94fe309efbf55745e8a63a-full.webp,/parts/pge-man-0626/,Verified
PGE-MAN-0628,Manesty,EXPRESS,OIL FLINGER,Drive Components,M2-123,48123,78,Catalog photo,/assets/images/catalog-thumbs/manesty-light-v1/c10df164f50567fb6992b8a5-full.webp,/parts/pge-man-0628/,Verified
PGE-MAN-0629,Manesty,EXPRESS,WORM & WHEEL ASSEMBLY,Drive Components,M2-178,65178,78,Catalog photo,/assets/images/catalog-thumbs/manesty-light-v1/bf4bbe35db1c016b53fe1af6-full.webp,/parts/pge-man-0629/,Verified
PGE-MAN-0630,Manesty,EXPRESS,60 HZ V/S BELT,Drive Components,M2-323,48323,78,Catalog photo,/assets/images/catalog-thumbs/manesty-light-v1/86cd4132849609546f82ab2a-full.webp,/parts/pge-man-0630/,Verified
PGE-MAN-0631,Manesty,EXPRESS,CARBON BRUSH,Drive Components,M2-447,48447,78,Catalog photo,/assets/images/catalog-thumbs/manesty-light-v1/da118ff422602c258e3d8de1-full.webp,/parts/pge-man-0631/,Verified
PGE-MAN-0632,Manesty,EXPRESS,UPPER GEARBOX BEARING,Drive Components,M2-661,92661,78,Catalog photo,/assets/images/catalog-thumbs/manesty-light-v1/da4e19545778bb6f4c34da0f-full.webp,/parts/pge-man-0632/,Verified
PGE-MAN-0633,Manesty,EXPRESS,LOWER GEARBOX BEARING,Drive Components,M2-662,92662,78,Catalog photo,/assets/images/catalog-thumbs/manesty-light-v1/ae3363236b2168028d016d14-full.webp,/parts/pge-man-0633/,Verified
PGE-MAN-0634,Manesty,EXPRESS,GEARBOX WORMSHAFT BEARING,Drive Components,M2-663,92663,78,Catalog photo,/assets/images/catalog-thumbs/manesty-light-v1/9f144f739300e340035090e8-full.webp,/parts/pge-man-0634/,Verified
PGE-MAN-0635,Manesty,EXPRESS,CAMBODY BEARING,Drive Components,M2-664,92664,78,Catalog photo,/assets/images/catalog-thumbs/manesty-light-v1/dec71ca4626e782fb5c6130a-full.webp,/parts/pge-man-0635/,Verified
PGE-MAN-0636,Manesty,EXPRESS,GEAR BOX SLEEVE ADAPTER,Drive Components,M2-SA1,Not listed in source catalog,78,Catalog photo,/assets/images/catalog-thumbs/manesty-light-v1/aafb784515b38dffe4fbf192-full.webp,/parts/pge-man-0636/,Verified
PGE-MAN-0637,Manesty,EXPRESS,HANDWHEEL,Drive Components,M-343,44343,78,Catalog photo,/assets/images/catalog-thumbs/manesty-light-v1/d924f4ced3ea854a17cf36ac-full.webp,/parts/pge-man-0637/,Verified
PGE-MAN-0638,Manesty,EXPRESS,STUD FOR GUARD AND OIL TRAY,Guarding,M-22,39122,78,Catalog photo,/assets/images/catalog-thumbs/manesty-light-v1/2ec64e2d7e304476569bc4fc-full.webp,/parts/pge-man-0638/,Verified
PGE-MAN-0639,Manesty,EXPRESS,TOP COVER,Guarding,M2-341,48341,78,Catalog photo,/assets/images/catalog-thumbs/manesty-light-v1/c418c100f4b65b307edf065d-full.webp,/parts/pge-man-0639/,Verified
PGE-MAN-0640,Manesty,EXPRESS,GUARD OVER DRIVING PINION,Guarding,M2-391,48391,78,Catalog photo,/assets/images/catalog-thumbs/manesty-light-v1/ac2d7097ee07b17da2a24eb5-full.webp,/parts/pge-man-0640/,Verified
PGE-MAN-0641,Manesty,EXPRESS,GUARD OVER GEARS,Guarding,M2-634,48634,78,Catalog photo,/assets/images/catalog-thumbs/manesty-light-v1/4af3073adcdde00d08b1a1f4-full.webp,/parts/pge-man-0641/,Verified
PGE-MAN-0642,Manesty,EXPRESS,STUD FOR GUARD,Guarding,M-779,39779,78,Catalog photo,/assets/images/catalog-thumbs/manesty-light-v1/605dd3aef8b59caa1d4e9187-full.webp,/parts/pge-man-0642/,Verified
PGE-MAN-0643,Manesty,EXPRESS,ROTARY JOINT,Hydraulic & Lubrication Components,M-042,45042,79,Catalog photo,/assets/images/catalog-thumbs/manesty-light-v1/23522083daaaae47cbf9820a-full.webp,/parts/pge-man-0643/,Verified
PGE-MAN-0644,Manesty,EXPRESS,OIL SEAL - GEARBOX ENDCAPS,Hydraulic & Lubrication Components,M2-003,4920030,79,Catalog photo,/assets/images/catalog-thumbs/manesty-light-v1/d305d9f00a3ca15d5ff568b6-full.webp,/parts/pge-man-0644/,Verified
PGE-MAN-0645,Manesty,EXPRESS,ENERPAC - OVERLOAD CYLINDER,Hydraulic & Lubrication Components,M-237,44237,79,Catalog photo,/assets/images/catalog-thumbs/manesty-light-v1/0cbb16161b693d613803d569-full.webp,/parts/pge-man-0645/,Verified
PGE-MAN-0646,Manesty,EXPRESS,LOWER PUNCH OILER ASSEMBLY,Hydraulic & Lubrication Components,M2-78/A,Not listed in source catalog,79,Catalog photo,/assets/images/catalog-thumbs/manesty-light-v1/592563112cf656644dc3466e-full.webp,/parts/pge-man-0646/,Verified
PGE-MAN-0647,Manesty,EXPRESS,P12 HAND PUMP,Hydraulic & Lubrication Components,M-345,48345,79,Catalog photo,/assets/images/catalog-thumbs/manesty-light-v1/7c82b598583c61fb681b5eec-full.webp,/parts/pge-man-0647/,Verified
PGE-MAN-0648,Manesty,EXPRESS,ROTARY JOINT COUPLING,Hydraulic & Lubrication Components,M-53,48153,79,Catalog photo,/assets/images/catalog-thumbs/manesty-light-v1/9eec8e664ddd61ede7197f0f-full.webp,/parts/pge-man-0648/,Verified
PGE-MAN-0649,Manesty,EXPRESS,ONE SHOT OIL PUMP (P-28),Hydraulic & Lubrication Components,M-55,93955,79,Catalog photo,/assets/images/catalog-thumbs/manesty-light-v1/ee478fc84816163becfa6bc4-full.webp,/parts/pge-man-0649/,Verified
PGE-MAN-0650,Manesty,EXPRESS,REPAIR KIT FOR OVERLOAD ENERPAC CYLINDER,Hydraulic & Lubrication Components,M-68,44568,79,Catalog photo,/assets/images/catalog-thumbs/manesty-light-v1/014a5119783c96279674eac2-full.webp,/parts/pge-man-0650/,Verified
PGE-MAN-0651,Manesty,EXPRESS,REPAIR KIT - OVERLOAD ENERPAC CYLINDER,Hydraulic & Lubrication Components,M-68/A,Not listed in source catalog,79,Catalog photo,/assets/images/catalog-thumbs/manesty-light-v1/3f8703e7e7d8f221e2e16c3d-full.webp,/parts/pge-man-0651/,Verified
PGE-MAN-0652,Manesty,EXPRESS,REPAIR KIT FOR ENERPAC PUMP,Hydraulic & Lubrication Components,M-98,44698,79,Catalog photo,/assets/images/catalog-thumbs/manesty-light-v1/8ece50fa1d93bffb162fd3c8-full.webp,/parts/pge-man-0652/,Verified
PGE-MAN-0653,Manesty,EXPRESS,BRACKET FOR OIL BOTTLE,Hydraulic & Lubrication Components,M-614,44614,79,Catalog photo,/assets/images/catalog-thumbs/manesty-light-v1/9248f8ce9c7b345214357ad9-full.webp,/parts/pge-man-0653/,Verified
PGE-MAN-0654,Manesty,EXPRESS,FILL CAM - 5/16” FILL - EU D,Lower Cam Tracks,M2-506,48506,79,Catalog photo,/assets/images/catalog-thumbs/manesty-light-v1/5437788cb9238652f9b2ff99-full.webp,/parts/pge-man-0654/,Verified
PGE-MAN-0655,Manesty,EXPRESS,FILL CAM - 9/16” FILL - EU D,Lower Cam Tracks,M2-507,48507,79,Catalog photo,/assets/images/catalog-thumbs/manesty-light-v1/3a32fdfb08162b2c56a65f40-full.webp,/parts/pge-man-0655/,Verified
PGE-MAN-0656,Manesty,EXPRESS,FILL CAM - 13/16” FILL - EU D,Lower Cam Tracks,M2-508,48508,79,Catalog photo,/assets/images/catalog-thumbs/manesty-light-v1/bfa3324849be3bcd6c22f299-full.webp,/parts/pge-man-0656/,Verified
PGE-MAN-0657,Manesty,EXPRESS,CONTROL CAM - EJECTION- EU D,Lower Cam Tracks,M2-510,48510,79,Catalog photo,/assets/images/catalog-thumbs/manesty-light-v1/74b70510e728e03baa04bf46-full.webp,/parts/pge-man-0657/,Verified
PGE-MAN-0658,Manesty,EXPRESS,FILL CAM - 11/16” FILL - EU B,Lower Cam Tracks,M2-518,48518,80,Catalog photo,/assets/images/catalog-thumbs/manesty-light-v1/f78ecdb379ea9aadd5ad7006-full.webp,/parts/pge-man-0658/,Verified
PGE-MAN-0659,Manesty,EXPRESS,CONTROL CAM-- EJECTION - EU B,Lower Cam Tracks,M2-520,48520,80,Catalog photo,/assets/images/catalog-thumbs/manesty-light-v1/1239a1ca36f7552511cd676e-full.webp,/parts/pge-man-0659/,Verified
PGE-MAN-0660,Manesty,EXPRESS,LOCATING PLATE,Lower Cam Tracks,M2-523,48523,80,Catalog photo,/assets/images/catalog-thumbs/manesty-light-v1/39d7abda34dcec205faaff34-full.webp,/parts/pge-man-0660/,Verified
PGE-MAN-0661,Manesty,EXPRESS,COMPENSATING CAM,Lower Cam Tracks,M2-526,48526,80,Catalog photo,/assets/images/catalog-thumbs/manesty-light-v1/2e4b7d2222bcd0f2fa3f17c7-full.webp,/parts/pge-man-0661/,Verified
PGE-MAN-0662,Manesty,EXPRESS,COMPENSATING CAM SPINDLE,Lower Cam Tracks,M2-527,48527,80,Catalog photo,/assets/images/catalog-thumbs/manesty-light-v1/31d8e917b1b322306e3c5199-full.webp,/parts/pge-man-0662/,Verified
PGE-MAN-0663,Manesty,EXPRESS,FILL CAM - 5/16” FILL - IPT D,Lower Cam Tracks,M2-552,48552,80,Catalog photo,/assets/images/catalog-thumbs/manesty-light-v1/9d6354a34f9924520da8d08a-full.webp,/parts/pge-man-0663/,Verified
PGE-MAN-0664,Manesty,EXPRESS,FILL CAM - 9/16” FILL - IPT D,Lower Cam Tracks,M2-553,48553,80,Catalog photo,/assets/images/catalog-thumbs/manesty-light-v1/27beb5022636ff5c58814758-full.webp,/parts/pge-man-0664/,Verified
PGE-MAN-0665,Manesty,EXPRESS,FILL CAM - 13/16” FILL - IPT D,Lower Cam Tracks,M2-554,48554,80,Catalog photo,/assets/images/catalog-thumbs/manesty-light-v1/02499b1b8d9a6de417e088d8-full.webp,/parts/pge-man-0665/,Verified
PGE-MAN-0666,Manesty,EXPRESS,FILL CAM - 3/8” FILL - IPT B,Lower Cam Tracks,M2-560,48560,80,Catalog photo,/assets/images/catalog-thumbs/manesty-light-v1/5f02e1e1ed2bf1a62772b26a-full.webp,/parts/pge-man-0666/,Verified
PGE-MAN-0667,Manesty,EXPRESS,FILL CAM - 11/16” FILL - IPT B,Lower Cam Tracks,M2-561,48561,80,Catalog photo,/assets/images/catalog-thumbs/manesty-light-v1/661f2ef8c468044ec43fdce0-full.webp,/parts/pge-man-0667/,Verified
PGE-MAN-0668,Manesty,EXPRESS,CONTROL CAM - EJECTION - IPT B,Lower Cam Tracks,M2-562,48562,80,Catalog photo,/assets/images/catalog-thumbs/manesty-light-v1/5506b6b425278859a5d5ae45-full.webp,/parts/pge-man-0668/,Verified
PGE-MAN-0669,Manesty,EXPRESS,CONTROL CAM - EJECTION - IPT D,Lower Cam Tracks,M2-563,48563,80,Catalog photo,/assets/images/catalog-thumbs/manesty-light-v1/421896429e0fb3801446b7ca-full.webp,/parts/pge-man-0669/,Verified
PGE-MAN-0670,Manesty,EXPRESS,LOCATING PLATE,Lower Cam Tracks,M2-862,48862,80,Catalog photo,/assets/images/catalog-thumbs/manesty-light-v1/1e5a5a495617f442f5859628-full.webp,/parts/pge-man-0670/,Verified
PGE-MAN-0671,Manesty,EXPRESS,PUNCH LOADING PLUG,Lower Cam Tracks,M-57,36057,80,Catalog photo,/assets/images/catalog-thumbs/manesty-light-v1/7122f1e3facd4d943256361a-full.webp,/parts/pge-man-0671/,Verified
PGE-MAN-0672,Manesty,EXPRESS,EJECTION CAM - EU & IPT B,Lower Cam Tracks,MB2-2,48519,80,Catalog photo,/assets/images/catalog-thumbs/manesty-light-v1/0e06558f0c2a3b687b692472-full.webp,/parts/pge-man-0672/,Verified
PGE-MAN-0673,Manesty,EXPRESS,EJECTION CAM - EU & IPT B - BRONZE,Lower Cam Tracks,MB2-2/B,48519,81,Catalog photo,/assets/images/catalog-thumbs/manesty-light-v1/41383ad0937ee1ad63509f1a-full.webp,/parts/pge-man-0673/,Verified
PGE-MAN-0674,Manesty,EXPRESS,EJECTION CAM - EU & IPT D - STEEL,Lower Cam Tracks,MD2-2,48509,81,Catalog photo,/assets/images/catalog-thumbs/manesty-light-v1/8cc06d89e9e9e4c04dbe73ce-full.webp,/parts/pge-man-0674/,Verified
PGE-MAN-0675,Manesty,EXPRESS,EJECTION CAM - EU & IPT D - BRONZE,Lower Cam Tracks,MD2-2/B,48509,81,Catalog photo,/assets/images/catalog-thumbs/manesty-light-v1/131c409e95e209e3e5d725cd-full.webp,/parts/pge-man-0675/,Verified
PGE-MAN-0676,Manesty,EXPRESS,FILL CAM - 3/8” FILL - EU B,Lower Cam Tracks,M2-517,48517,81,Catalog photo,/assets/images/catalog-thumbs/manesty-light-v1/096fe78fe4d6e48751376f36-full.webp,/parts/pge-man-0676/,Verified
PGE-MAN-0677,Manesty,EXPRESS,CONTROL CAM - EJECTION - EU D,Lower Cam Tracks,M2-564,Not listed in source catalog,81,Catalog photo,/assets/images/catalog-thumbs/manesty-light-v1/07610fffc4291a8fe77455e9-full.webp,/parts/pge-man-0677/,Verified
PGE-MAN-0678,Manesty,EXPRESS,BUSH IN ROLL,Pressure Rolls & Components,M2-11,48311,81,Catalog photo,/assets/images/catalog-thumbs/manesty-light-v1/ca3297944c7d34776ea614e7-full.webp,/parts/pge-man-0678/,Verified
PGE-MAN-0679,Manesty,EXPRESS,UPPER TAMPING ADJ SCREW,Pressure Rolls & Components,M2-132,48132,81,Catalog photo,/assets/images/catalog-thumbs/manesty-light-v1/c78741b62c8f3fd75ce86f9b-full.webp,/parts/pge-man-0679/,Verified
PGE-MAN-0680,Manesty,EXPRESS,THRUST WASHER,Pressure Rolls & Components,M2-24,50224,81,Catalog photo,/assets/images/catalog-thumbs/manesty-light-v1/be1aa6d0518aa50689af04d8-full.webp,/parts/pge-man-0680/,Verified
PGE-MAN-0681,Manesty,EXPRESS,UPPER TAMPING ROLL PIN,Pressure Rolls & Components,M2-31,48131,81,Catalog photo,/assets/images/catalog-thumbs/manesty-light-v1/ff6e3c6fea7d7dfcf4c52181-full.webp,/parts/pge-man-0681/,Verified
PGE-MAN-0682,Manesty,EXPRESS,BUSHING IN CARRIER,Pressure Rolls & Components,M2-310,48310,81,Catalog photo,/assets/images/catalog-thumbs/manesty-light-v1/7547a447d40c0a1406a291ab-full.webp,/parts/pge-man-0682/,Verified
PGE-MAN-0683,Manesty,EXPRESS,PRECOMPRESSION DISC SPRING,Pressure Rolls & Components,M2-320,44320,81,Catalog photo,/assets/images/catalog-thumbs/manesty-light-v1/d402ce0310fe51e97886b810-full.webp,/parts/pge-man-0683/,Verified
PGE-MAN-0684,Manesty,EXPRESS,UPPER OR LOWER PRESSURE ROLL,Pressure Rolls & Components,M2-35,48135,81,Catalog photo,/assets/images/catalog-thumbs/manesty-light-v1/4bbf7e16d81e040f07ddff64-full.webp,/parts/pge-man-0684/,Verified
PGE-MAN-0685,Manesty,EXPRESS,ROLL PIN,Pressure Rolls & Components,M2-36,48136,81,Catalog photo,/assets/images/catalog-thumbs/manesty-light-v1/e697d71a98e67b6da9b2d8b9-full.webp,/parts/pge-man-0685/,Verified
PGE-MAN-0686,Manesty,EXPRESS,FULCRUM PIN,Pressure Rolls & Components,M2-37,481387,81,Catalog photo,/assets/images/catalog-thumbs/manesty-light-v1/18b3941ce51d9da63af7dd8b-full.webp,/parts/pge-man-0686/,Verified
PGE-MAN-0687,Manesty,EXPRESS,LOWER TAMPING ROLL PIN,Pressure Rolls & Components,M2-42,48542,81,Catalog photo,/assets/images/catalog-thumbs/manesty-light-v1/7d669bd485033a008f47a79a-full.webp,/parts/pge-man-0687/,Verified
PGE-MAN-0688,Manesty,EXPRESS,TAMPING ROLL,Pressure Rolls & Components,M2-539,48539,82,Catalog photo,/assets/images/catalog-thumbs/manesty-light-v1/8358c53b1af6b01d43d8e58e-full.webp,/parts/pge-man-0688/,Verified
PGE-MAN-0689,Manesty,EXPRESS,TAMPING ROLL BUSHINGS,Pressure Rolls & Components,M2-54,48540,82,Catalog photo,/assets/images/catalog-thumbs/manesty-light-v1/add40b01d1e9f005ef6ad37f-full.webp,/parts/pge-man-0689/,Verified
PGE-MAN-0690,Manesty,EXPRESS,NEEDLE BEARING,Pressure Rolls & Components,M2-72,48372,82,Catalog photo,/assets/images/catalog-thumbs/manesty-light-v1/674d090f9e326b2eb5e019b8-full.webp,/parts/pge-man-0690/,Verified
PGE-MAN-0691,Manesty,EXPRESS,THRUST WASHER,Pressure Rolls & Components,M2-73,48373,82,Catalog photo,/assets/images/catalog-thumbs/manesty-light-v1/2b48d8f69486ed8cc10db0ce-full.webp,/parts/pge-man-0691/,Verified
PGE-MAN-0692,Manesty,EXPRESS,HOUSING WASHER,Pressure Rolls & Components,M2-74,48374,82,Catalog photo,/assets/images/catalog-thumbs/manesty-light-v1/99ff2246578c5d185273983f-full.webp,/parts/pge-man-0692/,Verified
PGE-MAN-0693,Manesty,EXPRESS,PILLAR FOR CLAMP,Product Control,M-096,56096,82,Catalog photo,/assets/images/catalog-thumbs/manesty-light-v1/1625474d095f3c61e28cf757-full.webp,/parts/pge-man-0693/,Verified
PGE-MAN-0694,Manesty,EXPRESS,SPOKED HANDWHEEL 8”,Product Control,M-167,44167,82,Catalog photo,/assets/images/catalog-thumbs/manesty-light-v1/f7b055c2f881783b4dee36ba-full.webp,/parts/pge-man-0694/,Verified
PGE-MAN-0695,Manesty,EXPRESS,LOCKING PIN,Product Control,M2-127,48127,82,Catalog photo,/assets/images/catalog-thumbs/manesty-light-v1/85c015df7b9d851f99cf5edc-full.webp,/parts/pge-man-0695/,Verified
PGE-MAN-0696,Manesty,EXPRESS,OUTPUT COUPLING,Product Control,M2-153,65153,82,Catalog photo,/assets/images/catalog-thumbs/manesty-light-v1/45010e24a69a68728919cd4b-full.webp,/parts/pge-man-0696/,Verified
PGE-MAN-0697,Manesty,EXPRESS,INNER DUST NOZZLE ADAPTOR,Product Control,M2-179,48179,82,Catalog photo,/assets/images/catalog-thumbs/manesty-light-v1/b95b86a2fcf6df13a19c18d6-full.webp,/parts/pge-man-0697/,Verified
PGE-MAN-0698,Manesty,EXPRESS,OUTER DUST NOZZLE,Product Control,M2-180,48180,82,Catalog photo,/assets/images/catalog-thumbs/manesty-light-v1/df761dee9438ada7a30e28d3-full.webp,/parts/pge-man-0698/,Verified
PGE-MAN-0699,Manesty,EXPRESS,DUST NOZZLE SCRAPER,Product Control,M2-181,48181,82,Catalog photo,/assets/images/catalog-thumbs/manesty-light-v1/507a48183f1972a901f053d6-full.webp,/parts/pge-man-0699/,Verified
PGE-MAN-0700,Manesty,EXPRESS,FEEDER COVER SS,Product Control,M2-28/S,48628,82,Catalog photo,/assets/images/catalog-thumbs/manesty-light-v1/e6499be9dad5633352f1c6b5-full.webp,/parts/pge-man-0700/,Verified
PGE-MAN-0701,Manesty,EXPRESS,GASKET,Product Control,M2-29,48629,82,Catalog photo,/assets/images/catalog-thumbs/manesty-light-v1/d4761177fd3b4a171af6bd6d-full.webp,/parts/pge-man-0701/,Verified
PGE-MAN-0702,Manesty,EXPRESS,HOPPER,Product Control,M2-301,48301,82,Catalog photo,/assets/images/catalog-thumbs/manesty-light-v1/3271f72b9768a1880cf80ad6-full.webp,/parts/pge-man-0702/,Verified
PGE-MAN-0703,Manesty,EXPRESS,HOPPER BRACKET STUD,Product Control,M2-301-1,Not listed in source catalog,83,Catalog photo,/assets/images/catalog-thumbs/manesty-light-v1/477668b3a1f9d1c16b705785-full.webp,/parts/pge-man-0703/,Verified
PGE-MAN-0704,Manesty,EXPRESS,SCRAPER BLADE,Product Control,M2-40/B,48640,83,Catalog photo,/assets/images/catalog-thumbs/manesty-light-v1/0cd93241748261ad97baad78-full.webp,/parts/pge-man-0704/,Verified
PGE-MAN-0705,Manesty,EXPRESS,FEEDER MOTOR PLATE,Product Control,M2-466,48446,83,Catalog photo,/assets/images/catalog-thumbs/manesty-light-v1/5d9f8955fdc9820ea9cd198b-full.webp,/parts/pge-man-0705/,Verified
PGE-MAN-0706,Manesty,EXPRESS,COMPLETE NAMEPLATE SET,Product Control,M2-48,Not listed in source catalog,83,Catalog photo,/assets/images/catalog-thumbs/manesty-light-v1/ec2b6e7c34bd480dca372b1c-full.webp,/parts/pge-man-0706/,Verified
PGE-MAN-0707,Manesty,EXPRESS,FEED FRAME,Product Control,M2-60,48600,83,Catalog photo,/assets/images/catalog-thumbs/manesty-light-v1/ab6930bee45612860a5046d4-full.webp,/parts/pge-man-0707/,Verified
PGE-MAN-0708,Manesty,EXPRESS,FEEDER MOTOR COLUMN,Product Control,M2-602,48602,83,Catalog photo,/assets/images/catalog-thumbs/manesty-light-v1/82dd6d8ae1ceae6fc1ce9ff6-full.webp,/parts/pge-man-0708/,Verified
PGE-MAN-0709,Manesty,EXPRESS,COLUMN WITH FLAT FOR FEEDER,Product Control,M2-605,48605,83,Catalog photo,/assets/images/catalog-thumbs/manesty-light-v1/2796004a5e7868d24b0165de-full.webp,/parts/pge-man-0709/,Verified
PGE-MAN-0710,Manesty,EXPRESS,COLUMN FOR FEEDER,Product Control,M2-606,48606,83,Catalog photo,/assets/images/catalog-thumbs/manesty-light-v1/3a3eafa287493129fb6c53cb-full.webp,/parts/pge-man-0710/,Verified
PGE-MAN-0711,Manesty,EXPRESS,RECIRCULATING BAND,Product Control,M2-608,48608,83,Catalog photo,/assets/images/catalog-thumbs/manesty-light-v1/68f990c2a3d2da3a155f9e72-full.webp,/parts/pge-man-0711/,Verified
PGE-MAN-0712,Manesty,EXPRESS,RECIRCULATING BAND STOP,Product Control,M2-610,48610,83,Catalog photo,/assets/images/catalog-thumbs/manesty-light-v1/ec5080e11236f1ce6374b29a-full.webp,/parts/pge-man-0712/,Verified
PGE-MAN-0713,Manesty,EXPRESS,GEAR PLATFORM - FEEDER,Product Control,M2-612,48612,83,Catalog photo,/assets/images/catalog-thumbs/manesty-light-v1/f0ebd8f372aaf703a9a2e1c0-full.webp,/parts/pge-man-0713/,Verified
PGE-MAN-0714,Manesty,EXPRESS,REAR POWDER BAND,Product Control,M2-616,48616,83,Catalog photo,/assets/images/catalog-thumbs/manesty-light-v1/82adf53e367adb4691ca03f1-full.webp,/parts/pge-man-0714/,Verified
PGE-MAN-0715,Manesty,EXPRESS,REAR POWDER BAND STRIP,Product Control,M2-617,48617,83,Catalog photo,/assets/images/catalog-thumbs/manesty-light-v1/7b49a3ffc7642ff6a9d639c1-full.webp,/parts/pge-man-0715/,Verified
PGE-MAN-0716,Manesty,EXPRESS,FRONT POWDER BAND,Product Control,M2-619,48619,83,Catalog photo,/assets/images/catalog-thumbs/manesty-light-v1/75e304dd4f8535a4810207eb-full.webp,/parts/pge-man-0716/,Verified
PGE-MAN-0717,Manesty,EXPRESS,FRONT POWDER BAND STRIP,Product Control,M2-620,48620,83,Catalog photo,/assets/images/catalog-thumbs/manesty-light-v1/c757c5312d78b79deba2132e-full.webp,/parts/pge-man-0717/,Verified
PGE-MAN-0718,Manesty,EXPRESS,RECIRCULATING BAND SEAL,Product Control,M2-622,48622,84,Catalog photo,/assets/images/catalog-thumbs/manesty-light-v1/d89237d0c4b1057db7513d0f-full.webp,/parts/pge-man-0718/,Verified
PGE-MAN-0719,Manesty,EXPRESS,PIN FOR RECIRCULATING CHANNEL - NO THREADS,Product Control,M2-624,48624,84,Catalog photo,/assets/images/catalog-thumbs/manesty-light-v1/73ef6c41c70bec4cfe9f576f-full.webp,/parts/pge-man-0719/,Verified
PGE-MAN-0720,Manesty,EXPRESS,FEEDER INLET BOWL - PLASTIC,Product Control,M2-625,48625,84,Catalog photo,/assets/images/catalog-thumbs/manesty-light-v1/9d6de7fe973b02801d12545d-full.webp,/parts/pge-man-0720/,Verified
PGE-MAN-0721,Manesty,EXPRESS,INLET CONNECTOR,Product Control,M2-627,48627,84,Catalog photo,/assets/images/catalog-thumbs/manesty-light-v1/5fe944e5b943d5ec8c8454e3-full.webp,/parts/pge-man-0721/,Verified
PGE-MAN-0722,Manesty,EXPRESS,FEEDER DRIVE SHAFT,Product Control,M2-631,48631,84,Catalog photo,/assets/images/catalog-thumbs/manesty-light-v1/5d5589fa4a1c453566f4fda3-full.webp,/parts/pge-man-0722/,Verified
PGE-MAN-0723,Manesty,EXPRESS,FEEDER GEAR STUD,Product Control,M2-635,48635,84,Catalog photo,/assets/images/catalog-thumbs/manesty-light-v1/1f82bbd59f04edc1fc0d8b31-full.webp,/parts/pge-man-0723/,Verified
PGE-MAN-0724,Manesty,EXPRESS,STUD IN INTERGEAR,Product Control,M2-637,48637,84,Catalog photo,/assets/images/catalog-thumbs/manesty-light-v1/f8fb448ea6893811ea344e84-full.webp,/parts/pge-man-0724/,Verified
PGE-MAN-0725,Manesty,EXPRESS,SCRAPER SUPPORT BRACKET,Product Control,M2-638,48638,84,Catalog photo,/assets/images/catalog-thumbs/manesty-light-v1/c770c84d7362f7d27abe17f7-full.webp,/parts/pge-man-0725/,Verified
PGE-MAN-0726,Manesty,EXPRESS,SCRAPER BRACKET ASSEMBLY - SS,Product Control,M2-638/AS,Not listed in source catalog,84,Catalog photo,/assets/images/catalog-thumbs/manesty-light-v1/98d079c594def002a898e34f-full.webp,/parts/pge-man-0726/,Verified
PGE-MAN-0727,Manesty,EXPRESS,SCRAPER BRACKET ASSEMBLY - BRONZE,Product Control,M2-638/AB,Not listed in source catalog,84,Catalog photo,/assets/images/catalog-thumbs/manesty-light-v1/6a770492a37557446991864b-full.webp,/parts/pge-man-0727/,Verified
PGE-MAN-0728,Manesty,EXPRESS,COVER OVER SCRAPER BRACKET,Product Control,M2-639,48639,84,Catalog photo,/assets/images/catalog-thumbs/manesty-light-v1/9da111500769048f3460f4a2-full.webp,/parts/pge-man-0728/,Verified
PGE-MAN-0729,Manesty,EXPRESS,SCRAPER BLADE-STAINLESS STEEL,Product Control,M2-640,48640,84,Catalog photo,/assets/images/catalog-thumbs/manesty-light-v1/ba39149bbcbd1e06c6ec07fb-full.webp,/parts/pge-man-0729/,Verified
PGE-MAN-0730,Manesty,EXPRESS,SPRING ON SCRAPER PLATE,Product Control,M2-641,48641,84,Catalog photo,/assets/images/catalog-thumbs/manesty-light-v1/2963e4a2961977bb396d5a8f-full.webp,/parts/pge-man-0730/,Verified
PGE-MAN-0731,Manesty,EXPRESS,TAIL OVER DIE,Product Control,M2-642,48642,84,Catalog photo,/assets/images/catalog-thumbs/manesty-light-v1/912fefcbad63cb2534ed29d4-full.webp,/parts/pge-man-0731/,Verified
PGE-MAN-0732,Manesty,EXPRESS,TAIL OVER DIE SPRING,Product Control,M2-643,48643,84,Catalog photo,/assets/images/catalog-thumbs/manesty-light-v1/e8af6014a60828e7b7b7bd3b-full.webp,/parts/pge-man-0732/,Verified
PGE-MAN-0733,Manesty,EXPRESS,PLATE UNDER FEEDER,Product Control,M2-644,48644,85,Catalog photo,/assets/images/catalog-thumbs/manesty-light-v1/54293183625ad1addf43a55c-full.webp,/parts/pge-man-0733/,Verified
PGE-MAN-0734,Manesty,EXPRESS,SCRAPER BLADE,Product Control,M2-645,48645,85,Catalog photo,/assets/images/catalog-thumbs/manesty-light-v1/fe081220041fc7d355c5ab33-full.webp,/parts/pge-man-0734/,Verified
PGE-MAN-0735,Manesty,EXPRESS,TAKE OFF PLATE,Product Control,M2-647,48647,85,Catalog photo,/assets/images/catalog-thumbs/manesty-light-v1/a52e420b27dcc797e091136b-full.webp,/parts/pge-man-0735/,Verified
PGE-MAN-0736,Manesty,EXPRESS,GUIDE ON TAKE OFF PLATE,Product Control,M2-648,48648,85,Catalog photo,/assets/images/catalog-thumbs/manesty-light-v1/21e4cdac630892f2b474eb9c-full.webp,/parts/pge-man-0736/,Verified
PGE-MAN-0737,Manesty,EXPRESS,FIRST TAIL OVER DIE SPRING,Product Control,M2-650,48650,85,Catalog photo,/assets/images/catalog-thumbs/manesty-light-v1/926f1209b10807d4cc7d4a33-full.webp,/parts/pge-man-0737/,Verified
PGE-MAN-0738,Manesty,EXPRESS,COVER FOR INLET BOWLS,Product Control,M2-669,44669,85,Catalog photo,/assets/images/catalog-thumbs/manesty-light-v1/8d780654ca850287f6f37380-full.webp,/parts/pge-man-0738/,Verified
PGE-MAN-0739,Manesty,EXPRESS,DIRECT DRIVE FEEDER SHAFT,Product Control,M2-673,48673,85,Catalog photo,/assets/images/catalog-thumbs/manesty-light-v1/0ea47c423dfad0f07dd138a4-full.webp,/parts/pge-man-0739/,Verified
PGE-MAN-0740,Manesty,EXPRESS,DIRECT DRIVE FEEDER SHAFT ADAPTER,Product Control,M2-673/1,Not listed in source catalog,85,Catalog photo,/assets/images/catalog-thumbs/manesty-light-v1/eb7153ffa8d209517728b886-full.webp,/parts/pge-man-0740/,Verified
PGE-MAN-0741,Manesty,EXPRESS,DRIVE GEAR,Product Control,M2-820,48206,85,Catalog photo,/assets/images/catalog-thumbs/manesty-light-v1/6c16896081e3b9172e602d70-full.webp,/parts/pge-man-0741/,Verified
PGE-MAN-0742,Manesty,EXPRESS,FEEDER GEAR - STEEL,Product Control,M2-85T,48632,85,Catalog photo,/assets/images/catalog-thumbs/manesty-light-v1/df063f126eda563263c67d23-full.webp,/parts/pge-man-0742/,Verified
PGE-MAN-0743,Manesty,EXPRESS,FEEDER GEAR-FIBER,Product Control,M2-85T/F,48633,85,Catalog photo,/assets/images/catalog-thumbs/manesty-light-v1/b4adcc40eb73fd84521303e3-full.webp,/parts/pge-man-0743/,Verified
PGE-MAN-0744,Manesty,EXPRESS,FEEDER INTER GEAR,Product Control,M-28T,39768,85,Catalog photo,/assets/images/catalog-thumbs/manesty-light-v1/b6880ee563418ccc014abf86-full.webp,/parts/pge-man-0744/,Verified
PGE-MAN-0745,Manesty,EXPRESS,FEEDER INTER GEAR-FIBER,Product Control,M-28T/F,39767,85,Catalog photo,/assets/images/catalog-thumbs/manesty-light-v1/0c4cba65a436e48a35aa9a98-full.webp,/parts/pge-man-0745/,Verified
PGE-MAN-0746,Manesty,EXPRESS,ADJUSTMENT NUT,Product Control,M-295,42295,85,Catalog photo,/assets/images/catalog-thumbs/manesty-light-v1/5f43d9b1596bc09415af5aa3-full.webp,/parts/pge-man-0746/,Verified
PGE-MAN-0747,Manesty,EXPRESS,ADJUSTMENT SCREW,Product Control,M-296,42296,85,Catalog photo,/assets/images/catalog-thumbs/manesty-light-v1/695916357b195730eb08ac01-full.webp,/parts/pge-man-0747/,Verified
PGE-MAN-0748,Manesty,EXPRESS,DUST BOX,Product Control,M4-03,Not listed in source catalog,86,Catalog photo,/assets/images/catalog-thumbs/manesty-light-v1/70f463d94033048c1c3b88e3-full.webp,/parts/pge-man-0748/,Verified
PGE-MAN-0749,Manesty,EXPRESS,FEED FRAME LEVELING SCREW,Product Control,M-442,44442,86,Catalog photo,/assets/images/catalog-thumbs/manesty-light-v1/89187d70a9a1f072d225635c-full.webp,/parts/pge-man-0749/,Verified
PGE-MAN-0750,Manesty,EXPRESS,FEED FRAME LEVELING SCREW NUT,Product Control,M-443,44443,86,Catalog photo,/assets/images/catalog-thumbs/manesty-light-v1/e8f2e7447d44dd05ce52c9b9-full.webp,/parts/pge-man-0750/,Verified
PGE-MAN-0751,Manesty,EXPRESS,SPRING FOR SCRAPER BLADE,Product Control,M-450,44450,86,Catalog photo,/assets/images/catalog-thumbs/manesty-light-v1/9b07ddee7cca0119751abf25-full.webp,/parts/pge-man-0751/,Verified
PGE-MAN-0752,Manesty,EXPRESS,LOCKSCREW ON INLET CLAMP,Product Control,M-460,44460,86,Catalog photo,/assets/images/catalog-thumbs/manesty-light-v1/82ac18096fc46817c490b336-full.webp,/parts/pge-man-0752/,Verified
PGE-MAN-0753,Manesty,EXPRESS,SCREW FOR SCRAPER BLADE,Product Control,M-50,90350,86,Catalog photo,/assets/images/catalog-thumbs/manesty-light-v1/4146eb52c8e6df93474cfd37-full.webp,/parts/pge-man-0753/,Verified
PGE-MAN-0754,Manesty,EXPRESS,CLAMP ON INLET TUBE,Product Control,M-618,39618,86,Catalog photo,/assets/images/catalog-thumbs/manesty-light-v1/9ea4fa701f11c4971ae87090-full.webp,/parts/pge-man-0754/,Verified
PGE-MAN-0755,Manesty,EXPRESS,BRACKET ON INLET BOWL,Product Control,M-619,39619,86,Catalog photo,/assets/images/catalog-thumbs/manesty-light-v1/c1902f0661afbddb5cf3ccd7-full.webp,/parts/pge-man-0755/,Verified
PGE-MAN-0756,Manesty,EXPRESS,PIN FOR RECIRCULATING CHANNEL - THREADED END,Product Control,M-624,48624,86,Catalog photo,/assets/images/catalog-thumbs/manesty-light-v1/0fd3deb4be578d761778a487-full.webp,/parts/pge-man-0756/,Verified
PGE-MAN-0757,Manesty,EXPRESS,INLET CONNECTOR HINGE PLATE,Product Control,M-637,39637,86,Catalog photo,/assets/images/catalog-thumbs/manesty-light-v1/154a6f6d14a35e65bda2a6db-full.webp,/parts/pge-man-0757/,Verified
PGE-MAN-0758,Manesty,EXPRESS,INLET CONNECTOR GASKET,Product Control,M-638,39638,86,Catalog photo,/assets/images/catalog-thumbs/manesty-light-v1/dba0a4d9904400f721c5367f-full.webp,/parts/pge-man-0758/,Verified
PGE-MAN-0759,Manesty,EXPRESS,LOCK NUT ON HINGE PLATE,Product Control,M-640,39640,86,Catalog photo,/assets/images/catalog-thumbs/manesty-light-v1/e85c351329af9123b371c782-full.webp,/parts/pge-man-0759/,Verified
PGE-MAN-0760,Manesty,EXPRESS,HOPPER CONNECTOR,Product Control,M-642,39642,86,Catalog photo,/assets/images/catalog-thumbs/manesty-light-v1/294ff975708ebb38218b8a63-full.webp,/parts/pge-man-0760/,Verified
PGE-MAN-0761,Manesty,EXPRESS,FLANGED BUSHING - OILITE,Product Control,M-70,39770,86,Catalog photo,/assets/images/catalog-thumbs/manesty-light-v1/66a24a995b2aa19c345fdb35-full.webp,/parts/pge-man-0761/,Verified
PGE-MAN-0762,Manesty,EXPRESS,SEAL - PADDLE SHAFT,Product Control,M-71,39771,86,Catalog photo,/assets/images/catalog-thumbs/manesty-light-v1/7b065876ceb96cfd1538156f-full.webp,/parts/pge-man-0762/,Verified
PGE-MAN-0763,Manesty,EXPRESS,FEEDER DETENT ASSEMBLY,Product Control,M-763/A,39763A,87,Catalog photo,/assets/images/catalog-thumbs/manesty-light-v1/6c4f4184ee83bd6107c916ed-full.webp,/parts/pge-man-0763/,Verified
PGE-MAN-0764,Manesty,EXPRESS,BAFFLE,Product Control,M-784,39784,87,Catalog photo,/assets/images/catalog-thumbs/manesty-light-v1/e954c8bed59e6f6c5845b9c1-full.webp,/parts/pge-man-0764/,Verified
PGE-MAN-0765,Manesty,EXPRESS,FEEDER PADDLE DELRIN- SMALL,Product Control,M-797,39797,87,Catalog photo,/assets/images/catalog-thumbs/manesty-light-v1/1468cd7da4ce5ad5d520bca7-full.webp,/parts/pge-man-0765/,Verified
PGE-MAN-0766,Manesty,EXPRESS,FEEDER PADDLE SS - SMALL,Product Control,M-797/SS,Not listed in source catalog,87,Catalog photo,/assets/images/catalog-thumbs/manesty-light-v1/e25e157e8287314afc64bdca-full.webp,/parts/pge-man-0766/,Verified
PGE-MAN-0767,Manesty,EXPRESS,FEEDER PADDLE SS - ROUND,Product Control,M-797/SS/1,Not listed in source catalog,87,Catalog photo,/assets/images/catalog-thumbs/manesty-light-v1/514bbf8e79d255072fcfcb00-full.webp,/parts/pge-man-0767/,Verified
PGE-MAN-0768,Manesty,EXPRESS,FEEDER PADDLE DELRIN - LARGE,Product Control,M-798,39798,87,Catalog photo,/assets/images/catalog-thumbs/manesty-light-v1/faa78e481898d1a9a9f5edac-full.webp,/parts/pge-man-0768/,Verified
PGE-MAN-0769,Manesty,EXPRESS,FEEDER PADDLE - LARGE,Product Control,M-798/SS,Not listed in source catalog,87,Catalog photo,/assets/images/catalog-thumbs/manesty-light-v1/0047070f6cdbca7f8e307486-full.webp,/parts/pge-man-0769/,Verified
PGE-MAN-0770,Manesty,EXPRESS,FINGERS-FEEDER PADDLE DELRIN - LARGE,Product Control,M-798-1,Not listed in source catalog,87,Catalog photo,/assets/images/catalog-thumbs/manesty-light-v1/be3ad9e98e733c362e8a2c1e-full.webp,/parts/pge-man-0770/,Verified
PGE-MAN-0778,Manesty,EXPRESS,RISER FOR SS FEEDER COVER,Product Control,NP-269,Not listed in source catalog,88,Catalog photo,/assets/images/catalog-thumbs/manesty-light-v1/4fca46d6dd8afc408f4b5fe4-full.webp,/parts/pge-man-0778/,Verified
PGE-MAN-0781,Manesty,EXPRESS,ADJUSTING HANDLE,Thickness/Hardness Components,NP-AH1,48187,88,Catalog photo,/assets/images/catalog-thumbs/manesty-light-v1/cfff356922ba39eb1fdf28eb-full.webp,/parts/pge-man-0781/,Verified
PGE-MAN-0782,Manesty,EXPRESS,DIE LOCK SCREW,Turret Hardware,DL-100/2,38266,88,Catalog photo,/assets/images/catalog-thumbs/manesty-light-v1/6fce724add4659ea5eab247f-full.webp,/parts/pge-man-0782/,Verified
PGE-MAN-0783,Manesty,EXPRESS,DIE LOCK SCREW,Turret Hardware,DL-112/1,48157,88,Catalog photo,/assets/images/catalog-thumbs/manesty-light-v1/43a63dd37654ee2a0dd61944-full.webp,/parts/pge-man-0783/,Verified
PGE-MAN-0784,Manesty,EXPRESS,DIE LOCK SCREW,Turret Hardware,DL-87/3,48155,88,Catalog photo,/assets/images/catalog-thumbs/manesty-light-v1/dddac777975b6a91a28defe9-full.webp,/parts/pge-man-0784/,Verified
PGE-MAN-0785,Manesty,EXPRESS,SPACER ON COLUMN,Turret Hardware,M2-101,48101,88,Catalog photo,/assets/images/catalog-thumbs/manesty-light-v1/b2df61d824b4c0fe69a5f8f7-full.webp,/parts/pge-man-0785/,Verified
PGE-MAN-0786,Manesty,EXPRESS,COLUMN BUSH,Turret Hardware,M2-309,48309,88,Catalog photo,/assets/images/catalog-thumbs/manesty-light-v1/37b78f0e96c7dbcd9a7a2964-full.webp,/parts/pge-man-0786/,Verified
PGE-MAN-0787,Manesty,EXPRESS,ADAPTER FOR TAPER LOCK,Turret Hardware,M2-317,48317,88,Catalog photo,/assets/images/catalog-thumbs/manesty-light-v1/bb5c5a47c984204bcb923a62-full.webp,/parts/pge-man-0787/,Verified
PGE-MAN-0788,Manesty,EXPRESS,TAPER LOCK BUSHING,Turret Hardware,M2-318,48318,88,Catalog photo,/assets/images/catalog-thumbs/manesty-light-v1/52a85bd943053a2c1a0a308b-full.webp,/parts/pge-man-0788/,Verified
PGE-MAN-0789,Manesty,EXPRESS,THRUST BEARING,Turret Hardware,M-348,44348,88,Catalog photo,/assets/images/catalog-thumbs/manesty-light-v1/2f3bc98fb683fa8511c65c5d-full.webp,/parts/pge-man-0789/,Verified
PGE-MAN-0790,Manesty,EXPRESS,LOWER PUNCH RETAINER SCREW,Turret Hardware,M-69,39690,88,Catalog photo,/assets/images/catalog-thumbs/manesty-light-v1/c56591da3f536e8746bc1e36-full.webp,/parts/pge-man-0790/,Verified
PGE-MAN-0791,Manesty,EXPRESS,PUNCH HOLDING PLUG,Turret Hardware,MB2-63,48163,88,Catalog photo,/assets/images/catalog-thumbs/manesty-light-v1/f55cc813e6b826a5a186bae1-full.webp,/parts/pge-man-0791/,Verified
PGE-MAN-0792,Manesty,EXPRESS,RETAINING SPRING,Turret Hardware,MD2-61,48161,88,Catalog photo,/assets/images/catalog-thumbs/manesty-light-v1/13769435632f7c005f820bd5-full.webp,/parts/pge-man-0792/,Verified
PGE-MAN-0793,Manesty,EXPRESS,PUNCH HOLDING PLUG,Turret Hardware,MD2-62,48162,89,Catalog photo,/assets/images/catalog-thumbs/manesty-light-v1/44e4f96ab1992b581de2164f-full.webp,/parts/pge-man-0793/,Verified
PGE-MAN-0794,Manesty,EXPRESS,LOWER PUNCH SCRAPER SEAL - ‘D’,Turret Hardware,N-100,42216,89,Catalog photo,/assets/images/catalog-thumbs/manesty-light-v1/40f7f4cece694489b479d43b-full.webp,/parts/pge-man-0794/,Verified
PGE-MAN-0795,Manesty,EXPRESS,SEAL INSTALLATION TOOL- ‘D’,Turret Hardware,N-100/1,Not listed in source catalog,89,Catalog photo,/assets/images/catalog-thumbs/manesty-light-v1/939963531dc9123c70e3ab09-full.webp,/parts/pge-man-0795/,Verified
PGE-MAN-0796,Manesty,EXPRESS,LOWER PUNCH SCRAPER SEAL ‘B’,Turret Hardware,N-750,44143,89,Catalog photo,/assets/images/catalog-thumbs/manesty-light-v1/4e6b3bc4ba8cc5a5890e703a-full.webp,/parts/pge-man-0796/,Verified
PGE-MAN-0797,Manesty,EXPRESS,SEAL INSTALLATION TOOL - ’B’,Turret Hardware,N-750/1,Not listed in source catalog,89,Catalog photo,/assets/images/catalog-thumbs/manesty-light-v1/689e3df4415f88ded5c99a1a-full.webp,/parts/pge-man-0797/,Verified
PGE-MAN-0798,Manesty,EXPRESS,RETAINING SPRING,Turret Hardware,MB2-4,37204,89,Catalog photo,/assets/images/catalog-thumbs/manesty-light-v1/22f715952a6579cb821094fb-full.webp,/parts/pge-man-0798/,Verified
PGE-MAN-0799,Manesty,EXPRESS,25 STATION TURRET ASSEMBLY*,Turrets,M2-25T/A,48003,89,Catalog photo,/assets/images/catalog-thumbs/manesty-light-v1/36b6cc6ed0c509e53ff4fdb8-full.webp,/parts/pge-man-0799/,Verified
PGE-MAN-0800,Manesty,EXPRESS,30 STATION TURRET ASSEMBLY*,Turrets,M2-30T/A,48004,89,Catalog photo,/assets/images/catalog-thumbs/manesty-light-v1/336e8efb9e2d0e2552fb51c7-full.webp,/parts/pge-man-0800/,Verified
PGE-MAN-0801,Manesty,EXPRESS,20 STATION TURRET ASSEMBLY*,Turrets,M2-20T/A,48002,89,Catalog photo,/assets/images/catalog-thumbs/manesty-light-v1/12b86df123d97a4fa525f3c6-full.webp,/parts/pge-man-0801/,Verified
PGE-MAN-0802,Manesty,EXPRESS,LOW LEVEL CAM TRACK EU & IPT D,Upper Cam Tracks,M2-501,48501,89,Catalog photo,/assets/images/catalog-thumbs/manesty-light-v1/5681ed3a883bbc1646aba5b2-full.webp,/parts/pge-man-0802/,Verified
PGE-MAN-0803,Manesty,EXPRESS,HIGH LEVEL CAM TRACK EU & IPT D,Upper Cam Tracks,M2-502,48502,89,Catalog photo,/assets/images/catalog-thumbs/manesty-light-v1/a16717dd86e3ba872f1984e8-full.webp,/parts/pge-man-0803/,Verified
PGE-MAN-0804,Manesty,EXPRESS,UPPER LOWERING CAM - EU & IPT D,Upper Cam Tracks,M2-503,48503,89,Catalog photo,/assets/images/catalog-thumbs/manesty-light-v1/e2cf097354d8f2f4606fe5a8-full.webp,/parts/pge-man-0804/,Verified
PGE-MAN-0805,Manesty,EXPRESS,UPPER LIFTING CAM - EU & IPT D,Upper Cam Tracks,M2-504,48504,89,Catalog photo,/assets/images/catalog-thumbs/manesty-light-v1/0e774e9ae2ca71e2a7ab2a6a-full.webp,/parts/pge-man-0805/,Verified
PGE-MAN-0806,Manesty,EXPRESS,INSERT IN HIGH LEVEL CAM - EU & IPT D,Upper Cam Tracks,M2-505,48505,89,Catalog photo,/assets/images/catalog-thumbs/manesty-light-v1/2dcdc4cc98f942a2da394341-full.webp,/parts/pge-man-0806/,Verified
PGE-MAN-0807,Manesty,EXPRESS,LOW LEVEL CAM TRACK- EU B,Upper Cam Tracks,M2-512,48512,89,Catalog photo,/assets/images/catalog-thumbs/manesty-light-v1/171af7c6379e30f2fc41e24d-full.webp,/parts/pge-man-0807/,Verified
PGE-MAN-0808,Manesty,EXPRESS,INSERT IN HIGH LEVEL CAM TRACK - EU B,Upper Cam Tracks,M2-516,48516,90,Catalog photo,/assets/images/catalog-thumbs/manesty-light-v1/32d08151ab6ff963b72e6642-full.webp,/parts/pge-man-0808/,Verified
PGE-MAN-0809,Manesty,EXPRESS,INSERT TOP PLATE,Upper Cam Tracks,M2-521,48521,90,Catalog photo,/assets/images/catalog-thumbs/manesty-light-v1/85cab38a17540227a4904cde-full.webp,/parts/pge-man-0809/,Verified
PGE-MAN-0810,Manesty,EXPRESS,LOW LEVEL CAM TRACK IPT B,Upper Cam Tracks,M2-555,48555,90,Catalog photo,/assets/images/catalog-thumbs/manesty-light-v1/94cbdd7f0bb63d47f5465300-full.webp,/parts/pge-man-0810/,Verified
PGE-MAN-0811,Manesty,EXPRESS,HIGH LEVEL CAM TRACK ASSEMBLY - IPT B,Upper Cam Tracks,M2-556,48556,90,Catalog photo,/assets/images/catalog-thumbs/manesty-light-v1/836ac304fbe9ad5c7ded87d1-full.webp,/parts/pge-man-0811/,Verified
PGE-MAN-0812,Manesty,EXPRESS,INSERT IN HIGH LEVEL CAM - IPT B,Upper Cam Tracks,M2-557,48557,90,Catalog photo,/assets/images/catalog-thumbs/manesty-light-v1/68d25cf3978a1495aaf1c9af-full.webp,/parts/pge-man-0812/,Verified
PGE-MAN-0813,Manesty,EXPRESS,UPPER LOWERING CAM - IPT B,Upper Cam Tracks,M2-558,48558,90,Catalog photo,/assets/images/catalog-thumbs/manesty-light-v1/087d4e9cac4a54008979fdd9-full.webp,/parts/pge-man-0813/,Verified
PGE-MAN-0814,Manesty,EXPRESS,UPPER LIFTING CAM - IPT B,Upper Cam Tracks,M2-559,48559,90,Catalog photo,/assets/images/catalog-thumbs/manesty-light-v1/11bd321e61c485d0a99ee19a-full.webp,/parts/pge-man-0814/,Verified
PGE-MAN-0815,Manesty,EXPRESS,KNOCK DOWN PLATE,Upper Cam Tracks,M2-603,48603,90,Catalog photo,/assets/images/catalog-thumbs/manesty-light-v1/bef0f37cd14dbdbb841b43ee-full.webp,/parts/pge-man-0815/,Verified
PGE-MAN-0816,Manesty,EXPRESS,WEIGHT ADJ. RAMP,Weight Adjusting Components,M2-33,48533,90,Catalog photo,/assets/images/catalog-thumbs/manesty-light-v1/48c124e4a7acd6fe40223a23-full.webp,/parts/pge-man-0816/,Verified
PGE-MAN-0817,Manesty,EXPRESS,PULL DOWN CAM ON WEIGHT ADJUSTING - EU ‘B,Weight Adjusting Components,M2-522,48522,90,Catalog photo,/assets/images/catalog-thumbs/manesty-light-v1/d812664df460e9b20bd09365-full.webp,/parts/pge-man-0817/,Verified
PGE-MAN-0818,Manesty,EXPRESS,PULL DOWN CAM ON WEIGHT ADJUSTING - EU D,Weight Adjusting Components,M2-524,48524,90,Catalog photo,/assets/images/catalog-thumbs/manesty-light-v1/381721b669e19a36eac5ef3a-full.webp,/parts/pge-man-0818/,Verified
PGE-MAN-0819,Manesty,EXPRESS,PULL DOWN CAM ON WEIGHT ADJUSTING - IPT B,Weight Adjusting Components,M2-525,48525,90,Catalog photo,/assets/images/catalog-thumbs/manesty-light-v1/530054a954155ed469ee9837-full.webp,/parts/pge-man-0819/,Verified
PGE-MAN-0820,Manesty,EXPRESS,BALL CATCH,Weight Adjusting Components,M-254,38254,90,Catalog photo,/assets/images/catalog-thumbs/manesty-light-v1/f0a69b04993c42f3010c19c8-full.webp,/parts/pge-man-0820/,Verified
PGE-MAN-0821,Manesty,EXPRESS,PULL DOWN CAM ON WEIGHT ADJUSTING - IPT D,Weight Adjusting Components,M2-541,48541,90,Catalog photo,/assets/images/catalog-thumbs/manesty-light-v1/d1d9684cbe3a8396e676aeb8-full.webp,/parts/pge-man-0821/,Verified
PGE-MAN-0822,Manesty,EXPRESS,FLIGHT CONTROL CAM - EU B,Weight Adjusting Components,M2-863,48863,90,Catalog photo,/assets/images/catalog-thumbs/manesty-light-v1/2740f3d9be46292b2cb1e78e-full.webp,/parts/pge-man-0822/,Verified
PGE-MAN-0823,Manesty,EXPRESS,FLIGHT CONTROL CAM - EU D,Weight Adjusting Components,M2-864,48864,91,Catalog photo,/assets/images/catalog-thumbs/manesty-light-v1/1f4f166da151adc408bb94d5-full.webp,/parts/pge-man-0823/,Verified
PGE-MAN-0824,Manesty,EXPRESS,FLIGHT CONTROL CAM - IPT B,Weight Adjusting Components,M2-865,48865,91,Catalog photo,/assets/images/catalog-thumbs/manesty-light-v1/f3bd210abe51a0048a208679-full.webp,/parts/pge-man-0824/,Verified
PGE-MAN-0825,Manesty,EXPRESS,FLIGHT CONTROL CAM - IPT D,Weight Adjusting Components,M2-866,48866,91,Catalog photo,/assets/images/catalog-thumbs/manesty-light-v1/d1d8c28f71e22c783ae8bf70-full.webp,/parts/pge-man-0825/,Verified
PGE-MAN-0826,Manesty,LAYERPRESS,INSIDE BEARING FOR HANDWHEEL SIDE,Drive Components,ML-200,Not listed in source catalog,92,Catalog photo,/assets/images/catalog-thumbs/manesty-light-v1/daf36373f8d87f3cdd19d4ec-full.webp,/parts/pge-man-0826/,Verified
PGE-MAN-0827,Manesty,LAYERPRESS,OUTER BEARING FOR WORMSHAFT,Drive Components,ML-201,Not listed in source catalog,92,Catalog photo,/assets/images/catalog-thumbs/manesty-light-v1/676fdb3f51280989bac2d318-full.webp,/parts/pge-man-0827/,Verified
PGE-MAN-0831,Manesty,LAYERPRESS,LOWERING CAM - 10MM FILL - LUBRICATED,Lower Cam Tracks,ML-048/L-10,40048,92,Catalog photo,/assets/images/catalog-thumbs/manesty-light-v1/9728338c18a6d49fec10eefe-full.webp,/parts/pge-man-0831/,Verified
PGE-MAN-0832,Manesty,LAYERPRESS,EJECTION CAM - BRONZE,Lower Cam Tracks,ML-2/B,40047,92,Catalog photo,/assets/images/catalog-thumbs/manesty-light-v1/40f89b0713811c79045bcb0b-full.webp,/parts/pge-man-0832/,Verified
PGE-MAN-0833,Manesty,LAYERPRESS,LOWERING CAM,Lower Cam Tracks,ML-048,40048,92,Catalog photo,/assets/images/catalog-thumbs/manesty-light-v1/478bb974cbca3d45a62a10c5-full.webp,/parts/pge-man-0833/,Verified
PGE-MAN-0834,Manesty,LAYERPRESS,LOWERING CAM - DEEP FILL,Lower Cam Tracks,ML-048/DF,Not listed in source catalog,92,Catalog photo,/assets/images/catalog-thumbs/manesty-light-v1/5ac516d7bece360441631be2-full.webp,/parts/pge-man-0834/,Verified
PGE-MAN-0835,Manesty,LAYERPRESS,LOWERING CAM - SHALLOW FILL,Lower Cam Tracks,ML-048/SF,Not listed in source catalog,92,Catalog photo,/assets/images/catalog-thumbs/manesty-light-v1/07bbaf34433da88cc89b589d-full.webp,/parts/pge-man-0835/,Verified
PGE-MAN-0836,Manesty,LAYERPRESS,BUSH IN ROLL,Pressure Rolls & Components,M-20,40120,92,Catalog photo,/assets/images/catalog-thumbs/manesty-light-v1/dfe2300936afb1c4a0b903d0-full.webp,/parts/pge-man-0836/,Verified
PGE-MAN-0837,Manesty,LAYERPRESS,UPPER TAMPING ROLL,Pressure Rolls & Components,ML-106,40106,92,Catalog photo,/assets/images/catalog-thumbs/manesty-light-v1/d15cc84be3586d63a7650582-full.webp,/parts/pge-man-0837/,Verified
PGE-MAN-0838,Manesty,LAYERPRESS,UPPER TAMPING ROLLER PIN - LUBRICATED,Pressure Rolls & Components,ML-107/1,Not listed in source catalog,92,Catalog photo,/assets/images/catalog-thumbs/manesty-light-v1/71f88c8ba038a7e71d38c815-full.webp,/parts/pge-man-0838/,Verified
PGE-MAN-0839,Manesty,LAYERPRESS,PIN IN LOWER ROLL CARRIER,Pressure Rolls & Components,ML-116,40116,92,Catalog photo,/assets/images/catalog-thumbs/manesty-light-v1/960e2611e610d98c4f694ae3-full.webp,/parts/pge-man-0839/,Verified
PGE-MAN-0840,Manesty,LAYERPRESS,PIN IN ROLL CARRIER,Pressure Rolls & Components,ML-117,40117,92,Catalog photo,/assets/images/catalog-thumbs/manesty-light-v1/3269f4b46a46b021b05ac7b6-full.webp,/parts/pge-man-0840/,Verified
PGE-MAN-0841,Manesty,LAYERPRESS,UPPER OR LOWER ROLL PIN,Pressure Rolls & Components,ML-15,40119,93,Catalog photo,/assets/images/catalog-thumbs/manesty-light-v1/ce111d9d66490cbf88f9aa4c-full.webp,/parts/pge-man-0841/,Verified
PGE-MAN-0842,Manesty,LAYERPRESS,LOWER TAMPING ROLL,Pressure Rolls & Components,ML-151,40151,93,Catalog photo,/assets/images/catalog-thumbs/manesty-light-v1/b819515673adb31c51204b90-full.webp,/parts/pge-man-0842/,Verified
PGE-MAN-0843,Manesty,LAYERPRESS,LOWER TAMPING ROLLER PIN - LUBRICATED,Pressure Rolls & Components,ML-152/1,Not listed in source catalog,93,Catalog photo,/assets/images/catalog-thumbs/manesty-light-v1/62a88842e67f9f7c36c630a8-full.webp,/parts/pge-man-0843/,Verified
PGE-MAN-0844,Manesty,LAYERPRESS,SPRING IN TAMPING ROLL,Pressure Rolls & Components,ML-214,40214,93,Catalog photo,/assets/images/catalog-thumbs/manesty-light-v1/79cf2cbae6c139de7957cd57-full.webp,/parts/pge-man-0844/,Verified
PGE-MAN-0845,Manesty,LAYERPRESS,PRESSURE ROLL,Pressure Rolls & Components,ML-75,Not listed in source catalog,93,Catalog photo,/assets/images/catalog-thumbs/manesty-light-v1/91292307278818d4c34e8af8-full.webp,/parts/pge-man-0845/,Verified
PGE-MAN-0849,Manesty,LAYERPRESS,LOWER TAMPING ROLLER PIN,Pressure Rolls & Components,ML-152,40152,93,Catalog photo,/assets/images/catalog-thumbs/manesty-light-v1/91318f1d91ee180b825397c0-full.webp,/parts/pge-man-0849/,Verified
PGE-MAN-0853,Manesty,LAYERPRESS,UPPER TAMPING ROLLER PIN,Pressure Rolls & Components,ML-107,40107,93,Catalog photo,/assets/images/catalog-thumbs/manesty-light-v1/6cf5124647961654f5d3d342-full.webp,/parts/pge-man-0853/,Verified
PGE-MAN-0854,Manesty,LAYERPRESS,FIBER GEAR FOR FEEDER,Product Control,ML-279,40279,93,Catalog photo,/assets/images/catalog-thumbs/manesty-light-v1/37829e369597b93236e8145d-full.webp,/parts/pge-man-0854/,Verified
PGE-MAN-0855,Manesty,LAYERPRESS,HOPPER,Product Control,ML-589,40589,93,Catalog photo,/assets/images/catalog-thumbs/manesty-light-v1/c5ab4432760f4dd29182f532-full.webp,/parts/pge-man-0855/,Verified
PGE-MAN-0857,Manesty,LAYERPRESS,DIE LOCK SCREW,Turret Hardware,DL-62/2,"45423, 11203011",94,Catalog photo,/assets/images/catalog-thumbs/manesty-light-v1/524700aa8652a58158bf2931-full.webp,/parts/pge-man-0857/,Verified
PGE-MAN-0858,Manesty,LAYERPRESS,DIE LOCK SCREW,Turret Hardware,DL-67,Not listed in source catalog,94,Catalog photo,/assets/images/catalog-thumbs/manesty-light-v1/7d0ddc510945c08de9f7a171-full.webp,/parts/pge-man-0858/,Verified
PGE-MAN-0859,Manesty,LAYERPRESS,DIE LOCK SCREW,Turret Hardware,DL-75/1,"45424, 11203012",94,Catalog photo,/assets/images/catalog-thumbs/manesty-light-v1/77b0430dbe2b878ad22d6bc0-full.webp,/parts/pge-man-0859/,Verified
PGE-MAN-0860,Manesty,LAYERPRESS,ENGAGING CONE,Turret Hardware,M-149/1,Not listed in source catalog,94,Catalog photo,/assets/images/catalog-thumbs/manesty-light-v1/f9cda00fcd6f300c070ffb80-full.webp,/parts/pge-man-0860/,Verified
PGE-MAN-0861,Manesty,LAYERPRESS,PUNCH HOLDING PLUG,Turret Hardware,M-331,39331,94,Catalog photo,/assets/images/catalog-thumbs/manesty-light-v1/dc705b59fbb86334c7a9a94c-full.webp,/parts/pge-man-0861/,Verified
PGE-MAN-0862,Manesty,LAYERPRESS,LOWER PUNCH RETAINER SCREW,Turret Hardware,M-69,39690,94,Catalog photo,/assets/images/catalog-thumbs/manesty-light-v1/101dd8fe97c3ec346c1f8e2b-full.webp,/parts/pge-man-0862/,Verified
PGE-MAN-0863,Manesty,LAYERPRESS,COLUMN BUSHING,Turret Hardware,ML-028,40028,94,Catalog photo,/assets/images/catalog-thumbs/manesty-light-v1/dc5a225ec6002a40549645ec-full.webp,/parts/pge-man-0863/,Verified
PGE-MAN-0864,Manesty,LAYERPRESS,LOWER PUNCH SCRAPER SEAL - ‘B’,Turret Hardware,N-750,44143,94,Catalog photo,/assets/images/catalog-thumbs/manesty-light-v1/1cea89e3cfe88e3cb535526b-full.webp,/parts/pge-man-0864/,Verified
PGE-MAN-0865,Manesty,LAYERPRESS,SEAL INSTALLATION TOOL - ’B’,Turret Hardware,N-750/1,Not listed in source catalog,94,Catalog photo,/assets/images/catalog-thumbs/manesty-light-v1/bc2f11aad8acfd89cc3f2cc9-full.webp,/parts/pge-man-0865/,Verified
PGE-MAN-0867,Manesty,LAYERPRESS,LOWER PUNCH RETAINER SPRING,Turret Hardware,SP-249,39249,94,Catalog photo,/assets/images/catalog-thumbs/manesty-light-v1/428141bb57d3f05804202126-full.webp,/parts/pge-man-0867/,Verified
PGE-MAN-0868,Manesty,LAYERPRESS,39 STATION TURRET ASSEMBLY*,Turrets,ML-39T,Not listed in source catalog,94,Catalog photo,/assets/images/catalog-thumbs/manesty-light-v1/7ded89dabbd52c81fded251a-full.webp,/parts/pge-man-0868/,Verified
PGE-MAN-0869,Manesty,LAYERPRESS,UPPER CAM TRACK,Upper Cam Tracks,ML-29,40029,94,Catalog photo,/assets/images/catalog-thumbs/manesty-light-v1/c12fe2a058a285f171d0743f-full.webp,/parts/pge-man-0869/,Verified
PGE-MAN-0870,Manesty,MKI,OIL SEAL,Drive Components,M1-009,492009,95,Catalog photo,/assets/images/catalog-thumbs/manesty-light-v1/f5424166118da3212027bffe-full.webp,/parts/pge-man-0870/,Verified
PGE-MAN-0871,Manesty,MKI,BEARING,Drive Components,M1-060,16060,95,Catalog photo,/assets/images/catalog-thumbs/manesty-light-v1/d61ac8826810b26f49975499-full.webp,/parts/pge-man-0871/,Verified
PGE-MAN-0872,Manesty,MKI,SPINDLE FOR CLUTCH LEVER,Drive Components,M1-062,39062,95,Catalog photo,/assets/images/catalog-thumbs/manesty-light-v1/4eced93deb9ec1c22a98f1a1-full.webp,/parts/pge-man-0872/,Verified
PGE-MAN-0873,Manesty,MKI,THRUST BEARING,Drive Components,M1-155,39155,95,Catalog photo,/assets/images/catalog-thumbs/manesty-light-v1/262bbe1b988e7e20b0dde1a5-full.webp,/parts/pge-man-0873/,Verified
PGE-MAN-0874,Manesty,MKI,ROLLER BEARING,Drive Components,M1-157,39157,95,Catalog photo,/assets/images/catalog-thumbs/manesty-light-v1/f0c5e37ea7a7e8dc578c7d8b-full.webp,/parts/pge-man-0874/,Verified
PGE-MAN-0875,Manesty,MKI,NEEDLE BEARING,Drive Components,M1-158,39158,95,Catalog photo,/assets/images/catalog-thumbs/manesty-light-v1/8a60449860597e223fd4b793-full.webp,/parts/pge-man-0875/,Verified
PGE-MAN-0876,Manesty,MKI,BOSS FOR CLUTCH LEVER,Drive Components,M1-340,36340,95,Catalog photo,/assets/images/catalog-thumbs/manesty-light-v1/9fb683fbeb24d1dbd100289f-full.webp,/parts/pge-man-0876/,Verified
PGE-MAN-0877,Manesty,MKI,ENGAGING CONE,Drive Components,M-149/1,Not listed in source catalog,95,Catalog photo,/assets/images/catalog-thumbs/manesty-light-v1/264a5c540af6d0bcb8613a79-full.webp,/parts/pge-man-0877/,Verified
PGE-MAN-0878,Manesty,MKI,V/S - BELT,Drive Components,M1-57,45157,95,Catalog photo,/assets/images/catalog-thumbs/manesty-light-v1/22830e4a4836301f8800eebd-full.webp,/parts/pge-man-0878/,Verified
PGE-MAN-0879,Manesty,MKI,V- BELT,Drive Components,M1-59,39159,95,Catalog photo,/assets/images/catalog-thumbs/manesty-light-v1/db09070eaf09af3e01484a96-full.webp,/parts/pge-man-0879/,Verified
PGE-MAN-0880,Manesty,MKI,BUSHING FOR MOTOR MOUNT SHAFT,Drive Components,M1-64/A,Not listed in source catalog,95,Catalog photo,/assets/images/catalog-thumbs/manesty-light-v1/fd4b9bb2e030da2f4ceaf2aa-full.webp,/parts/pge-man-0880/,Verified
PGE-MAN-0881,Manesty,MKI,BEARING,Drive Components,M1-659,92659,95,Catalog photo,/assets/images/catalog-thumbs/manesty-light-v1/81069993ecb4635b4acf2bce-full.webp,/parts/pge-man-0881/,Verified
PGE-MAN-0882,Manesty,MKI,BEARING,Drive Components,M-647,92647,95,Catalog photo,/assets/images/catalog-thumbs/manesty-light-v1/4dae72567373557c99c36440-full.webp,/parts/pge-man-0882/,Verified
PGE-MAN-0883,Manesty,MKI,CLUTCH PAD,Drive Components,M1-8,36388,95,Catalog photo,/assets/images/catalog-thumbs/manesty-light-v1/89b57a5b7f83fc370aba1588-full.webp,/parts/pge-man-0883/,Verified
PGE-MAN-0884,Manesty,MKI,CATCH FOR SPRING CLIP,Guarding,M1-136,39136,95,Catalog photo,/assets/images/catalog-thumbs/manesty-light-v1/5625a7d08ce2cbe5966b312d-full.webp,/parts/pge-man-0884/,Verified
PGE-MAN-0885,Manesty,MKI,SPRING CLIP FOR DOOR CATCH,Guarding,M1-193,39193,96,Catalog photo,/assets/images/catalog-thumbs/manesty-light-v1/b1cbae55c276bbc1ffb2aa2a-full.webp,/parts/pge-man-0885/,Verified
PGE-MAN-0886,Manesty,MKI,GUARD OVER GEARS,Guarding,M1-775,39775,96,Catalog photo,/assets/images/catalog-thumbs/manesty-light-v1/527bfc3697f6895196944510-full.webp,/parts/pge-man-0886/,Verified
PGE-MAN-0887,Manesty,MKI,STUD FOR GUARD AND OIL TRAY,Guarding,M-22,39122,96,Catalog photo,/assets/images/catalog-thumbs/manesty-light-v1/e6fff0a9346669c8f38d8b05-full.webp,/parts/pge-man-0887/,Verified
PGE-MAN-0888,Manesty,MKI,STUD FOR GUARD,Guarding,M-779,39779,96,Catalog photo,/assets/images/catalog-thumbs/manesty-light-v1/d36dcd6187dade685444891f-full.webp,/parts/pge-man-0888/,Verified
PGE-MAN-0891,Manesty,MKI,GUARD FOR LOWER CAM TRACKS,Guarding,M1-317,39317,96,Catalog photo,/assets/images/catalog-thumbs/manesty-light-v1/3dbe4876960cd323f549220b-full.webp,/parts/pge-man-0891/,Verified
PGE-MAN-0892,Manesty,MKI,END PLATE PRESSURE CYLINDER,Hydraulic & Lubrication Components,M-057,390571,96,Catalog photo,/assets/images/catalog-thumbs/manesty-light-v1/332a1bb15f10736db8caba69-full.webp,/parts/pge-man-0892/,Verified
PGE-MAN-0893,Manesty,MKI,COLLAR ON LOWER PRESS LINK,Hydraulic & Lubrication Components,M-078,45078,96,Catalog photo,/assets/images/catalog-thumbs/manesty-light-v1/bd4341dc6adac1c4232bed4f-full.webp,/parts/pge-man-0893/,Verified
PGE-MAN-0894,Manesty,MKI,PLATE ON COLLAR,Hydraulic & Lubrication Components,M-080,45080,96,Catalog photo,/assets/images/catalog-thumbs/manesty-light-v1/c3812ad032f6bec41a99c73b-full.webp,/parts/pge-man-0894/,Verified
PGE-MAN-0895,Manesty,MKI,O-RING KIT FOR PRESSURE CYLINDER,Hydraulic & Lubrication Components,M1-01,Not listed in source catalog,96,Catalog photo,/assets/images/catalog-thumbs/manesty-light-v1/f6b7f879906c96f188e4b219-full.webp,/parts/pge-man-0895/,Verified
PGE-MAN-0896,Manesty,MKI,NUT-BOTTOM PRESSURE LINK,Hydraulic & Lubrication Components,M1-076,390761,96,Catalog photo,/assets/images/catalog-thumbs/manesty-light-v1/08b9e88c71d8c1f0b83a9eee-full.webp,/parts/pge-man-0896/,Verified
PGE-MAN-0897,Manesty,MKI,ADAPTER BUSHING FOR GEAR ON PUMP,Hydraulic & Lubrication Components,M1-079,39079,96,Catalog photo,/assets/images/catalog-thumbs/manesty-light-v1/3a1e6ef9edf7674b9bc68898-full.webp,/parts/pge-man-0897/,Verified
PGE-MAN-0898,Manesty,MKI,PRESSURE CYLINDER,Hydraulic & Lubrication Components,M1-085,390851,96,Catalog photo,/assets/images/catalog-thumbs/manesty-light-v1/2c1023b2e17496e0577fded7-full.webp,/parts/pge-man-0898/,Verified
PGE-MAN-0899,Manesty,MKI,PISTON IN ACCUMULATOR,Hydraulic & Lubrication Components,M1-120,39120,96,Catalog photo,/assets/images/catalog-thumbs/manesty-light-v1/8bfcd440a9f8b4a6198586a2-full.webp,/parts/pge-man-0899/,Verified
PGE-MAN-0900,Manesty,MKI,PISTON IN PRESSURE CYLINDER,Hydraulic & Lubrication Components,M1-121,39121,97,Catalog photo,/assets/images/catalog-thumbs/manesty-light-v1/ab235fd3686e68aaf2d544da-full.webp,/parts/pge-man-0900/,Verified
PGE-MAN-0901,Manesty,MKI,GEAR ON PUMP,Hydraulic & Lubrication Components,M1-125,39125,97,Catalog photo,/assets/images/catalog-thumbs/manesty-light-v1/b5640a28e3aaeb256f8d0fcf-full.webp,/parts/pge-man-0901/,Verified
PGE-MAN-0902,Manesty,MKI,PRESSURE GAUGE,Hydraulic & Lubrication Components,M1-147,45147,97,Catalog photo,/assets/images/catalog-thumbs/manesty-light-v1/fb0203f6a0cbb55a3daaa505-full.webp,/parts/pge-man-0902/,Verified
PGE-MAN-0903,Manesty,MKI,O-RING KIT FOR ACCUMULATOR CYLINDER,Hydraulic & Lubrication Components,M1-188,39188,97,Catalog photo,/assets/images/catalog-thumbs/manesty-light-v1/afb0098904f9bcb71380d7d3-full.webp,/parts/pge-man-0903/,Verified
PGE-MAN-0904,Manesty,MKI,PRESSURE CYLINDER HYD. HOSE ASSY. - SHORT,Hydraulic & Lubrication Components,M1-200,39200,97,Catalog photo,/assets/images/catalog-thumbs/manesty-light-v1/266989c4e85e7f402e7abaec-full.webp,/parts/pge-man-0904/,Verified
PGE-MAN-0905,Manesty,MKI,PRESSURE CYLINDER HYDRAULIC HOSE ASSY. - LONG,Hydraulic & Lubrication Components,M1-201,39201,97,Catalog photo,/assets/images/catalog-thumbs/manesty-light-v1/886f565ae9680f89030fde34-full.webp,/parts/pge-man-0905/,Verified
PGE-MAN-0906,Manesty,MKI,PUMP HYDRAULIC HOSE ASSEMBLY,Hydraulic & Lubrication Components,M1-202,39202,97,Catalog photo,/assets/images/catalog-thumbs/manesty-light-v1/5112bf98d6f1ef1af9c6cc65-full.webp,/parts/pge-man-0906/,Verified
PGE-MAN-0907,Manesty,MKI,BOTTOM PRESSURE LINK,Hydraulic & Lubrication Components,M1-266,39266,97,Catalog photo,/assets/images/catalog-thumbs/manesty-light-v1/7be4d9e0dfa99cd0ff1f9d12-full.webp,/parts/pge-man-0907/,Verified
PGE-MAN-0908,Manesty,MKI,OIL PUMP (SUDO PUMP REPLACEMENT),Hydraulic & Lubrication Components,M1-270,Not listed in source catalog,97,Catalog photo,/assets/images/catalog-thumbs/manesty-light-v1/670afbcd0d5e9f83c09e4304-full.webp,/parts/pge-man-0908/,Verified
PGE-MAN-0909,Manesty,MKI,PUMP MOUNTING ADAPTER,Hydraulic & Lubrication Components,M1-270/1,Not listed in source catalog,97,Catalog photo,/assets/images/catalog-thumbs/manesty-light-v1/5ce9d10c468c7c076b16a1d7-full.webp,/parts/pge-man-0909/,Verified
PGE-MAN-0910,Manesty,MKI,ADAPTER FOR CYLINDER HOSE,Hydraulic & Lubrication Components,M-131,39131,97,Catalog photo,/assets/images/catalog-thumbs/manesty-light-v1/9a8c0bf870dc7f62a9e1b2bc-full.webp,/parts/pge-man-0910/,Verified
PGE-MAN-0911,Manesty,MKI,ADAPTER FOR PUMP HOSE,Hydraulic & Lubrication Components,,39132,97,Catalog photo,/assets/images/catalog-thumbs/manesty-light-v1/56217780d73acbe4278658af-full.webp,/parts/pge-man-0911/,Verified
PGE-MAN-0912,Manesty,MKI,PUMP MOUNTING BRACKET,Hydraulic & Lubrication Components,M1-443,39443,97,Catalog photo,/assets/images/catalog-thumbs/manesty-light-v1/2d5e577af9c553c6f40597a7-full.webp,/parts/pge-man-0912/,Verified
PGE-MAN-0913,Manesty,MKI,PUMP MOUNTING BRACKET SUPPORT,Hydraulic & Lubrication Components,M1-443/1,Not listed in source catalog,97,Catalog photo,/assets/images/catalog-thumbs/manesty-light-v1/093d64442fc54298f2f83704-full.webp,/parts/pge-man-0913/,Verified
PGE-MAN-0914,Manesty,MKI,OIL DRIP TRAY - UPPER,Hydraulic & Lubrication Components,M-162,39162,97,Catalog photo,/assets/images/catalog-thumbs/manesty-light-v1/a4fcbf78881083dffaeb1396-full.webp,/parts/pge-man-0914/,Verified
PGE-MAN-0915,Manesty,MKI,REBUILD KIT FOR HYDRAULIC PUMP,Hydraulic & Lubrication Components,M1-7,Not listed in source catalog,98,Catalog photo,/assets/images/catalog-thumbs/manesty-light-v1/45d81838f888bd28592ce4d5-full.webp,/parts/pge-man-0915/,Verified
PGE-MAN-0916,Manesty,MKI,PLATE FOR GLAND,Hydraulic & Lubrication Components,M1-890,39890,98,Catalog photo,/assets/images/catalog-thumbs/manesty-light-v1/eccf13ce9c31e3e7af17aab0-full.webp,/parts/pge-man-0916/,Verified
PGE-MAN-0917,Manesty,MKI,LOWER DRIP TRAY (STAINLESS),Hydraulic & Lubrication Components,M-203,39203,98,Catalog photo,/assets/images/catalog-thumbs/manesty-light-v1/ee6a53fb86e7562dfcaf3600-full.webp,/parts/pge-man-0917/,Verified
PGE-MAN-0918,Manesty,MKI,ONE SHOT OIL PUMP (P-28),Hydraulic & Lubrication Components,M-55,93955,98,Catalog photo,/assets/images/catalog-thumbs/manesty-light-v1/f14068fc3a3276d8ac56e648-full.webp,/parts/pge-man-0918/,Verified
PGE-MAN-0919,Manesty,MKI,GLAND IN PRESSURE CYLINDER,Hydraulic & Lubrication Components,M-889,39889,98,Catalog photo,/assets/images/catalog-thumbs/manesty-light-v1/bd7e4304efd719d140d945d2-full.webp,/parts/pge-man-0919/,Verified
PGE-MAN-0920,Manesty,MKI,TONNAGE GAUGE 0-6.5 TONS,Hydraulic & Lubrication Components,MB1-732,45732,98,Catalog photo,/assets/images/catalog-thumbs/manesty-light-v1/80019e756e9d121b45c3833a-full.webp,/parts/pge-man-0920/,Verified
PGE-MAN-0921,Manesty,MKI,WASHER ON TAKE OUT PLUG,Lower Cam Tracks,M1-059,39059,98,Catalog photo,/assets/images/catalog-thumbs/manesty-light-v1/17fb2de1c82e334d7e9cffc9-full.webp,/parts/pge-man-0921/,Verified
PGE-MAN-0922,Manesty,MKI,PUNCH LOADING PLUG,Lower Cam Tracks,M1-646,45646,98,Catalog photo,/assets/images/catalog-thumbs/manesty-light-v1/ada7993ca93f2ec98404cac4-full.webp,/parts/pge-man-0922/,Verified
PGE-MAN-0923,Manesty,MKI,PUNCH PLUG RETAINER ASSEMBLY,Lower Cam Tracks,M1-646/1,Not listed in source catalog,98,Catalog photo,/assets/images/catalog-thumbs/manesty-light-v1/572e05dc0956e58a0048cc8b-full.webp,/parts/pge-man-0923/,Verified
PGE-MAN-0924,Manesty,MKI,STOP BLOCK FOR PUNCH PLUG,Lower Cam Tracks,M1-922,45922,98,Catalog photo,/assets/images/catalog-thumbs/manesty-light-v1/2e068efe98f13ada589d2930-full.webp,/parts/pge-man-0924/,Verified
PGE-MAN-0925,Manesty,MKI,EJECTION CAM - BRONZE,Lower Cam Tracks,MB1-2,39316,98,Catalog photo,/assets/images/catalog-thumbs/manesty-light-v1/4097392c7bafe27c903c0b8e-full.webp,/parts/pge-man-0925/,Verified
PGE-MAN-0926,Manesty,MKI,EJECTION CAM - STEEL,Lower Cam Tracks,MB1-2/S,39316/1,98,Catalog photo,/assets/images/catalog-thumbs/manesty-light-v1/3f8222c5f878be6eb0826852-full.webp,/parts/pge-man-0926/,Verified
PGE-MAN-0927,Manesty,MKI,LOWERING RAMP B TOOLING,Lower Cam Tracks,MB1-318,39318,98,Catalog photo,/assets/images/catalog-thumbs/manesty-light-v1/25339117057e848bf00fedd6-full.webp,/parts/pge-man-0927/,Verified
PGE-MAN-0928,Manesty,MKI,FLIGHT CONTROL CAM - US ‘B’,Lower Cam Tracks,MB1-676,45676,98,Catalog photo,/assets/images/catalog-thumbs/manesty-light-v1/643d7071d97068e686365895-full.webp,/parts/pge-man-0928/,Verified
PGE-MAN-0929,Manesty,MKI,ANTI-FLIGHT CAM - WEIGHT HEAD,Lower Cam Tracks,MB1-72A,Not listed in source catalog,98,Catalog photo,/assets/images/catalog-thumbs/manesty-light-v1/77645df073380c2132a92323-full.webp,/parts/pge-man-0929/,Verified
PGE-MAN-0930,Manesty,MKI,FILL CAM - 11/16”/17.5MM - IPT B,Lower Cam Tracks,MB1-97,39997,99,Catalog photo,/assets/images/catalog-thumbs/manesty-light-v1/794d0a2cc75b9d8684c2bca7-full.webp,/parts/pge-man-0930/,Verified
PGE-MAN-0931,Manesty,MKI,FILL CAM - 11/16”/17.5MM - IPT B - BRONZE,Lower Cam Tracks,MB1-97/B,399971,99,Catalog photo,/assets/images/catalog-thumbs/manesty-light-v1/84691b84dbb3d9bcd0bdfc72-full.webp,/parts/pge-man-0931/,Verified
PGE-MAN-0932,Manesty,MKI,FILL CAM - 11/16”/17.5MM - IPT B - BRONZE 1/2” - 13 IPT THREADS,Lower Cam Tracks,MB1-97/B1,Not listed in source catalog,99,Catalog photo,/assets/images/catalog-thumbs/manesty-light-v1/2ad35a57eae89a4b8a4b007d-full.webp,/parts/pge-man-0932/,Verified
PGE-MAN-0933,Manesty,MKI,FILL CAM - 1/2”/12.7MM - IPT B,Lower Cam Tracks,MB1-98,39998,99,Catalog photo,/assets/images/catalog-thumbs/manesty-light-v1/f14327270b020302b845fd6e-full.webp,/parts/pge-man-0933/,Verified
PGE-MAN-0934,Manesty,MKI,FILL CAM - 5/16/7.9MM - IPT B,Lower Cam Tracks,MB1-99,39999,99,Catalog photo,/assets/images/catalog-thumbs/manesty-light-v1/f0b79e3325c976bd553d0485-full.webp,/parts/pge-man-0934/,Verified
PGE-MAN-0935,Manesty,MKI,FILL CAM - 5/16”/7.9MM - IPT B - BRONZE,Lower Cam Tracks,MB1-99/B,Not listed in source catalog,99,Catalog photo,/assets/images/catalog-thumbs/manesty-light-v1/b7d570feaa486e278061e096-full.webp,/parts/pge-man-0935/,Verified
PGE-MAN-0936,Manesty,MKI,CONTROL CAM - IPT B,Lower Cam Tracks,MB1-996,39996,99,Catalog photo,/assets/images/catalog-thumbs/manesty-light-v1/a2267b699583cb192f7aeb35-full.webp,/parts/pge-man-0936/,Verified
PGE-MAN-0937,Manesty,MKI,EJECTION CAM - STEEL,Lower Cam Tracks,MD1-2/S,39286/1,99,Catalog photo,/assets/images/catalog-thumbs/manesty-light-v1/6622c89edd6e17361b1093aa-full.webp,/parts/pge-man-0937/,Verified
PGE-MAN-0938,Manesty,MKI,EJECTION CAM - BRONZE,Lower Cam Tracks,MD1-2,39286,99,Catalog photo,/assets/images/catalog-thumbs/manesty-light-v1/ae042d29c39afc47b24533ee-full.webp,/parts/pge-man-0938/,Verified
PGE-MAN-0939,Manesty,MKI,FILL CAM - 13/16”/20.6MM - EU D,Lower Cam Tracks,MD1-285,39285,99,Catalog photo,/assets/images/catalog-thumbs/manesty-light-v1/10b1b2c80e28ee54167dade3-full.webp,/parts/pge-man-0939/,Verified
PGE-MAN-0940,Manesty,MKI,FILL CAM - 13/16”/20.6MM - IPT D,Lower Cam Tracks,MD1-306,39306,99,Catalog photo,/assets/images/catalog-thumbs/manesty-light-v1/2be51ddab0e61679d98a4fbe-full.webp,/parts/pge-man-0940/,Verified
PGE-MAN-0941,Manesty,MKI,QUICK FILL CAM - 13/16”/20.6MM - IPT D,Lower Cam Tracks,MD1-306/1,Not listed in source catalog,99,Catalog photo,/assets/images/catalog-thumbs/manesty-light-v1/7391ce2860f084ca6ae66d45-full.webp,/parts/pge-man-0941/,Verified
PGE-MAN-0942,Manesty,MKI,FILL CAM - 5/16”/7.9MM - IPT D,Lower Cam Tracks,MD1-307,39307,99,Catalog photo,/assets/images/catalog-thumbs/manesty-light-v1/ae7024f7bec884598ef17f5a-full.webp,/parts/pge-man-0942/,Verified
PGE-MAN-0943,Manesty,MKI,FILL CAM - 9/16”/14.3MM - IPT D,Lower Cam Tracks,MD1-308,39308,99,Catalog photo,/assets/images/catalog-thumbs/manesty-light-v1/889a876f47e0a140472097fb-full.webp,/parts/pge-man-0943/,Verified
PGE-MAN-0944,Manesty,MKI,FLIGHT CONTROL CAM - EU ‘D,Lower Cam Tracks,MD1-673,45673,99,Catalog photo,/assets/images/catalog-thumbs/manesty-light-v1/5b12f6be24779760826d1ba9-full.webp,/parts/pge-man-0944/,Verified
PGE-MAN-0945,Manesty,MKI,LOCKING SCREW FOR PUNCH LOADING PLUG,Lower Cam Tracks,M1-708,39708,100,Catalog photo,/assets/images/catalog-thumbs/manesty-light-v1/e73829f8f1f44cab2d4c9344-full.webp,/parts/pge-man-0945/,Verified
PGE-MAN-0948,Manesty,MKI,PIN IN CYLINDER FORK,Pressure Rolls & Components,M1-107,39107,100,Catalog photo,/assets/images/catalog-thumbs/manesty-light-v1/355dfb38226f4e2adfc32b69-full.webp,/parts/pge-man-0948/,Verified
PGE-MAN-0949,Manesty,MKI,THRUST WASHER,Pressure Rolls & Components,M1-16,39416,100,Catalog photo,/assets/images/catalog-thumbs/manesty-light-v1/f9d84c94b24aa90d7eb76643-full.webp,/parts/pge-man-0949/,Verified
PGE-MAN-0950,Manesty,MKI,PRESSURE ROLL BEARING - MODIFIED,Pressure Rolls & Components,M1-210,Not listed in source catalog,100,Catalog photo,/assets/images/catalog-thumbs/manesty-light-v1/82d3da186025421a12de522d-full.webp,/parts/pge-man-0950/,Verified
PGE-MAN-0951,Manesty,MKI,OIL SEAL - PRESSURE ROLL,Pressure Rolls & Components,M1-330,Not listed in source catalog,100,Catalog photo,/assets/images/catalog-thumbs/manesty-light-v1/db54b701ecb271a7d3357cae-full.webp,/parts/pge-man-0951/,Verified
PGE-MAN-0952,Manesty,MKI,BUSH IN ROLL,Pressure Rolls & Components,M1-39,39039,100,Catalog photo,/assets/images/catalog-thumbs/manesty-light-v1/c968d27b1127c38d8c3d385a-full.webp,/parts/pge-man-0952/,Verified
PGE-MAN-0953,Manesty,MKI,BUSHING IN CARRIER,Pressure Rolls & Components,M1-49,39049,100,Catalog photo,/assets/images/catalog-thumbs/manesty-light-v1/f58f312bd7af8a17d6f0815d-full.webp,/parts/pge-man-0953/,Verified
PGE-MAN-0954,Manesty,MKI,BUSHING IN CARRIER,Pressure Rolls & Components,M1-51,39051,100,Catalog photo,/assets/images/catalog-thumbs/manesty-light-v1/71c223e0f017f446d6077bdb-full.webp,/parts/pge-man-0954/,Verified
PGE-MAN-0955,Manesty,MKI,PIN IN ROLL CARRIER,Pressure Rolls & Components,M1-590,45590,100,Catalog photo,/assets/images/catalog-thumbs/manesty-light-v1/59d92059bfed7be7261aa68b-full.webp,/parts/pge-man-0955/,Verified
PGE-MAN-0956,Manesty,MKI,PIN IN ROLL CARRIER,Pressure Rolls & Components,M1-592,45592,100,Catalog photo,/assets/images/catalog-thumbs/manesty-light-v1/e22374d268351b3d11147d5a-full.webp,/parts/pge-man-0956/,Verified
PGE-MAN-0957,Manesty,MKI,PRESSURE ROLL PIN,Pressure Rolls & Components,M1-6,39106/1,100,Catalog photo,/assets/images/catalog-thumbs/manesty-light-v1/b6d22e7d7191eaecd7f3c041-full.webp,/parts/pge-man-0957/,Verified
PGE-MAN-0958,Manesty,MKI,INTERNAL RETAINING CLIP,Pressure Rolls & Components,M1-66,Not listed in source catalog,100,Catalog photo,/assets/images/catalog-thumbs/manesty-light-v1/9998af5e4f46304805c4b757-full.webp,/parts/pge-man-0958/,Verified
PGE-MAN-0959,Manesty,MKI,UPPER PRESSURE ROLL,Pressure Rolls & Components,M1-80,39380,100,Catalog photo,/assets/images/catalog-thumbs/manesty-light-v1/e27f92cce9514fab7f1336cf-full.webp,/parts/pge-man-0959/,Verified
PGE-MAN-0960,Manesty,MKI,UPPER ROLL - BEARING DESIGN,Pressure Rolls & Components,M1-80/WB,39380/1,101,Catalog photo,/assets/images/catalog-thumbs/manesty-light-v1/296501d3e60307095a8d3c30-full.webp,/parts/pge-man-0960/,Verified
PGE-MAN-0961,Manesty,MKI,CENTER SPACER,Pressure Rolls & Components,M1-80/WB/1,Not listed in source catalog,101,Catalog photo,/assets/images/catalog-thumbs/manesty-light-v1/f5e8f17f08ec8474b30e92d4-full.webp,/parts/pge-man-0961/,Verified
PGE-MAN-0962,Manesty,MKI,INBOARD SPACER FOR BEARING ROLLS,Pressure Rolls & Components,M1-80/WB/2,Not listed in source catalog,101,Catalog photo,/assets/images/catalog-thumbs/manesty-light-v1/a354786e2cdfff39dcfbe47d-full.webp,/parts/pge-man-0962/,Verified
PGE-MAN-0963,Manesty,MKI,OUTBOARD SPACER FOR BEARING ROLLS,Pressure Rolls & Components,M1-80/WB/3,Not listed in source catalog,101,Catalog photo,/assets/images/catalog-thumbs/manesty-light-v1/c3da6549c013a7655d0be2f1-full.webp,/parts/pge-man-0963/,Verified
PGE-MAN-0964,Manesty,MKI,BUSHING IN CARRIER,Pressure Rolls & Components,M1-93,45593,101,Catalog photo,/assets/images/catalog-thumbs/manesty-light-v1/be1c638ceb826321601c3e37-full.webp,/parts/pge-man-0964/,Verified
PGE-MAN-0965,Manesty,MKI,LOWER PRESSURE ROLL,Pressure Rolls & Components,MB1-83,39383,101,Catalog photo,/assets/images/catalog-thumbs/manesty-light-v1/9fe8823ce649b4e1497d7027-full.webp,/parts/pge-man-0965/,Verified
PGE-MAN-0966,Manesty,MKI,LOWER PRESSURE ROLL W/BEARING,Pressure Rolls & Components,MB1-83/WB,39383/1,101,Catalog photo,/assets/images/catalog-thumbs/manesty-light-v1/d229bc88adae61957837afb3-full.webp,/parts/pge-man-0966/,Verified
PGE-MAN-0967,Manesty,MKI,LOWER PRESSURE ROLL,Pressure Rolls & Components,MD1-81,39381,101,Catalog photo,/assets/images/catalog-thumbs/manesty-light-v1/3f31856d309350b9f2b2672e-full.webp,/parts/pge-man-0967/,Verified
PGE-MAN-0968,Manesty,MKI,LOWER PRESSURE ROLL WITH BEARING,Pressure Rolls & Components,MD1-81/WB,39381/1,101,Catalog photo,/assets/images/catalog-thumbs/manesty-light-v1/ef92d9e4c21d2882fe65fb9d-full.webp,/parts/pge-man-0968/,Verified
PGE-MAN-0969,Manesty,MKI,PIN IN TOP LINK,Pressure Rolls & Components,M1-105,39105,101,Catalog photo,/assets/images/catalog-thumbs/manesty-light-v1/8a91089821d784c2ae49d3be-full.webp,/parts/pge-man-0969/,Verified
PGE-MAN-0974,Manesty,MKI,HOPPER BRACKET,Product Control,M-025,36025,101,Catalog photo,/assets/images/catalog-thumbs/manesty-light-v1/b23f04c48baa14fa51eebeb3-full.webp,/parts/pge-man-0974/,Verified
PGE-MAN-0975,Manesty,MKI,HOPPER LINK,Product Control,M-035,36035,102,Catalog photo,/assets/images/catalog-thumbs/manesty-light-v1/7443ed78c0a7ed4dda4e4dc1-full.webp,/parts/pge-man-0975/,Verified
PGE-MAN-0976,Manesty,MKI,BRACKET FOR DUST NOZZLE,Product Control,M-055,"39055, 36055",102,Catalog photo,/assets/images/catalog-thumbs/manesty-light-v1/ead6b9398d0e852f1f8cd177-full.webp,/parts/pge-man-0976/,Verified
PGE-MAN-0977,Manesty,MKI,ADJUSTING NUT FOR DUST NOZZLE,Product Control,M-058,39058,102,Catalog photo,/assets/images/catalog-thumbs/manesty-light-v1/2a64b5cd598db8621e111cfe-full.webp,/parts/pge-man-0977/,Verified
PGE-MAN-0978,Manesty,MKI,PILLAR FOR CLAMP,Product Control,M-096,56096,102,Catalog photo,/assets/images/catalog-thumbs/manesty-light-v1/253c820e2a5d6e374fe8b1e0-full.webp,/parts/pge-man-0978/,Verified
PGE-MAN-0979,Manesty,MKI,FEEDER ANGLE SUPPORT,Product Control,M1-02,Not listed in source catalog,102,Catalog photo,/assets/images/catalog-thumbs/manesty-light-v1/fd4675d8209ff514d88d2380-full.webp,/parts/pge-man-0979/,Verified
PGE-MAN-0980,Manesty,MKI,FEEDER PLATFORM SUPPORT PILLAR,Product Control,M1-03,Not listed in source catalog,102,Catalog photo,/assets/images/catalog-thumbs/manesty-light-v1/4bce7e549a90b923eb1ed815-full.webp,/parts/pge-man-0980/,Verified
PGE-MAN-0981,Manesty,MKI,FRONT SCRAPER - BI-LAYER,Product Control,M1-048,45048,102,Catalog photo,/assets/images/catalog-thumbs/manesty-light-v1/42ccac5cd3ad5608b24b3a5b-full.webp,/parts/pge-man-0981/,Verified
PGE-MAN-0982,Manesty,MKI,SCRAPER BLADE - BI-LAYER,Product Control,M1-049,45049,102,Catalog photo,/assets/images/catalog-thumbs/manesty-light-v1/a2dfbf15e4363d734889c1ac-full.webp,/parts/pge-man-0982/,Verified
PGE-MAN-0983,Manesty,MKI,HOPPER ADJUSTING SCREW - LONG,Product Control,M1-05,36105,102,Catalog photo,/assets/images/catalog-thumbs/manesty-light-v1/157e7e73745879b09f83eb93-full.webp,/parts/pge-man-0983/,Verified
PGE-MAN-0984,Manesty,MKI,HOPPER ADJUSTING SCREW - SHORT,Product Control,M1-073,13073,102,Catalog photo,/assets/images/catalog-thumbs/manesty-light-v1/e5acba6e6fb384b553065b0a-full.webp,/parts/pge-man-0984/,Verified
PGE-MAN-0985,Manesty,MKI,SUPPORT PLATE FOR CHUTE,Product Control,M1-075,39075,102,Catalog photo,/assets/images/catalog-thumbs/manesty-light-v1/ef6af035fb6b410046546901-full.webp,/parts/pge-man-0985/,Verified
PGE-MAN-0986,Manesty,MKI,SUCTION NOZZLE,Product Control,M1-267,39267,102,Catalog photo,/assets/images/catalog-thumbs/manesty-light-v1/a019e6ae29b792fd4ff1a0bd-full.webp,/parts/pge-man-0986/,Verified
PGE-MAN-0987,Manesty,MKI,SUCTION NOZZLE ASSEMBLY - COMPLETE,Product Control,M1-267/A,Not listed in source catalog,102,Catalog photo,/assets/images/catalog-thumbs/manesty-light-v1/f2ce1b62031509bca9906939-full.webp,/parts/pge-man-0987/,Verified
PGE-MAN-0988,Manesty,MKI,PILLAR FOR CHUTE,Product Control,M1-274,39274,102,Catalog photo,/assets/images/catalog-thumbs/manesty-light-v1/cbe4518acc8144e8e3d66185-full.webp,/parts/pge-man-0988/,Verified
PGE-MAN-0989,Manesty,MKI,CAMLOCK STUD & RETAINING WASHER,Product Control,M1-28,45928,102,Catalog photo,/assets/images/catalog-thumbs/manesty-light-v1/64f06e4557b4dac2a40d85ea-full.webp,/parts/pge-man-0989/,Verified
PGE-MAN-0990,Manesty,MKI,FEED FRAME-ALUMINUM,Product Control,M1-31,39731,103,Catalog photo,/assets/images/catalog-thumbs/manesty-light-v1/7d9624351d756677c5cc7ea1-full.webp,/parts/pge-man-0990/,Verified
PGE-MAN-0991,Manesty,MKI,TOP COVER FOR FEED FRAME - STAINLESS,Product Control,M1-34,39634,103,Catalog photo,/assets/images/catalog-thumbs/manesty-light-v1/3f2e15a744e07191395a8f95-full.webp,/parts/pge-man-0991/,Verified
PGE-MAN-0992,Manesty,MKI,FEEDER MOTOR SPUR GEAR,Product Control,M1-36G,Not listed in source catalog,103,Catalog photo,/assets/images/catalog-thumbs/manesty-light-v1/6246706b56e95988658277ab-full.webp,/parts/pge-man-0992/,Verified
PGE-MAN-0993,Manesty,MKI,INLET CONNECTOR ASSEMBLY,Product Control,M1-410,45410,103,Catalog photo,/assets/images/catalog-thumbs/manesty-light-v1/74c7ce9232841bdf4a6c6561-full.webp,/parts/pge-man-0993/,Verified
PGE-MAN-0994,Manesty,MKI,FEEDER COVER GASKET,Product Control,M1-43,39943,103,Catalog photo,/assets/images/catalog-thumbs/manesty-light-v1/4b6d95957b2a0e7f1b4c5563-full.webp,/parts/pge-man-0994/,Verified
PGE-MAN-0995,Manesty,MKI,PUNCH ENTRY NAME PLATE,Product Control,M1-474,39474,103,Catalog photo,/assets/images/catalog-thumbs/manesty-light-v1/29f441eda1cce65bddce9732-full.webp,/parts/pge-man-0995/,Verified
PGE-MAN-0996,Manesty,MKI,FEEDER GEAR,Product Control,M1-52T/F,"39769-1, 39769",103,Catalog photo,/assets/images/catalog-thumbs/manesty-light-v1/a0cb6de1d5c9468a0c3d4924-full.webp,/parts/pge-man-0996/,Verified
PGE-MAN-0997,Manesty,MKI,CHUTE,Product Control,M1-56,39056,103,Catalog photo,/assets/images/catalog-thumbs/manesty-light-v1/ccda45197e4f698d0cbef24e-full.webp,/parts/pge-man-0997/,Verified
PGE-MAN-0998,Manesty,MKI,SCRAPER BRACKET,Product Control,M1-60,39860,103,Catalog photo,/assets/images/catalog-thumbs/manesty-light-v1/fc76532c70b81f13994c4ed8-full.webp,/parts/pge-man-0998/,Verified
PGE-MAN-0999,Manesty,MKI,SCRAPER BLADE,Product Control,M1-61,39861,103,Catalog photo,/assets/images/catalog-thumbs/manesty-light-v1/5b80c2c125f4b129f0ff57cd-full.webp,/parts/pge-man-0999/,Verified
PGE-MAN-1000,Manesty,MKI,SCRAPER BLADE - DELRIN,Product Control,M1-61-D,6398610,103,Catalog photo,/assets/images/catalog-thumbs/manesty-light-v1/d1d77a3a677f1b168bcf6120-full.webp,/parts/pge-man-1000/,Verified
PGE-MAN-1001,Manesty,MKI,FEEDER LEVEL STUD,Product Control,M1-623,39623,103,Catalog photo,/assets/images/catalog-thumbs/manesty-light-v1/383ad350a05dedbf4dedac1e-full.webp,/parts/pge-man-1001/,Verified
PGE-MAN-1002,Manesty,MKI,FEEDER LEVEL LOCKNUT,Product Control,M1-624,39624,103,Catalog photo,/assets/images/catalog-thumbs/manesty-light-v1/91bc860630630e695b9b99b6-full.webp,/parts/pge-man-1002/,Verified
PGE-MAN-1003,Manesty,MKI,HOPPER,Product Control,M1-635,39635,103,Catalog photo,/assets/images/catalog-thumbs/manesty-light-v1/62e125930a541a80bb4f3d04-full.webp,/parts/pge-man-1003/,Verified
PGE-MAN-1004,Manesty,MKI,INLET CONNECTOR,Product Control,M1-636,39636,103,Catalog photo,/assets/images/catalog-thumbs/manesty-light-v1/4054ec70b0bb770ec51612b5-full.webp,/parts/pge-man-1004/,Verified
PGE-MAN-1005,Manesty,MKI,COLUMN FOR FEEDER,Product Control,M1-752,39752,104,Catalog photo,/assets/images/catalog-thumbs/manesty-light-v1/5d121a8986dad5648c4ed57b-full.webp,/parts/pge-man-1005/,Verified
PGE-MAN-1006,Manesty,MKI,SUPPORT FOR ROTARY FEEDER,Product Control,M1-755,39755,104,Catalog photo,/assets/images/catalog-thumbs/manesty-light-v1/c737741f20ab123f3b50885d-full.webp,/parts/pge-man-1006/,Verified
PGE-MAN-1007,Manesty,MKI,GEAR PLATFORM,Product Control,M1-757,39757,104,Catalog photo,/assets/images/catalog-thumbs/manesty-light-v1/b1c88132bd27dea257e63fca-full.webp,/parts/pge-man-1007/,Verified
PGE-MAN-1008,Manesty,MKI,FULCRUM STUD,Product Control,M1-765,39765,104,Catalog photo,/assets/images/catalog-thumbs/manesty-light-v1/63160ec693f03393a2ccf76c-full.webp,/parts/pge-man-1008/,Verified
PGE-MAN-1009,Manesty,MKI,46T-16DP- FEEDER GEAR,Product Control,M1-766,39766,104,Catalog photo,/assets/images/catalog-thumbs/manesty-light-v1/89e9839b3e635194f639a144-full.webp,/parts/pge-man-1009/,Verified
PGE-MAN-1010,Manesty,MKI,BRACKET FOR PICKUP SCRAPER,Product Control,M1-77,39877,104,Catalog photo,/assets/images/catalog-thumbs/manesty-light-v1/eefb3e16b90d1eb1429d269b-full.webp,/parts/pge-man-1010/,Verified
PGE-MAN-1011,Manesty,MKI,FEEDER MOTOR GEAR,Product Control,M1-774,39774,104,Catalog photo,/assets/images/catalog-thumbs/manesty-light-v1/6daf2aa1c72e2c0a8351153b-full.webp,/parts/pge-man-1011/,Verified
PGE-MAN-1012,Manesty,MKI,FEEDER MOTOR ADAPTER PLATE,Product Control,M1-776,Not listed in source catalog,104,Catalog photo,/assets/images/catalog-thumbs/manesty-light-v1/e7b7c215b7665cc152415874-full.webp,/parts/pge-man-1012/,Verified
PGE-MAN-1013,Manesty,MKI,FEEDER MOTOR GEAR HOUSING,Product Control,M1-777,Not listed in source catalog,104,Catalog photo,/assets/images/catalog-thumbs/manesty-light-v1/3ed6546a57109dd34b3eca02-full.webp,/parts/pge-man-1013/,Verified
PGE-MAN-1014,Manesty,MKI,RECIRCULATING CHANNEL S.S. - MODIFIED WITH DELRIN WEAR STRIPS,Product Control,M1-780/1,Not listed in source catalog,104,Catalog photo,/assets/images/catalog-thumbs/manesty-light-v1/9aea4c967d7e9b851d7d6c4b-full.webp,/parts/pge-man-1014/,Verified
PGE-MAN-1015,Manesty,MKI,WEAR STRIP,Product Control,M1-780/1-1,Not listed in source catalog,104,Catalog photo,/assets/images/catalog-thumbs/manesty-light-v1/2e2171e8fae9004cb8a4b80f-full.webp,/parts/pge-man-1015/,Verified
PGE-MAN-1016,Manesty,MKI,SHAFT IN COLUMN,Product Control,M1-796,39796,104,Catalog photo,/assets/images/catalog-thumbs/manesty-light-v1/568a1b29f31c9521bb870ddb-full.webp,/parts/pge-man-1016/,Verified
PGE-MAN-1017,Manesty,MKI,SHAFT IN COLUMN,Product Control,M1-796/1,Not listed in source catalog,104,Catalog photo,/assets/images/catalog-thumbs/manesty-light-v1/b16f5dcdede9635abf59c535-full.webp,/parts/pge-man-1017/,Verified
PGE-MAN-1018,Manesty,MKI,SUPPORT PLATE FOR FEEDER,Product Control,M1-801,39801,104,Catalog photo,/assets/images/catalog-thumbs/manesty-light-v1/80efee0d43c5dc6b58f89307-full.webp,/parts/pge-man-1018/,Verified
PGE-MAN-1019,Manesty,MKI,SUPPORT PLATE FOR FEEDER,Product Control,M1-801/1,Not listed in source catalog,104,Catalog photo,/assets/images/catalog-thumbs/manesty-light-v1/6b29a398a2168b4ecb6dd09b-full.webp,/parts/pge-man-1019/,Verified
PGE-MAN-1020,Manesty,MKI,INSERT FOR SUPPORT PLATE,Product Control,M1-801-1,Not listed in source catalog,105,Catalog photo,/assets/images/catalog-thumbs/manesty-light-v1/67dedd4c19b0ab2df9e26194-full.webp,/parts/pge-man-1020/,Verified
PGE-MAN-1021,Manesty,MKI,INNER TAIL OVER DIE SPRING,Product Control,M1-802,39802,105,Catalog photo,/assets/images/catalog-thumbs/manesty-light-v1/c31f4f056b72b23afd26752d-full.webp,/parts/pge-man-1021/,Verified
PGE-MAN-1022,Manesty,MKI,TAKE OFF PLATE,Product Control,M1-858,39858,105,Catalog photo,/assets/images/catalog-thumbs/manesty-light-v1/824003d6425ee176ef1b5b45-full.webp,/parts/pge-man-1022/,Verified
PGE-MAN-1023,Manesty,MKI,PICK-UP SCRAPER,Product Control,M1-878,39878,105,Catalog photo,/assets/images/catalog-thumbs/manesty-light-v1/b4f1c8619e2485b282c1d36b-full.webp,/parts/pge-man-1023/,Verified
PGE-MAN-1024,Manesty,MKI,HOPPER SPINDLE,Product Control,M1-88,39088,105,Catalog photo,/assets/images/catalog-thumbs/manesty-light-v1/29f4b974f38b39b282958f3a-full.webp,/parts/pge-man-1024/,Verified
PGE-MAN-1025,Manesty,MKI,TAIL OVER DIE,Product Control,M1-882,39882,105,Catalog photo,/assets/images/catalog-thumbs/manesty-light-v1/8074fe08a5c9c71f490aceb8-full.webp,/parts/pge-man-1025/,Verified
PGE-MAN-1026,Manesty,MKI,SPRING FOR TAIL OVER DIE,Product Control,M1-883,39883,105,Catalog photo,/assets/images/catalog-thumbs/manesty-light-v1/c8e2fba824501145ccbe3267-full.webp,/parts/pge-man-1026/,Verified
PGE-MAN-1027,Manesty,MKI,INNER TAIL OVER DIE,Product Control,M1-886,39886,105,Catalog photo,/assets/images/catalog-thumbs/manesty-light-v1/3e2225b0cd7ced4a31d5261a-full.webp,/parts/pge-man-1027/,Verified
PGE-MAN-1028,Manesty,MKI,INNER TAIL OVER DIE - DELRIN,Product Control,M1-886-D,Not listed in source catalog,105,Catalog photo,/assets/images/catalog-thumbs/manesty-light-v1/c7968ab9881f1e4c751a1bdd-full.webp,/parts/pge-man-1028/,Verified
PGE-MAN-1029,Manesty,MKI,TOP COVER FOR FEED FRAME,Product Control,M1-923,45923,105,Catalog photo,/assets/images/catalog-thumbs/manesty-light-v1/34ae02b749cf76e3c62ba7bd-full.webp,/parts/pge-man-1029/,Verified
PGE-MAN-1030,Manesty,MKI,FEEDER INLET BOWL,Product Control,M1-958,39958,105,Catalog photo,/assets/images/catalog-thumbs/manesty-light-v1/7a241eb8ad1a93f31f31735b-full.webp,/parts/pge-man-1030/,Verified
PGE-MAN-1031,Manesty,MKI,HOPPER EXTENSION,Product Control,M1-GFCK/1,Not listed in source catalog,105,Catalog photo,/assets/images/catalog-thumbs/manesty-light-v1/4becc2e2afacf5a0d069b242-full.webp,/parts/pge-man-1031/,Verified
PGE-MAN-1032,Manesty,MKI,PILLAR FOR DUST NOZZLE ASSEMBLY,Product Control,M-224,39224,106,Catalog photo,/assets/images/catalog-thumbs/manesty-light-v1/c8f55f7fcbfffa4fe3c6987c-full.webp,/parts/pge-man-1032/,Verified
PGE-MAN-1033,Manesty,MKI,1/2 BSW 2-1/4 SOCKET HEAD CAP SCREW,Product Control,M-259,4923259,106,Catalog photo,/assets/images/catalog-thumbs/manesty-light-v1/a0578587f314f85c866da847-full.webp,/parts/pge-man-1033/,Verified
PGE-MAN-1034,Manesty,MKI,FEEDER INTER GEAR,Product Control,M-28T,39768,106,Catalog photo,/assets/images/catalog-thumbs/manesty-light-v1/388e3dfb7bf46bea7705a709-full.webp,/parts/pge-man-1034/,Verified
PGE-MAN-1035,Manesty,MKI,FEEDER INTER GEAR-FIBER,Product Control,M-28T/F,39767,106,Catalog photo,/assets/images/catalog-thumbs/manesty-light-v1/34b8f0e11e14551f8b6f3d30-full.webp,/parts/pge-man-1035/,Verified
PGE-MAN-1036,Manesty,MKI,ADJUSTMENT NUT,Product Control,M-295,42295,106,Catalog photo,/assets/images/catalog-thumbs/manesty-light-v1/d1b8e74fb534e34b4dd72171-full.webp,/parts/pge-man-1036/,Verified
PGE-MAN-1037,Manesty,MKI,ADJUSTMENT SCREW,Product Control,M-296,42296,106,Catalog photo,/assets/images/catalog-thumbs/manesty-light-v1/29b68153f43e5d342c6d02ea-full.webp,/parts/pge-man-1037/,Verified
PGE-MAN-1038,Manesty,MKI,SCREW FOR SCRAPER BLADE,Product Control,M-50,90350,106,Catalog photo,/assets/images/catalog-thumbs/manesty-light-v1/5dd278feeb6da383250fcae1-full.webp,/parts/pge-man-1038/,Verified
PGE-MAN-1039,Manesty,MKI,CLAMP ON INLET TUBE,Product Control,M-618,39618,106,Catalog photo,/assets/images/catalog-thumbs/manesty-light-v1/693a65969f06835e843099c7-full.webp,/parts/pge-man-1039/,Verified
PGE-MAN-1040,Manesty,MKI,BRACKET ON INLET BOWL,Product Control,M-619,39619,106,Catalog photo,/assets/images/catalog-thumbs/manesty-light-v1/9f00ab198c53bbefce67f09a-full.webp,/parts/pge-man-1040/,Verified
PGE-MAN-1041,Manesty,MKI,INLET CONNECTOR HINGE PLATE,Product Control,M-637,39637,106,Catalog photo,/assets/images/catalog-thumbs/manesty-light-v1/3976dab2ede79a12c1ed7b1e-full.webp,/parts/pge-man-1041/,Verified
PGE-MAN-1042,Manesty,MKI,INLET CONNECTOR GASKET,Product Control,M-638,39638,106,Catalog photo,/assets/images/catalog-thumbs/manesty-light-v1/3616d7b9155fe1246851d8c9-full.webp,/parts/pge-man-1042/,Verified
PGE-MAN-1043,Manesty,MKI,LOCK NUT ON HINGE PLATE,Product Control,M-640,39640,106,Catalog photo,/assets/images/catalog-thumbs/manesty-light-v1/a25edd31d1ae2d09604cbfd2-full.webp,/parts/pge-man-1043/,Verified
PGE-MAN-1044,Manesty,MKI,HOPPER CONNECTOR,Product Control,M-642,39642,106,Catalog photo,/assets/images/catalog-thumbs/manesty-light-v1/bba1a9a500fa421ee91e728f-full.webp,/parts/pge-man-1044/,Verified
PGE-MAN-1045,Manesty,MKI,HOPPER CLAMP SCREW,Product Control,M-67,36067,106,Catalog photo,/assets/images/catalog-thumbs/manesty-light-v1/71ddaeef0ca5408a223d5e10-full.webp,/parts/pge-man-1045/,Verified
PGE-MAN-1046,Manesty,MKI,FLANGED BUSHING - OILITE,Product Control,M-70,39770,106,Catalog photo,/assets/images/catalog-thumbs/manesty-light-v1/b4a5982f7f66144fcfa33c1c-full.webp,/parts/pge-man-1046/,Verified
PGE-MAN-1047,Manesty,MKI,SEAL - PADDLE SHAFT,Product Control,M-71,39771,107,Catalog photo,/assets/images/catalog-thumbs/manesty-light-v1/d168062dc6fe270af1a84806-full.webp,/parts/pge-man-1047/,Verified
PGE-MAN-1048,Manesty,MKI,FEEDER DETENT ASSEMBLY,Product Control,M-763/A,39763A,107,Catalog photo,/assets/images/catalog-thumbs/manesty-light-v1/450f423140abf407c28d065f-full.webp,/parts/pge-man-1048/,Verified
PGE-MAN-1049,Manesty,MKI,INTERMEDIATE GEAR STUD,Product Control,M-773,39773,107,Catalog photo,/assets/images/catalog-thumbs/manesty-light-v1/4c59e4e714ddeb5d5cf88674-full.webp,/parts/pge-man-1049/,Verified
PGE-MAN-1050,Manesty,MKI,STUD IN INTER GEAR STUD,Product Control,M-777,39777,107,Catalog photo,/assets/images/catalog-thumbs/manesty-light-v1/05ddb422c6a317c959e3c255-full.webp,/parts/pge-man-1050/,Verified
PGE-MAN-1051,Manesty,MKI,FEEDER INTER GEAR BUSHING,Product Control,M-778,39778,107,Catalog photo,/assets/images/catalog-thumbs/manesty-light-v1/854b3be99181a8ee9d75896c-full.webp,/parts/pge-man-1051/,Verified
PGE-MAN-1052,Manesty,MKI,BAFFLE,Product Control,M-784,39784,107,Catalog photo,/assets/images/catalog-thumbs/manesty-light-v1/eb5bdd58e72938cb333d9a45-full.webp,/parts/pge-man-1052/,Verified
PGE-MAN-1053,Manesty,MKI,FEEDER COVER WINDOW,Product Control,M-791,39791,107,Catalog photo,/assets/images/catalog-thumbs/manesty-light-v1/fafc4e133a0ae21194d429f1-full.webp,/parts/pge-man-1053/,Verified
PGE-MAN-1054,Manesty,MKI,FEEDER PADDLE DELRIN - SMALL,Product Control,M-797,39797,107,Catalog photo,/assets/images/catalog-thumbs/manesty-light-v1/b14caeaa48ea143cdc5ea71b-full.webp,/parts/pge-man-1054/,Verified
PGE-MAN-1055,Manesty,MKI,FEEDER PADDLE SS - SMALL,Product Control,M-797/SS,Not listed in source catalog,107,Catalog photo,/assets/images/catalog-thumbs/manesty-light-v1/1e4cc19fa607803b705b36cc-full.webp,/parts/pge-man-1055/,Verified
PGE-MAN-1056,Manesty,MKI,FEEDER PADDLE SS - ROUND,Product Control,M-797/SS/1,Not listed in source catalog,107,Catalog photo,/assets/images/catalog-thumbs/manesty-light-v1/c58ba4aba520309f354641de-full.webp,/parts/pge-man-1056/,Verified
PGE-MAN-1057,Manesty,MKI,FEEDER PADDLE DELRIN - LARGE,Product Control,M-798,39798,107,Catalog photo,/assets/images/catalog-thumbs/manesty-light-v1/a30ca300aa48b5629e3a76b7-full.webp,/parts/pge-man-1057/,Verified
PGE-MAN-1058,Manesty,MKI,FEEDER PADDLE SS - LARGE,Product Control,M-798/SS,Not listed in source catalog,107,Catalog photo,/assets/images/catalog-thumbs/manesty-light-v1/4f45090a34ae84eb7ccbf613-full.webp,/parts/pge-man-1058/,Verified
PGE-MAN-1059,Manesty,MKI,CAMLOC RECEPTACLE,Product Control,M-929,45929,107,Catalog photo,/assets/images/catalog-thumbs/manesty-light-v1/2fcfbde55757cf60eecc1efc-full.webp,/parts/pge-man-1059/,Verified
PGE-MAN-1060,Manesty,MKI,DUST NOZZLE KNOB,Product Control,M-96,39096,107,Catalog photo,/assets/images/catalog-thumbs/manesty-light-v1/8f4b488d9e86c8c48e5097e7-full.webp,/parts/pge-man-1060/,Verified
PGE-MAN-1066,Manesty,MKI,RECIRCULATING CHANNEL,Product Control,M1-780,45780,108,Catalog photo,/assets/images/catalog-thumbs/manesty-light-v1/68a09f8b280eb69e884b9e2b-full.webp,/parts/pge-man-1066/,Verified
PGE-MAN-1067,Manesty,MKI,RISER FOR SS FEEDER COVER,Product Control,NP-269,Not listed in source catalog,108,Catalog photo,/assets/images/catalog-thumbs/manesty-light-v1/25f1453bc076d8def35cb07d-full.webp,/parts/pge-man-1067/,Verified
PGE-MAN-1068,Manesty,MKI,PICK UP SCRAPER DELRIN,Product Control,M1-878-D,39878,108,Catalog photo,/assets/images/catalog-thumbs/manesty-light-v1/235ac93e5e2a15722cdb2a12-full.webp,/parts/pge-man-1068/,Verified
PGE-MAN-1071,Manesty,MKI,DIE LOCK SCREW,Turret Hardware,DL-50/3,45120,108,Catalog photo,/assets/images/catalog-thumbs/manesty-light-v1/535e9b69faddf2284d1f5146-full.webp,/parts/pge-man-1071/,Verified
PGE-MAN-1072,Manesty,MKI,DIE LOCK SCREW,Turret Hardware,DL-62/2,"45423, 11203011",108,Catalog photo,/assets/images/catalog-thumbs/manesty-light-v1/f6e555c60d82d14fc9c64f97-full.webp,/parts/pge-man-1072/,Verified
PGE-MAN-1073,Manesty,MKI,DIE LOCK SCREW,Turret Hardware,DL-67,Not listed in source catalog,108,Catalog photo,/assets/images/catalog-thumbs/manesty-light-v1/334d8be96e43f4e8f2b8fc9b-full.webp,/parts/pge-man-1073/,Verified
PGE-MAN-1074,Manesty,MKI,DIE LOCK SCREW,Turret Hardware,DL-75/1,"45424, 11203012",108,Catalog photo,/assets/images/catalog-thumbs/manesty-light-v1/dad933fff3ea56e1f9ea69cf-full.webp,/parts/pge-man-1074/,Verified
PGE-MAN-1075,Manesty,MKI,DIE LOCK SCREW,Turret Hardware,DL-88,39388,108,Catalog photo,/assets/images/catalog-thumbs/manesty-light-v1/90793f0038fb6822ea3e54f8-full.webp,/parts/pge-man-1075/,Verified
PGE-MAN-1076,Manesty,MKI,THRUST BEARING,Turret Hardware,M1-156,39156,108,Catalog photo,/assets/images/catalog-thumbs/manesty-light-v1/c3fdc3ac32159304989b2753-full.webp,/parts/pge-man-1076/,Verified
PGE-MAN-1077,Manesty,MKI,BUSHING ON COLUMN (1 SET OF 2),Turret Hardware,M1-253,39253,109,Catalog photo,/assets/images/catalog-thumbs/manesty-light-v1/9c6a111d8c89ff892355728d-full.webp,/parts/pge-man-1077/,Verified
PGE-MAN-1078,Manesty,MKI,LOCKING SCREW FOR PUNCH LOADING PLUG,Turret Hardware,M1-708,39708,109,Catalog photo,/assets/images/catalog-thumbs/manesty-light-v1/908c2ffad7fde8d4345a332e-full.webp,/parts/pge-man-1078/,Verified
PGE-MAN-1079,Manesty,MKI,PUNCH HOLDING PLUG,Turret Hardware,M-304,39304,109,Catalog photo,/assets/images/catalog-thumbs/manesty-light-v1/230a4e88b93676ed15fad0a8-full.webp,/parts/pge-man-1079/,Verified
PGE-MAN-1080,Manesty,MKI,PUNCH HOLDING PLUG,Turret Hardware,M-331,39331,109,Catalog photo,/assets/images/catalog-thumbs/manesty-light-v1/e6e4468ce260718b8987c332-full.webp,/parts/pge-man-1080/,Verified
PGE-MAN-1081,Manesty,MKI,BAFFLE PLATE ON TURRET,Turret Hardware,M-467,39467,109,Catalog photo,/assets/images/catalog-thumbs/manesty-light-v1/a95e54b8887383c01a6a28b1-full.webp,/parts/pge-man-1081/,Verified
PGE-MAN-1082,Manesty,MKI,LOWER PUNCH SCRAPER SEAL,Turret Hardware,M-643,45643,109,Catalog photo,/assets/images/catalog-thumbs/manesty-light-v1/76503beb6cb405c426fb045b-full.webp,/parts/pge-man-1082/,Verified
PGE-MAN-1083,Manesty,MKI,LOWER PUNCH RETAINER SCREW,Turret Hardware,M-69,39690,109,Catalog photo,/assets/images/catalog-thumbs/manesty-light-v1/069f2d3e54106056318a0a3f-full.webp,/parts/pge-man-1083/,Verified
PGE-MAN-1084,Manesty,MKI,LOWER PUNCH SCRAPER SEAL - ‘D’ TOOLING,Turret Hardware,N-100,42216,109,Catalog photo,/assets/images/catalog-thumbs/manesty-light-v1/566b63eccd2d316272f38e39-full.webp,/parts/pge-man-1084/,Verified
PGE-MAN-1085,Manesty,MKI,SEAL INSTALLATION TOOL- ‘D’ TOOLING,Turret Hardware,N-100/1,Not listed in source catalog,109,Catalog photo,/assets/images/catalog-thumbs/manesty-light-v1/b538d8e5fd82ebdf204b2382-full.webp,/parts/pge-man-1085/,Verified
PGE-MAN-1086,Manesty,MKI,LOWER PUNCH SCRAPER SEAL ‘B’ TOOLING,Turret Hardware,N-750,44143,109,Catalog photo,/assets/images/catalog-thumbs/manesty-light-v1/81067df9151dcf115566cb1f-full.webp,/parts/pge-man-1086/,Verified
PGE-MAN-1087,Manesty,MKI,SEAL INSTALLATION TOOL ’B’ TOOLING,Turret Hardware,N-750/1,Not listed in source catalog,109,Catalog photo,/assets/images/catalog-thumbs/manesty-light-v1/3e3dccea2f3734881636ce9f-full.webp,/parts/pge-man-1087/,Verified
PGE-MAN-1090,Manesty,MKI,LOWER PUNCH RETAINER SPRING,Turret Hardware,SP-249,39249,109,Catalog photo,/assets/images/catalog-thumbs/manesty-light-v1/dfb461fd42a9ab93149349be-full.webp,/parts/pge-man-1090/,Verified
PGE-MAN-1091,Manesty,MKI,37 STATION TURRET ASSEMBLY*,Turrets,M1-37T/A,39367,109,Catalog photo,/assets/images/catalog-thumbs/manesty-light-v1/240ac71f0c86ebdbefe75a84-full.webp,/parts/pge-man-1091/,Verified
PGE-MAN-1092,Manesty,MKI,45 STATION TURRET ASSEMBLY*,Turrets,M1-45T/A,45203,110,Catalog photo,/assets/images/catalog-thumbs/manesty-light-v1/8bd5b3e86f19972577a56ada-full.webp,/parts/pge-man-1092/,Verified
PGE-MAN-1093,Manesty,MKI,45 STATION TURRET ASSEMBLY* - STAINLESS DIE TABLE,Turrets,M1-45TS/A,Not listed in source catalog,110,Catalog photo,/assets/images/catalog-thumbs/manesty-light-v1/4c0f57b1cf7db9d889981795-full.webp,/parts/pge-man-1093/,Verified
PGE-MAN-1094,Manesty,MKI,55 STATION TURRET ASSEMBLY*,Turrets,M1-55T/A,45204,110,Catalog photo,/assets/images/catalog-thumbs/manesty-light-v1/8ce618077c2caddb38fb9afa-full.webp,/parts/pge-man-1094/,Verified
PGE-MAN-1095,Manesty,MKI,61 STATION TURRET ASSEMBLY*,Turrets,M1-61T/A,45421,110,Catalog photo,/assets/images/catalog-thumbs/manesty-light-v1/eb86d26a5fa5fa082490d1c4-full.webp,/parts/pge-man-1095/,Verified
PGE-MAN-1096,Manesty,MKI,CLAMP STRIP FOR UPPER LOWERING CAM,Upper Cam Tracks,M1-123,56123,110,Catalog photo,/assets/images/catalog-thumbs/manesty-light-v1/325f6b0944b78a1d44100494-full.webp,/parts/pge-man-1096/,Verified
PGE-MAN-1097,Manesty,MKI,WEAR STRIP FOR UPPER LOWERING CAM,Upper Cam Tracks,M1-25,56125,110,Catalog photo,/assets/images/catalog-thumbs/manesty-light-v1/8d89994a1a660cdbe02d11ce-full.webp,/parts/pge-man-1097/,Verified
PGE-MAN-1098,Manesty,MKI,WEAR PLATE WITHOUT SLOT,Upper Cam Tracks,MB1-06,39606,110,Catalog photo,/assets/images/catalog-thumbs/manesty-light-v1/6b118aad46f60c1725f46d11-full.webp,/parts/pge-man-1098/,Verified
PGE-MAN-1099,Manesty,MKI,WEAR PLATE WITH SLOT,Upper Cam Tracks,MB1-07,39607,110,Catalog photo,/assets/images/catalog-thumbs/manesty-light-v1/030728f5ad5f8b5b927150e3-full.webp,/parts/pge-man-1099/,Verified
PGE-MAN-1100,Manesty,MKI,UPPER LIFTING CAM - EU B,Upper Cam Tracks,MB1-312,39312,110,Catalog photo,/assets/images/catalog-thumbs/manesty-light-v1/0e46aa1936f934b8f86a1d7e-full.webp,/parts/pge-man-1100/,Verified
PGE-MAN-1101,Manesty,MKI,CAM BEHIND PRESSURE ROLL - EU B,Upper Cam Tracks,MB1-314,39314,110,Catalog photo,/assets/images/catalog-thumbs/manesty-light-v1/3107f75d156384b895a45367-full.webp,/parts/pge-man-1101/,Verified
PGE-MAN-1102,Manesty,MKI,INSERT IN WEAR PLATE,Upper Cam Tracks,MB1-609,39609,110,Catalog photo,/assets/images/catalog-thumbs/manesty-light-v1/c7c6f3ed67a221ef9fefb6b0-full.webp,/parts/pge-man-1102/,Verified
PGE-MAN-1103,Manesty,MKI,UPPER LOWERING CAM - IPT B,Upper Cam Tracks,MB1-994,39994,110,Catalog photo,/assets/images/catalog-thumbs/manesty-light-v1/c95d89896a66e025f86fedf7-full.webp,/parts/pge-man-1103/,Verified
PGE-MAN-1104,Manesty,MKI,UPPER LIFTING CAM - IPT B,Upper Cam Tracks,MB1-995,39995,110,Catalog photo,/assets/images/catalog-thumbs/manesty-light-v1/38a7c9146f5b8e19b5a8af3a-full.webp,/parts/pge-man-1104/,Verified
PGE-MAN-1105,Manesty,MKI,UPPER LOWERING CAM - EU & IPT D,Upper Cam Tracks,MD1-283,39283,110,Catalog photo,/assets/images/catalog-thumbs/manesty-light-v1/a36482122f1c8479939e6282-full.webp,/parts/pge-man-1105/,Verified
