sku,part_name,manufacturer_reference,model_reference,image_path,identity_source,technical_description_status,search_alias_status,landing_page
PGE-K300-001,Main Roller Bearing,Korsch,Model unresolved,/assets/images/parts/korsch-300/pge-k300-001.webp,Existing catalog card and image-path model folder,Catalog-confirmed engineering note,Format and terminology variants generated from confirmed part name,/parts/pge-k300-001/
PGE-K300-002,Journal Bearing Upper Pre-Compression,Korsch,Model unresolved,/assets/images/parts/korsch-300/pge-k300-002.webp,Existing catalog card and image-path model folder,Catalog-confirmed engineering note,Format and terminology variants generated from confirmed part name,/parts/pge-k300-002/
PGE-K300-003,Main Compression Roller,Korsch,Model unresolved,/assets/images/parts/korsch-300/pge-k300-003.webp,Existing catalog card and image-path model folder,Catalog-confirmed engineering note,Format and terminology variants generated from confirmed part name,/parts/pge-k300-003/
PGE-K300-004,Main Compression Roller Alternate Configuration,Korsch,Model unresolved,/assets/images/parts/korsch-300/pge-k300-004.webp,Existing catalog card and image-path model folder,Catalog-confirmed engineering note,Format and terminology variants generated from confirmed part name,/parts/pge-k300-004/
PGE-K300-005,Pre-Compression Roller,Korsch,Model unresolved,/assets/images/parts/korsch-300/pge-k300-005.webp,Existing catalog card and image-path model folder,Catalog-confirmed engineering note,Format and terminology variants generated from confirmed part name,/parts/pge-k300-005/
PGE-K300-006,Pre-Compression Roller ML,Korsch,Model unresolved,/assets/images/parts/korsch-300/pge-k300-006.webp,Existing catalog card and image-path model folder,Catalog-confirmed engineering note,Format and terminology variants generated from confirmed part name,/parts/pge-k300-006/
PGE-K300-007,Pre-Compression Shaft,Korsch,Model unresolved,/assets/images/parts/korsch-300/pge-k300-007.webp,Existing catalog card and image-path model folder,Catalog-confirmed engineering note,Format and terminology variants generated from confirmed part name,/parts/pge-k300-007/
PGE-K300-008,Pre-Compression Upper Inner Arm,Korsch,Model unresolved,/assets/images/parts/korsch-300/pge-k300-008.webp,Existing catalog card and image-path model folder,Catalog-confirmed engineering note,Format and terminology variants generated from confirmed part name,/parts/pge-k300-008/
PGE-K300-009,Pre-Compression Upper Outer Arm,Korsch,Model unresolved,/assets/images/parts/korsch-300/pge-k300-009.webp,Existing catalog card and image-path model folder,Catalog-confirmed engineering note,Format and terminology variants generated from confirmed part name,/parts/pge-k300-009/
PGE-K300-010,Eccentric Shaft Lower Pre-Compression,Korsch,Model unresolved,/assets/images/parts/korsch-300/pge-k300-010.webp,Existing catalog card and image-path model folder,Catalog-confirmed engineering note,Format and terminology variants generated from confirmed part name,/parts/pge-k300-010/
PGE-K300-011,Cam Behind Upper Roller,Korsch,Model unresolved,/assets/images/parts/korsch-300/pge-k300-011.webp,Existing catalog card and image-path model folder,Catalog-confirmed engineering note,Format and terminology variants generated from confirmed part name,/parts/pge-k300-011/
PGE-K300-012,Guide Dosing Cam Bolt,Korsch,Model unresolved,/assets/images/parts/korsch-300/pge-k300-012.webp,Existing catalog card and image-path model folder,Catalog-confirmed engineering note,Format and terminology variants generated from confirmed part name,/parts/pge-k300-012/
PGE-K300-013,Feeder Paddle Right,Korsch,Model unresolved,/assets/images/parts/korsch-300/pge-k300-013.webp,Existing catalog card and image-path model folder,Catalog-confirmed engineering note,Format and terminology variants generated from confirmed part name,/parts/pge-k300-013/
PGE-K300-014,Feeder Paddle Left,Korsch,Model unresolved,/assets/images/parts/korsch-300/pge-k300-014.webp,Existing catalog card and image-path model folder,Catalog-confirmed engineering note,Format and terminology variants generated from confirmed part name,/parts/pge-k300-014/
PGE-K300-015,PTFE Seal With Lip,Korsch,Model unresolved,/assets/images/parts/korsch-300/pge-k300-015.webp,Existing catalog card and image-path model folder,Catalog-confirmed engineering note,Format and terminology variants generated from confirmed part name,/parts/pge-k300-015/
PGE-K300-016,Three Quarter Inch Punch Seal,Korsch,Model unresolved,/assets/images/parts/korsch-300/pge-k300-016.webp,Existing catalog card and image-path model folder,Catalog-confirmed engineering note,Format and terminology variants generated from confirmed part name,/parts/pge-k300-016/
PGE-K300-017,Discharge Chute Sensor Holder,Korsch,Model unresolved,/assets/images/parts/korsch-300/pge-k300-017.webp,Existing catalog card and image-path model folder,Catalog-confirmed engineering note,Format and terminology variants generated from confirmed part name,/parts/pge-k300-017/
PGE-K300-018,Bearing Block Lower Pre-Compression,Korsch,Model unresolved,/assets/images/parts/korsch-300/pge-k300-018.webp,Existing catalog card and image-path model folder,Catalog-confirmed engineering note,Format and terminology variants generated from confirmed part name,/parts/pge-k300-018/
PGE-K300-019,Bearing Block Upper Pre-Compression,Korsch,Model unresolved,/assets/images/parts/korsch-300/pge-k300-019.webp,Existing catalog card and image-path model folder,Catalog-confirmed engineering note,Format and terminology variants generated from confirmed part name,/parts/pge-k300-019/
PGE-K300-020,Eccentric Shaft Upper Pre-Compression,Korsch,Model unresolved,/assets/images/parts/korsch-300/pge-k300-020.webp,Existing catalog card and image-path model folder,Catalog-confirmed engineering note,Format and terminology variants generated from confirmed part name,/parts/pge-k300-020/
PGE-K300-021,Transition Cam Fill to Dosing,Korsch,Model unresolved,/assets/images/parts/korsch-300/pge-k300-021.webp,Existing catalog card and image-path model folder,Catalog-confirmed engineering note,Format and terminology variants generated from confirmed part name,/parts/pge-k300-021/
PGE-K300-022,Transition Cam Dosing to Pre-Compression,Korsch,Model unresolved,/assets/images/parts/korsch-300/pge-k300-022.webp,Existing catalog card and image-path model folder,Catalog-confirmed engineering note,Format and terminology variants generated from confirmed part name,/parts/pge-k300-022/
PGE-K300-023,Upper Punch Tight Toe Cam,Korsch,Model unresolved,/assets/images/parts/korsch-300/pge-k300-023.webp,Existing catalog card and image-path model folder,Catalog-confirmed engineering note,Format and terminology variants generated from confirmed part name,/parts/pge-k300-023/
PGE-K300-024,Feeder Paddle Gear,Korsch,Model unresolved,/assets/images/parts/korsch-300/pge-k300-024.webp,Existing catalog card and image-path model folder,Catalog-confirmed engineering note,Format and terminology variants generated from confirmed part name,/parts/pge-k300-024/
PGE-K300-025,Zero Clearance Feeder Pan Assembly,Korsch,Model unresolved,/assets/images/parts/korsch-300/pge-k300-025.webp,Existing catalog card and image-path model folder,Catalog-confirmed engineering note,Format and terminology variants generated from confirmed part name,/parts/pge-k300-025/
PGE-K300-026,Zero Clearance Feeder Pan,Korsch,Model unresolved,/assets/images/parts/korsch-300/pge-k300-026.webp,Existing catalog card and image-path model folder,Catalog-confirmed engineering note,Format and terminology variants generated from confirmed part name,/parts/pge-k300-026/
PGE-K300-027,Stripper for Feeder,Korsch,Model unresolved,/assets/images/parts/korsch-300/pge-k300-027.webp,Existing catalog card and image-path model folder,Catalog-confirmed engineering note,Format and terminology variants generated from confirmed part name,/parts/pge-k300-027/
PGE-K300-028,Tablet Sticking Device,Korsch,Model unresolved,/assets/images/parts/korsch-300/pge-k300-028.webp,Existing catalog card and image-path model folder,Catalog-confirmed engineering note,Format and terminology variants generated from confirmed part name,/parts/pge-k300-028/
PGE-K300-029,Tail Over Die,Korsch,Model unresolved,/assets/images/parts/korsch-300/pge-k300-029.webp,Existing catalog card and image-path model folder,Catalog-confirmed engineering note,Format and terminology variants generated from confirmed part name,/parts/pge-k300-029/
PGE-K300-030,Lower Punch Safety Rail,Korsch,Model unresolved,/assets/images/parts/korsch-300/pge-k300-030.webp,Existing catalog card and image-path model folder,Catalog-confirmed engineering note,Format and terminology variants generated from confirmed part name,/parts/pge-k300-030/
PGE-K300-031,Lower Punch Tight,Korsch,Model unresolved,/assets/images/parts/korsch-300/pge-k300-031.webp,Existing catalog card and image-path model folder,Catalog-confirmed engineering note,Format and terminology variants generated from confirmed part name,/parts/pge-k300-031/
PGE-K300-032,Lower Punch Hold Down,Korsch,Model unresolved,/assets/images/parts/korsch-300/pge-k300-032.webp,Existing catalog card and image-path model folder,Catalog-confirmed engineering note,Format and terminology variants generated from confirmed part name,/parts/pge-k300-032/
PGE-K300-033,Upper Tight Cam,Korsch,Model unresolved,/assets/images/parts/korsch-300/pge-k300-033.webp,Existing catalog card and image-path model folder,Catalog-confirmed engineering note,Format and terminology variants generated from confirmed part name,/parts/pge-k300-033/
PGE-K300-034,Upper Punch Access Cam,Korsch,Model unresolved,/assets/images/parts/korsch-300/pge-k300-034.webp,Existing catalog card and image-path model folder,Catalog-confirmed engineering note,Format and terminology variants generated from confirmed part name,/parts/pge-k300-034/
PGE-K300-035,Fill Cam Rail Pin,Korsch,Model unresolved,/assets/images/parts/korsch-300/pge-k300-035.webp,Existing catalog card and image-path model folder,Catalog-confirmed engineering note,Format and terminology variants generated from confirmed part name,/parts/pge-k300-035/
PGE-K300-036,Hopper Sensor Holder,Korsch,Model unresolved,/assets/images/parts/korsch-300/pge-k300-036.webp,Existing catalog card and image-path model folder,Catalog-confirmed engineering note,Format and terminology variants generated from confirmed part name,/parts/pge-k300-036/
PGE-K300-037,Inner Arm Pre-Compression Lower,Korsch,Model unresolved,/assets/images/parts/korsch-300/pge-k300-037.webp,Existing catalog card and image-path model folder,Catalog-confirmed engineering note,Format and terminology variants generated from confirmed part name,/parts/pge-k300-037/
PGE-K300-038,Outer Arm Pre-Compression Lower,Korsch,Model unresolved,/assets/images/parts/korsch-300/pge-k300-038.webp,Existing catalog card and image-path model folder,Catalog-confirmed engineering note,Format and terminology variants generated from confirmed part name,/parts/pge-k300-038/
PGE-K300-039,Pressure Spring,Korsch,Model unresolved,/assets/images/parts/korsch-300/pge-k300-039.webp,Existing catalog card and image-path model folder,Catalog-confirmed engineering note,Format and terminology variants generated from confirmed part name,/parts/pge-k300-039/
PGE-K300-040,Scraper,Korsch,Model unresolved,/assets/images/parts/korsch-300/pge-k300-040.webp,Existing catalog card and image-path model folder,Catalog-confirmed engineering note,Format and terminology variants generated from confirmed part name,/parts/pge-k300-040/
PGE-K300-041,Scraper Mount,Korsch,Model unresolved,/assets/images/parts/korsch-300/pge-k300-041.webp,Existing catalog card and image-path model folder,Catalog-confirmed engineering note,Format and terminology variants generated from confirmed part name,/parts/pge-k300-041/
PGE-K300-042,Sensor Cover Discharge Area,Korsch,Model unresolved,/assets/images/parts/korsch-300/pge-k300-042.webp,Existing catalog card and image-path model folder,Catalog-confirmed engineering note,Format and terminology variants generated from confirmed part name,/parts/pge-k300-042/
PGE-K300-043,Sensor Cover Hopper Area,Korsch,Model unresolved,/assets/images/parts/korsch-300/pge-k300-043.webp,Existing catalog card and image-path model folder,Catalog-confirmed engineering note,Format and terminology variants generated from confirmed part name,/parts/pge-k300-043/
PGE-K300-044,Tail Over Die Mount,Korsch,Model unresolved,/assets/images/parts/korsch-300/pge-k300-044.webp,Existing catalog card and image-path model folder,Catalog-confirmed engineering note,Format and terminology variants generated from confirmed part name,/parts/pge-k300-044/
PGE-K300-045,Feeder Insert,Korsch,Model unresolved,/assets/images/parts/korsch-300/pge-k300-045.webp,Existing catalog card and image-path model folder,Catalog-confirmed engineering note,Format and terminology variants generated from confirmed part name,/parts/pge-k300-045/
PGE-K300-046,Feeder Paddle,Korsch,Model unresolved,/assets/images/parts/korsch-300/pge-k300-046.webp,Existing catalog card and image-path model folder,Catalog-confirmed engineering note,Format and terminology variants generated from confirmed part name,/parts/pge-k300-046/
PGE-K300-047,Ejection Cam Ramp,Korsch,Model unresolved,/assets/images/parts/korsch-300/pge-k300-047.webp,Existing catalog card and image-path model folder,Catalog-confirmed engineering note,Format and terminology variants generated from confirmed part name,/parts/pge-k300-047/
PGE-K300-048,Ejection Segment,Korsch,Model unresolved,/assets/images/parts/korsch-300/pge-k300-048.webp,Existing catalog card and image-path model folder,Catalog-confirmed engineering note,Format and terminology variants generated from confirmed part name,/parts/pge-k300-048/
PGE-K300-049,Oil Pipe Cam,Korsch,Model unresolved,/assets/images/parts/korsch-300/pge-k300-049.webp,Existing catalog card and image-path model folder,Catalog-confirmed engineering note,Format and terminology variants generated from confirmed part name,/parts/pge-k300-049/
PGE-MAN-001,Hopper With Bracket,Manesty,Model unresolved,/assets/images/parts/manesty/b3b/hopper-with-bracket.webp,Existing catalog card and image-path model folder,Identity confirmed; detailed function pending technical review,Format and terminology variants generated from confirmed part name,/parts/pge-man-001/
PGE-MAN-002,Lower Cam Track,Manesty,B3B,/assets/images/parts/manesty/b3b/lower-cam-track.webp,Existing catalog card and image-path model folder,Identity confirmed; detailed function pending technical review,Format and terminology variants generated from confirmed part name,/parts/pge-man-002/
PGE-MAN-003,Left Hand Feeder Paddle,Manesty,Model unresolved,/assets/images/parts/manesty/bb4/left-hand-feeder-paddle.webp,Existing catalog card and image-path model folder,Identity confirmed; detailed function pending technical review,Format and terminology variants generated from confirmed part name,/parts/pge-man-003/
PGE-MAN-004,Right Hand Feeder Paddle,Manesty,Model unresolved,/assets/images/parts/manesty/bb4/right-hand-feeder-paddle.webp,Existing catalog card and image-path model folder,Identity confirmed; detailed function pending technical review,Format and terminology variants generated from confirmed part name,/parts/pge-man-004/
PGE-MAN-005,2 Inch Round Nut,Manesty,Model unresolved,/assets/images/parts/manesty/betapress/2-inch-round-nut.webp,Existing catalog card and image-path model folder,Identity confirmed; detailed function pending technical review,Format and terminology variants generated from confirmed part name,/parts/pge-man-005/
PGE-MAN-006,Anti Vibration Mount,Manesty,Model unresolved,/assets/images/parts/manesty/betapress/anti-vibration-mount.webp,Existing catalog card and image-path model folder,Identity confirmed; detailed function pending technical review,Format and terminology variants generated from confirmed part name,/parts/pge-man-006/
PGE-MAN-007,Bearing For Handwheel,Manesty,Model unresolved,/assets/images/parts/manesty/betapress/bearing-for-handwheel.webp,Existing catalog card and image-path model folder,Identity confirmed; detailed function pending technical review,Format and terminology variants generated from confirmed part name,/parts/pge-man-007/
PGE-MAN-008,Column Bearing Bush,Manesty,Betapress,/assets/images/parts/manesty/betapress/column-bearing-bush.webp,Existing catalog card and image-path model folder,Identity confirmed; detailed function pending technical review,Format and terminology variants generated from confirmed part name,/parts/pge-man-008/
PGE-MAN-009,Column Bushing,Manesty,Model unresolved,/assets/images/parts/manesty/betapress/column-bushing.webp,Existing catalog card and image-path model folder,Identity confirmed; detailed function pending technical review,Format and terminology variants generated from confirmed part name,/parts/pge-man-009/
PGE-MAN-010,Coned Die Screw Assemblies,Manesty,Model unresolved,/assets/images/parts/manesty/betapress/coned-die-screw-assemblies.webp,Existing catalog card and image-path model folder,Identity confirmed; detailed function pending technical review,Format and terminology variants generated from confirmed part name,/parts/pge-man-010/
PGE-MAN-011,Cover Over Scraper,Manesty,Model unresolved,/assets/images/parts/manesty/betapress/cover-over-scraper.webp,Existing catalog card and image-path model folder,Identity confirmed; detailed function pending technical review,Format and terminology variants generated from confirmed part name,/parts/pge-man-011/
PGE-MAN-012,Drive Belt,Manesty,Model unresolved,/assets/images/parts/manesty/betapress/drive-belt.webp,Existing catalog card and image-path model folder,Identity confirmed; detailed function pending technical review,Format and terminology variants generated from confirmed part name,/parts/pge-man-012/
PGE-MAN-013,Ejection Cam,Manesty,BETAPRESS,/assets/images/parts/manesty/betapress/ejection-cam.webp,Existing catalog card and image-path model folder,Identity confirmed; detailed function pending technical review,Format and terminology variants generated from confirmed part name,/parts/pge-man-013/
PGE-MAN-014,Extension Ring,Manesty,Model unresolved,/assets/images/parts/manesty/betapress/extension-ring.webp,Existing catalog card and image-path model folder,Identity confirmed; detailed function pending technical review,Format and terminology variants generated from confirmed part name,/parts/pge-man-014/
PGE-MAN-015,Feed Chute For Manual Feed Plate,Manesty,Model unresolved,/assets/images/parts/manesty/betapress/feed-chute-for-manual-feed-plate.webp,Existing catalog card and image-path model folder,Identity confirmed; detailed function pending technical review,Format and terminology variants generated from confirmed part name,/parts/pge-man-015/
PGE-MAN-016,Feed Frame For Power Feeder,Manesty,Model unresolved,/assets/images/parts/manesty/betapress/feed-frame-for-power-feeder.webp,Existing catalog card and image-path model folder,Identity confirmed; detailed function pending technical review,Format and terminology variants generated from confirmed part name,/parts/pge-man-016/
PGE-MAN-017,Feeder Base,Manesty,Model unresolved,/assets/images/parts/manesty/betapress/feeder-base.webp,Existing catalog card and image-path model folder,Identity confirmed; detailed function pending technical review,Format and terminology variants generated from confirmed part name,/parts/pge-man-017/
PGE-MAN-018,Feeder Gear 32 T,Manesty,Model unresolved,/assets/images/parts/manesty/betapress/feeder-gear-32-t.webp,Existing catalog card and image-path model folder,Identity confirmed; detailed function pending technical review,Format and terminology variants generated from confirmed part name,/parts/pge-man-018/
PGE-MAN-019,Feeder Gear 36T,Manesty,Model unresolved,/assets/images/parts/manesty/betapress/feeder-gear-36t.webp,Existing catalog card and image-path model folder,Identity confirmed; detailed function pending technical review,Format and terminology variants generated from confirmed part name,/parts/pge-man-019/
PGE-MAN-020,Feeder Gear - Steel,Manesty,BETAPRESS,/assets/images/parts/manesty/betapress/feeder-gear-steel.webp,Existing catalog card and image-path model folder,Identity confirmed; detailed function pending technical review,Format and terminology variants generated from confirmed part name,/parts/pge-man-020/
PGE-MAN-021,Feeder Gear,Manesty,Betapress,/assets/images/parts/manesty/betapress/feeder-gear.webp,Existing catalog card and image-path model folder,Identity confirmed; detailed function pending technical review,Format and terminology variants generated from confirmed part name,/parts/pge-man-021/
PGE-MAN-022,Feeder Inter Gear Bushing,Manesty,BETAPRESS,/assets/images/parts/manesty/betapress/feeder-inter-gear-bushing.webp,Existing catalog card and image-path model folder,Identity confirmed; detailed function pending technical review,Format and terminology variants generated from confirmed part name,/parts/pge-man-022/
PGE-MAN-023,Feeder Leveling Screw New Table,Manesty,Model unresolved,/assets/images/parts/manesty/betapress/feeder-leveling-screw-new-table.webp,Existing catalog card and image-path model folder,Identity confirmed; detailed function pending technical review,Format and terminology variants generated from confirmed part name,/parts/pge-man-023/
PGE-MAN-024,Feeder Motor Connector,Manesty,Model unresolved,/assets/images/parts/manesty/betapress/feeder-motor-connector.webp,Existing catalog card and image-path model folder,Identity confirmed; detailed function pending technical review,Format and terminology variants generated from confirmed part name,/parts/pge-man-024/
PGE-MAN-025,Feeder Paddle Single Side,Manesty,Model unresolved,/assets/images/parts/manesty/betapress/feeder-paddle-single-side.webp,Existing catalog card and image-path model folder,Identity confirmed; detailed function pending technical review,Format and terminology variants generated from confirmed part name,/parts/pge-man-025/
PGE-MAN-026,Feeder Pan Gasket,Manesty,Model unresolved,/assets/images/parts/manesty/betapress/feeder-pan-gasket.webp,Existing catalog card and image-path model folder,Identity confirmed; detailed function pending technical review,Format and terminology variants generated from confirmed part name,/parts/pge-man-026/
PGE-MAN-027,Feeder Pivot Bolt,Manesty,Model unresolved,/assets/images/parts/manesty/betapress/feeder-pivot-bolt.webp,Existing catalog card and image-path model folder,Identity confirmed; detailed function pending technical review,Format and terminology variants generated from confirmed part name,/parts/pge-man-027/
PGE-MAN-028,Feeder Plate,Manesty,Model unresolved,/assets/images/parts/manesty/betapress/feeder-plate.webp,Existing catalog card and image-path model folder,Identity confirmed; detailed function pending technical review,Format and terminology variants generated from confirmed part name,/parts/pge-man-028/
PGE-MAN-029,Fill Cam 11 16 Ipt B,Manesty,Model unresolved,/assets/images/parts/manesty/betapress/fill-cam-11-16-ipt-b.webp,Existing catalog card and image-path model folder,Identity confirmed; detailed function pending technical review,Format and terminology variants generated from confirmed part name,/parts/pge-man-029/
PGE-MAN-030,Fill Cam Eu B,Manesty,Model unresolved,/assets/images/parts/manesty/betapress/fill-cam-eu-b.webp,Existing catalog card and image-path model folder,Identity confirmed; detailed function pending technical review,Format and terminology variants generated from confirmed part name,/parts/pge-man-030/
PGE-MAN-031,Front Rear Lower Cam Track Guard,Manesty,Model unresolved,/assets/images/parts/manesty/betapress/front-rear-lower-cam-track-guard.webp,Existing catalog card and image-path model folder,Identity confirmed; detailed function pending technical review,Format and terminology variants generated from confirmed part name,/parts/pge-man-031/
PGE-MAN-032,Green Pushbutton,Manesty,Model unresolved,/assets/images/parts/manesty/betapress/green-pushbutton.webp,Existing catalog card and image-path model folder,Identity confirmed; detailed function pending technical review,Format and terminology variants generated from confirmed part name,/parts/pge-man-032/
PGE-MAN-033,Guard For Feeder Gears,Manesty,Model unresolved,/assets/images/parts/manesty/betapress/guard-for-feeder-gears.webp,Existing catalog card and image-path model folder,Identity confirmed; detailed function pending technical review,Format and terminology variants generated from confirmed part name,/parts/pge-man-033/
PGE-MAN-034,Handle For Speed Adjust Hand Wheel,Manesty,Model unresolved,/assets/images/parts/manesty/betapress/handle-for-speed-adjust-hand-wheel.webp,Existing catalog card and image-path model folder,Identity confirmed; detailed function pending technical review,Format and terminology variants generated from confirmed part name,/parts/pge-man-034/
PGE-MAN-035,Handwheel,Manesty,BETAPRESS,/assets/images/parts/manesty/betapress/handwheel.webp,Existing catalog card and image-path model folder,Identity confirmed; detailed function pending technical review,Format and terminology variants generated from confirmed part name,/parts/pge-man-035/
PGE-MAN-036,Inlet On Feeder,Manesty,Model unresolved,/assets/images/parts/manesty/betapress/inlet-on-feeder.webp,Existing catalog card and image-path model folder,Identity confirmed; detailed function pending technical review,Format and terminology variants generated from confirmed part name,/parts/pge-man-036/
PGE-MAN-037,Intermediate Gear Bushing,Manesty,Model unresolved,/assets/images/parts/manesty/betapress/intermediate-gear-bushing.webp,Existing catalog card and image-path model folder,Identity confirmed; detailed function pending technical review,Format and terminology variants generated from confirmed part name,/parts/pge-man-037/
PGE-MAN-038,Left Hand Lower Cam Track Guard,Manesty,BETAPRESS,/assets/images/parts/manesty/betapress/left-hand-lower-cam-track-guard.webp,Existing catalog card and image-path model folder,Identity confirmed; detailed function pending technical review,Format and terminology variants generated from confirmed part name,/parts/pge-man-038/
PGE-MAN-039,Locking Screw,Manesty,Model unresolved,/assets/images/parts/manesty/betapress/locking-screw.webp,Existing catalog card and image-path model folder,Identity confirmed; detailed function pending technical review,Format and terminology variants generated from confirmed part name,/parts/pge-man-039/
PGE-MAN-040,Lower Drip Tray Assembly,Manesty,Model unresolved,/assets/images/parts/manesty/betapress/lower-drip-tray-assembly.webp,Existing catalog card and image-path model folder,Identity confirmed; detailed function pending technical review,Format and terminology variants generated from confirmed part name,/parts/pge-man-040/
PGE-MAN-041,Lower Tamping Roll Housing,Manesty,Model unresolved,/assets/images/parts/manesty/betapress/lower-tamping-roll-housing.webp,Existing catalog card and image-path model folder,Identity confirmed; detailed function pending technical review,Format and terminology variants generated from confirmed part name,/parts/pge-man-041/
PGE-MAN-042,Lubrication Elbow,Manesty,Model unresolved,/assets/images/parts/manesty/betapress/lubrication-elbow.webp,Existing catalog card and image-path model folder,Identity confirmed; detailed function pending technical review,Format and terminology variants generated from confirmed part name,/parts/pge-man-042/
PGE-MAN-043,Manual Feed Plate,Manesty,Model unresolved,/assets/images/parts/manesty/betapress/manual-feed-plate.webp,Existing catalog card and image-path model folder,Identity confirmed; detailed function pending technical review,Format and terminology variants generated from confirmed part name,/parts/pge-man-043/
PGE-MAN-044,Oil Distributor,Manesty,Model unresolved,/assets/images/parts/manesty/betapress/oil-distributor.webp,Existing catalog card and image-path model folder,Identity confirmed; detailed function pending technical review,Format and terminology variants generated from confirmed part name,/parts/pge-man-044/
PGE-MAN-045,Pillar Tamping Roll Lower,Manesty,Model unresolved,/assets/images/parts/manesty/betapress/pillar-tamping-roll-lower.webp,Existing catalog card and image-path model folder,Identity confirmed; detailed function pending technical review,Format and terminology variants generated from confirmed part name,/parts/pge-man-045/
PGE-MAN-046,Plate Insert,Manesty,Model unresolved,/assets/images/parts/manesty/betapress/plate-insert.webp,Existing catalog card and image-path model folder,Identity confirmed; detailed function pending technical review,Format and terminology variants generated from confirmed part name,/parts/pge-man-046/
PGE-MAN-047,Pressure Roller Bushing,Manesty,Model unresolved,/assets/images/parts/manesty/betapress/pressure-roller-bushing.webp,Existing catalog card and image-path model folder,Identity confirmed; detailed function pending technical review,Format and terminology variants generated from confirmed part name,/parts/pge-man-047/
PGE-MAN-048,Pressure Roller Pin,Manesty,Model unresolved,/assets/images/parts/manesty/betapress/pressure-roller-pin.webp,Existing catalog card and image-path model folder,Identity confirmed; detailed function pending technical review,Format and terminology variants generated from confirmed part name,/parts/pge-man-048/
PGE-MAN-049,Pressure Roller,Manesty,BETAPRESS,/assets/images/parts/manesty/betapress/pressure-roller.webp,Existing catalog card and image-path model folder,Identity confirmed; detailed function pending technical review,Format and terminology variants generated from confirmed part name,/parts/pge-man-049/
PGE-MAN-050,Right Hand Lower Cam Track Guard,Manesty,BETAPRESS,/assets/images/parts/manesty/betapress/right-hand-lower-cam-track-guard.webp,Existing catalog card and image-path model folder,Identity confirmed; detailed function pending technical review,Format and terminology variants generated from confirmed part name,/parts/pge-man-050/
PGE-MAN-051,Roll Carrier Bushing,Manesty,Model unresolved,/assets/images/parts/manesty/betapress/roll-carrier-bushing.webp,Existing catalog card and image-path model folder,Identity confirmed; detailed function pending technical review,Format and terminology variants generated from confirmed part name,/parts/pge-man-051/
PGE-MAN-052,Roll Carrier Pin,Manesty,Model unresolved,/assets/images/parts/manesty/betapress/roll-carrier-pin.webp,Existing catalog card and image-path model folder,Identity confirmed; detailed function pending technical review,Format and terminology variants generated from confirmed part name,/parts/pge-man-052/
PGE-MAN-053,Rotary Feeder Bushes,Manesty,Model unresolved,/assets/images/parts/manesty/betapress/rotary-feeder-bushes.webp,Existing catalog card and image-path model folder,Identity confirmed; detailed function pending technical review,Format and terminology variants generated from confirmed part name,/parts/pge-man-053/
PGE-MAN-054,Rotary Feeder Paddle,Manesty,Model unresolved,/assets/images/parts/manesty/betapress/rotary-feeder-paddle.webp,Existing catalog card and image-path model folder,Identity confirmed; detailed function pending technical review,Format and terminology variants generated from confirmed part name,/parts/pge-man-054/
PGE-MAN-055,Round Nut,Manesty,Model unresolved,/assets/images/parts/manesty/betapress/round-nut.webp,Existing catalog card and image-path model folder,Identity confirmed; detailed function pending technical review,Format and terminology variants generated from confirmed part name,/parts/pge-man-055/
PGE-MAN-056,Scraper Blade,Manesty,BETAPRESS,/assets/images/parts/manesty/betapress/scraper-blade.webp,Existing catalog card and image-path model folder,Identity confirmed; detailed function pending technical review,Format and terminology variants generated from confirmed part name,/parts/pge-man-056/
PGE-MAN-057,Scraper Bracket Cover,Manesty,Model unresolved,/assets/images/parts/manesty/betapress/scraper-bracket-cover.webp,Existing catalog card and image-path model folder,Identity confirmed; detailed function pending technical review,Format and terminology variants generated from confirmed part name,/parts/pge-man-057/
PGE-MAN-058,Scraper Plate - Stainless Steel - Short,Manesty,Betapress,/assets/images/parts/manesty/betapress/scraper-plate-stainless-steel-short.webp,Existing catalog card and image-path model folder,Identity confirmed; detailed function pending technical review,Format and terminology variants generated from confirmed part name,/parts/pge-man-058/
PGE-MAN-059,Spacer Under Turret,Manesty,BETAPRESS,/assets/images/parts/manesty/betapress/spacer-under-turret.webp,Existing catalog card and image-path model folder,Identity confirmed; detailed function pending technical review,Format and terminology variants generated from confirmed part name,/parts/pge-man-059/
PGE-MAN-060,Spring Housing,Manesty,Model unresolved,/assets/images/parts/manesty/betapress/spring-housing.webp,Existing catalog card and image-path model folder,Identity confirmed; detailed function pending technical review,Format and terminology variants generated from confirmed part name,/parts/pge-man-060/
PGE-MAN-061,Suction Nozzle,Manesty,BETAPRESS,/assets/images/parts/manesty/betapress/suction-nozzle.webp,Existing catalog card and image-path model folder,Identity confirmed; detailed function pending technical review,Format and terminology variants generated from confirmed part name,/parts/pge-man-061/
PGE-MAN-062,Support Bracket For Feeder Base,Manesty,Model unresolved,/assets/images/parts/manesty/betapress/support-bracket-for-feeder-base.webp,Existing catalog card and image-path model folder,Identity confirmed; detailed function pending technical review,Format and terminology variants generated from confirmed part name,/parts/pge-man-062/
PGE-MAN-063,Support Bracket For Feeder Column 1,Manesty,Model unresolved,/assets/images/parts/manesty/betapress/support-bracket-for-feeder-column-1.webp,Existing catalog card and image-path model folder,Identity confirmed; detailed function pending technical review,Format and terminology variants generated from confirmed part name,/parts/pge-man-063/
PGE-MAN-064,Support Bracket For Feeder Column 2,Manesty,Model unresolved,/assets/images/parts/manesty/betapress/support-bracket-for-feeder-column-2.webp,Existing catalog card and image-path model folder,Identity confirmed; detailed function pending technical review,Format and terminology variants generated from confirmed part name,/parts/pge-man-064/
PGE-MAN-065,Support Bracket For Feeder Pillar,Manesty,Model unresolved,/assets/images/parts/manesty/betapress/support-bracket-for-feeder-pillar.webp,Existing catalog card and image-path model folder,Identity confirmed; detailed function pending technical review,Format and terminology variants generated from confirmed part name,/parts/pge-man-065/
PGE-MAN-066,Support Bracket For Feeder Plate,Manesty,Model unresolved,/assets/images/parts/manesty/betapress/support-bracket-for-feeder-plate.webp,Existing catalog card and image-path model folder,Identity confirmed; detailed function pending technical review,Format and terminology variants generated from confirmed part name,/parts/pge-man-066/
PGE-MAN-067,Support Pillar Nut,Manesty,Model unresolved,/assets/images/parts/manesty/betapress/support-pillar-nut.webp,Existing catalog card and image-path model folder,Identity confirmed; detailed function pending technical review,Format and terminology variants generated from confirmed part name,/parts/pge-man-067/
PGE-MAN-068,Tablet Thickness Handwheel,Manesty,Model unresolved,/assets/images/parts/manesty/betapress/tablet-thickness-handwheel.webp,Existing catalog card and image-path model folder,Identity confirmed; detailed function pending technical review,Format and terminology variants generated from confirmed part name,/parts/pge-man-068/
PGE-MAN-069,Take Off Chute,Manesty,Model unresolved,/assets/images/parts/manesty/betapress/take-off-chute.webp,Existing catalog card and image-path model folder,Identity confirmed; detailed function pending technical review,Format and terminology variants generated from confirmed part name,/parts/pge-man-069/
PGE-MAN-070,Take-Off Plate,Manesty,BETAPRESS,/assets/images/parts/manesty/betapress/take-off-plate.webp,Existing catalog card and image-path model folder,Identity confirmed; detailed function pending technical review,Format and terminology variants generated from confirmed part name,/parts/pge-man-070/
PGE-MAN-071,Tamping Roll With Bushing Installed,Manesty,Model unresolved,/assets/images/parts/manesty/betapress/tamping-roll-with-bushing-installed.webp,Existing catalog card and image-path model folder,Identity confirmed; detailed function pending technical review,Format and terminology variants generated from confirmed part name,/parts/pge-man-071/
PGE-MAN-072,Tamping Rolls,Manesty,BETAPRESS,/assets/images/parts/manesty/betapress/tamping-rolls.webp,Existing catalog card and image-path model folder,Identity confirmed; detailed function pending technical review,Format and terminology variants generated from confirmed part name,/parts/pge-man-072/
PGE-MAN-073,Tufnol Support Plate,Manesty,Model unresolved,/assets/images/parts/manesty/betapress/tufnol-support-plate.webp,Existing catalog card and image-path model folder,Identity confirmed; detailed function pending technical review,Format and terminology variants generated from confirmed part name,/parts/pge-man-073/
PGE-MAN-074,Turret 23 Station,Manesty,Model unresolved,/assets/images/parts/manesty/betapress/turret-23-station.webp,Existing catalog card and image-path model folder,Identity confirmed; detailed function pending technical review,Format and terminology variants generated from confirmed part name,/parts/pge-man-074/
PGE-MAN-075,Universal Coupling,Manesty,Model unresolved,/assets/images/parts/manesty/betapress/universal-coupling.webp,Existing catalog card and image-path model folder,Identity confirmed; detailed function pending technical review,Format and terminology variants generated from confirmed part name,/parts/pge-man-075/
PGE-MAN-076,Upper Cam Track Body,Manesty,BETAPRESS,/assets/images/parts/manesty/betapress/upper-cam-track-body.webp,Existing catalog card and image-path model folder,Identity confirmed; detailed function pending technical review,Format and terminology variants generated from confirmed part name,/parts/pge-man-076/
PGE-MAN-077,Upper Lifting Cam,Manesty,Model unresolved,/assets/images/parts/manesty/betapress/upper-lifting-cam.webp,Existing catalog card and image-path model folder,Identity confirmed; detailed function pending technical review,Format and terminology variants generated from confirmed part name,/parts/pge-man-077/
PGE-MAN-078,Upper Lowering Cam Eu B,Manesty,Model unresolved,/assets/images/parts/manesty/betapress/upper-lowering-cam-eu-b.webp,Existing catalog card and image-path model folder,Identity confirmed; detailed function pending technical review,Format and terminology variants generated from confirmed part name,/parts/pge-man-078/
PGE-MAN-079,Upper Tamping Roll Bracket,Manesty,Model unresolved,/assets/images/parts/manesty/betapress/upper-tamping-roll-bracket.webp,Existing catalog card and image-path model folder,Identity confirmed; detailed function pending technical review,Format and terminology variants generated from confirmed part name,/parts/pge-man-079/
PGE-MAN-080,Upper Tamping Roll Pin,Manesty,BETAPRESS,/assets/images/parts/manesty/betapress/upper-tamping-roll-pin.webp,Existing catalog card and image-path model folder,Identity confirmed; detailed function pending technical review,Format and terminology variants generated from confirmed part name,/parts/pge-man-080/
PGE-MAN-081,Vari Speed Pulley,Manesty,Model unresolved,/assets/images/parts/manesty/betapress/vari-speed-pulley.webp,Existing catalog card and image-path model folder,Identity confirmed; detailed function pending technical review,Format and terminology variants generated from confirmed part name,/parts/pge-man-081/
PGE-MAN-082,Weight Adjusting Ramp,Manesty,BETAPRESS,/assets/images/parts/manesty/betapress/weight-adjusting-ramp.webp,Existing catalog card and image-path model folder,Identity confirmed; detailed function pending technical review,Format and terminology variants generated from confirmed part name,/parts/pge-man-082/
PGE-MAN-083,Bracket For Oil Bottle,Manesty,BETAPRESS,/assets/images/parts/manesty/betapress-express/bracket-for-oil-bottle.webp,Existing catalog card and image-path model folder,Identity confirmed; detailed function pending technical review,Format and terminology variants generated from confirmed part name,/parts/pge-man-083/
PGE-MAN-084,Inlet Bowl Cover,Manesty,Model unresolved,/assets/images/parts/manesty/betapress-express/inlet-bowl-cover.webp,Existing catalog card and image-path model folder,Identity confirmed; detailed function pending technical review,Format and terminology variants generated from confirmed part name,/parts/pge-man-084/
PGE-MAN-085,Die Lock Screws 10 Piece Pack,Manesty,Model unresolved,/assets/images/parts/manesty/d3b/die-lock-screws-10-piece-pack.webp,Existing catalog card and image-path model folder,Identity confirmed; detailed function pending technical review,Format and terminology variants generated from confirmed part name,/parts/pge-man-085/
PGE-MAN-086,31T Spiral Gear,Manesty,Model unresolved,/assets/images/parts/manesty/express/31t-spiral-gear.webp,Existing catalog card and image-path model folder,Identity confirmed; detailed function pending technical review,Format and terminology variants generated from confirmed part name,/parts/pge-man-086/
PGE-MAN-087,Armature Hub,Manesty,Model unresolved,/assets/images/parts/manesty/express/armature-hub.webp,Existing catalog card and image-path model folder,Identity confirmed; detailed function pending technical review,Format and terminology variants generated from confirmed part name,/parts/pge-man-087/
PGE-MAN-088,Bottom Spacing Washer,Manesty,Model unresolved,/assets/images/parts/manesty/express/bottom-spacing-washer.webp,Existing catalog card and image-path model folder,Identity confirmed; detailed function pending technical review,Format and terminology variants generated from confirmed part name,/parts/pge-man-088/
PGE-MAN-089,Cam Spacing Sleeve,Manesty,Model unresolved,/assets/images/parts/manesty/express/cam-spacing-sleeve.webp,Existing catalog card and image-path model folder,Identity confirmed; detailed function pending technical review,Format and terminology variants generated from confirmed part name,/parts/pge-man-089/
PGE-MAN-090,Compensating Cam Spindle,Manesty,EXPRESS,/assets/images/parts/manesty/express/compensating-cam-spindle.webp,Existing catalog card and image-path model folder,Identity confirmed; detailed function pending technical review,Format and terminology variants generated from confirmed part name,/parts/pge-man-090/
PGE-MAN-091,Control Cam D Ejection,Manesty,Model unresolved,/assets/images/parts/manesty/express/control-cam-d-ejection.webp,Existing catalog card and image-path model folder,Identity confirmed; detailed function pending technical review,Format and terminology variants generated from confirmed part name,/parts/pge-man-091/
PGE-MAN-092,Control Cam Ejection,Manesty,Model unresolved,/assets/images/parts/manesty/express/control-cam-ejection.webp,Existing catalog card and image-path model folder,Identity confirmed; detailed function pending technical review,Format and terminology variants generated from confirmed part name,/parts/pge-man-092/
PGE-MAN-093,Cover Over Scraper Bracket,Manesty,EXPRESS,/assets/images/parts/manesty/express/cover-over-scraper-bracket.webp,Existing catalog card and image-path model folder,Identity confirmed; detailed function pending technical review,Format and terminology variants generated from confirmed part name,/parts/pge-man-093/
PGE-MAN-094,Drive Belt,Manesty,Model unresolved,/assets/images/parts/manesty/express/drive-belt.webp,Existing catalog card and image-path model folder,Identity confirmed; detailed function pending technical review,Format and terminology variants generated from confirmed part name,/parts/pge-man-094/
PGE-MAN-095,Driving Pinion,Manesty,Model unresolved,/assets/images/parts/manesty/express/driving-pinion.webp,Existing catalog card and image-path model folder,Identity confirmed; detailed function pending technical review,Format and terminology variants generated from confirmed part name,/parts/pge-man-095/
PGE-MAN-096,Ejection Cam Us B Bronze,Manesty,Model unresolved,/assets/images/parts/manesty/express/ejection-cam-us-b-bronze.webp,Existing catalog card and image-path model folder,Identity confirmed; detailed function pending technical review,Format and terminology variants generated from confirmed part name,/parts/pge-man-096/
PGE-MAN-097,Ejection Cam Us B Steel,Manesty,Model unresolved,/assets/images/parts/manesty/express/ejection-cam-us-b-steel.webp,Existing catalog card and image-path model folder,Identity confirmed; detailed function pending technical review,Format and terminology variants generated from confirmed part name,/parts/pge-man-097/
PGE-MAN-098,Feed Frame,Manesty,EXPRESS,/assets/images/parts/manesty/express/feed-frame.webp,Existing catalog card and image-path model folder,Identity confirmed; detailed function pending technical review,Format and terminology variants generated from confirmed part name,/parts/pge-man-098/
PGE-MAN-099,Feeder Gear 85 T,Manesty,Model unresolved,/assets/images/parts/manesty/express/feeder-gear-85-t.webp,Existing catalog card and image-path model folder,Identity confirmed; detailed function pending technical review,Format and terminology variants generated from confirmed part name,/parts/pge-man-099/
PGE-MAN-100,Feeder Inter Gear 28T,Manesty,Model unresolved,/assets/images/parts/manesty/express/feeder-inter-gear-28t.webp,Existing catalog card and image-path model folder,Identity confirmed; detailed function pending technical review,Format and terminology variants generated from confirmed part name,/parts/pge-man-100/
PGE-MAN-101,Field Magnet 24V,Manesty,Model unresolved,/assets/images/parts/manesty/express/field-magnet-24v.webp,Existing catalog card and image-path model folder,Identity confirmed; detailed function pending technical review,Format and terminology variants generated from confirmed part name,/parts/pge-man-101/
PGE-MAN-102,Fill Cam 11 16 Fill B,Manesty,Model unresolved,/assets/images/parts/manesty/express/fill-cam-11-16-fill-b.webp,Existing catalog card and image-path model folder,Identity confirmed; detailed function pending technical review,Format and terminology variants generated from confirmed part name,/parts/pge-man-102/
PGE-MAN-103,Fill Cam 3 8 Fill B,Manesty,Model unresolved,/assets/images/parts/manesty/express/fill-cam-3-8-fill-b.webp,Existing catalog card and image-path model folder,Identity confirmed; detailed function pending technical review,Format and terminology variants generated from confirmed part name,/parts/pge-man-103/
PGE-MAN-104,Fill Cam 5 16 Fill D,Manesty,Model unresolved,/assets/images/parts/manesty/express/fill-cam-5-16-fill-d.webp,Existing catalog card and image-path model folder,Identity confirmed; detailed function pending technical review,Format and terminology variants generated from confirmed part name,/parts/pge-man-104/
PGE-MAN-105,Fill Cam 9 16 Fill D,Manesty,Model unresolved,/assets/images/parts/manesty/express/fill-cam-9-16-fill-d.webp,Existing catalog card and image-path model folder,Identity confirmed; detailed function pending technical review,Format and terminology variants generated from confirmed part name,/parts/pge-man-105/
PGE-MAN-106,Fill Cam Ipt B 3 8 Fill,Manesty,Model unresolved,/assets/images/parts/manesty/express/fill-cam-ipt-b-3-8-fill.webp,Existing catalog card and image-path model folder,Identity confirmed; detailed function pending technical review,Format and terminology variants generated from confirmed part name,/parts/pge-man-106/
PGE-MAN-107,Front Rear Lower Cam Track Guard,Manesty,Model unresolved,/assets/images/parts/manesty/express/front-rear-lower-cam-track-guard.webp,Existing catalog card and image-path model folder,Identity confirmed; detailed function pending technical review,Format and terminology variants generated from confirmed part name,/parts/pge-man-107/
PGE-MAN-108,High Level Cam Insert Track B,Manesty,Model unresolved,/assets/images/parts/manesty/express/high-level-cam-insert-track-b.webp,Existing catalog card and image-path model folder,Identity confirmed; detailed function pending technical review,Format and terminology variants generated from confirmed part name,/parts/pge-man-108/
PGE-MAN-109,High Level Cam Insert Us D,Manesty,Model unresolved,/assets/images/parts/manesty/express/high-level-cam-insert-us-d.webp,Existing catalog card and image-path model folder,Identity confirmed; detailed function pending technical review,Format and terminology variants generated from confirmed part name,/parts/pge-man-109/
PGE-MAN-110,High Level Cam Track Tsm D,Manesty,Model unresolved,/assets/images/parts/manesty/express/high-level-cam-track-tsm-d.webp,Existing catalog card and image-path model folder,Identity confirmed; detailed function pending technical review,Format and terminology variants generated from confirmed part name,/parts/pge-man-110/
PGE-MAN-111,High Level Cam Track,Manesty,Model unresolved,/assets/images/parts/manesty/express/high-level-cam-track.webp,Existing catalog card and image-path model folder,Identity confirmed; detailed function pending technical review,Format and terminology variants generated from confirmed part name,/parts/pge-man-111/
PGE-MAN-112,Inner Dust Nozzle Adaptor,Manesty,EXPRESS,/assets/images/parts/manesty/express/inner-dust-nozzle-adaptor.webp,Existing catalog card and image-path model folder,Identity confirmed; detailed function pending technical review,Format and terminology variants generated from confirmed part name,/parts/pge-man-112/
PGE-MAN-113,Knockdown Plate,Manesty,Model unresolved,/assets/images/parts/manesty/express/knockdown-plate.webp,Existing catalog card and image-path model folder,Identity confirmed; detailed function pending technical review,Format and terminology variants generated from confirmed part name,/parts/pge-man-113/
PGE-MAN-114,Left Hand Lower Cam Guard,Manesty,Model unresolved,/assets/images/parts/manesty/express/left-hand-lower-cam-guard.webp,Existing catalog card and image-path model folder,Identity confirmed; detailed function pending technical review,Format and terminology variants generated from confirmed part name,/parts/pge-man-114/
PGE-MAN-115,Locating Plate,Manesty,Model unresolved,/assets/images/parts/manesty/express/locating-plate.webp,Existing catalog card and image-path model folder,Identity confirmed; detailed function pending technical review,Format and terminology variants generated from confirmed part name,/parts/pge-man-115/
PGE-MAN-116,Low Level Cam Track B,Manesty,Model unresolved,/assets/images/parts/manesty/express/low-level-cam-track-b.webp,Existing catalog card and image-path model folder,Identity confirmed; detailed function pending technical review,Format and terminology variants generated from confirmed part name,/parts/pge-man-116/
PGE-MAN-117,Low Level Cam Track Tsm D,Manesty,Model unresolved,/assets/images/parts/manesty/express/low-level-cam-track-tsm-d.webp,Existing catalog card and image-path model folder,Identity confirmed; detailed function pending technical review,Format and terminology variants generated from confirmed part name,/parts/pge-man-117/
PGE-MAN-118,Lower Dust Nozzle,Manesty,EXPRESS,/assets/images/parts/manesty/express/lower-dust-nozzle.webp,Existing catalog card and image-path model folder,Identity confirmed; detailed function pending technical review,Format and terminology variants generated from confirmed part name,/parts/pge-man-118/
PGE-MAN-119,Lower Tamping Spring Housing,Manesty,Model unresolved,/assets/images/parts/manesty/express/lower-tamping-spring-housing.webp,Existing catalog card and image-path model folder,Identity confirmed; detailed function pending technical review,Format and terminology variants generated from confirmed part name,/parts/pge-man-119/
PGE-MAN-120,Motor Adjustment Lock Screw,Manesty,Model unresolved,/assets/images/parts/manesty/express/motor-adjustment-lock-screw.webp,Existing catalog card and image-path model folder,Identity confirmed; detailed function pending technical review,Format and terminology variants generated from confirmed part name,/parts/pge-man-120/
PGE-MAN-121,Outer Dust Nozzle,Manesty,EXPRESS,/assets/images/parts/manesty/express/outer-dust-nozzle.webp,Existing catalog card and image-path model folder,Identity confirmed; detailed function pending technical review,Format and terminology variants generated from confirmed part name,/parts/pge-man-121/
PGE-MAN-122,Plate Under Feeder,Manesty,Express,/assets/images/parts/manesty/express/plate-under-feeder.webp,Existing catalog card and image-path model folder,Identity confirmed; detailed function pending technical review,Format and terminology variants generated from confirmed part name,/parts/pge-man-122/
PGE-MAN-123,Powder Recirculation Channel,Manesty,Model unresolved,/assets/images/parts/manesty/express/powder-recirculation-channel.webp,Existing catalog card and image-path model folder,Identity confirmed; detailed function pending technical review,Format and terminology variants generated from confirmed part name,/parts/pge-man-123/
PGE-MAN-124,Pressure Roller Bushing,Manesty,Model unresolved,/assets/images/parts/manesty/express/pressure-roller-bushing.webp,Existing catalog card and image-path model folder,Identity confirmed; detailed function pending technical review,Format and terminology variants generated from confirmed part name,/parts/pge-man-124/
PGE-MAN-125,Rear Powder Band,Manesty,EXPRESS,/assets/images/parts/manesty/express/rear-powder-band.webp,Existing catalog card and image-path model folder,Identity confirmed; detailed function pending technical review,Format and terminology variants generated from confirmed part name,/parts/pge-man-125/
PGE-MAN-126,Remote Weight Adjustment Housing,Manesty,Model unresolved,/assets/images/parts/manesty/express/remote-weight-adjustment-housing.webp,Existing catalog card and image-path model folder,Identity confirmed; detailed function pending technical review,Format and terminology variants generated from confirmed part name,/parts/pge-man-126/
PGE-MAN-127,Right Hand Lower Cam Guard,Manesty,Model unresolved,/assets/images/parts/manesty/express/right-hand-lower-cam-guard.webp,Existing catalog card and image-path model folder,Identity confirmed; detailed function pending technical review,Format and terminology variants generated from confirmed part name,/parts/pge-man-127/
PGE-MAN-128,Scraper Blade,Manesty,Model unresolved,/assets/images/parts/manesty/express/scraper-blade.webp,Existing catalog card and image-path model folder,Identity confirmed; detailed function pending technical review,Format and terminology variants generated from confirmed part name,/parts/pge-man-128/
PGE-MAN-129,Scraper Dust Extraction,Manesty,Model unresolved,/assets/images/parts/manesty/express/scraper-dust-extraction.webp,Existing catalog card and image-path model folder,Identity confirmed; detailed function pending technical review,Format and terminology variants generated from confirmed part name,/parts/pge-man-129/
PGE-MAN-130,Tail Over Die Spring,Manesty,EXPRESS,/assets/images/parts/manesty/express/tail-over-die-spring.webp,Existing catalog card and image-path model folder,Identity confirmed; detailed function pending technical review,Format and terminology variants generated from confirmed part name,/parts/pge-man-130/
PGE-MAN-131,Tail Over Die,Manesty,EXPRESS,/assets/images/parts/manesty/express/tail-over-die.webp,Existing catalog card and image-path model folder,Identity confirmed; detailed function pending technical review,Format and terminology variants generated from confirmed part name,/parts/pge-man-131/
PGE-MAN-132,Take Off Plate,Manesty,EXPRESS,/assets/images/parts/manesty/express/take-off-plate.webp,Existing catalog card and image-path model folder,Identity confirmed; detailed function pending technical review,Format and terminology variants generated from confirmed part name,/parts/pge-man-132/
PGE-MAN-133,Tamping Roll Bushing,Manesty,Model unresolved,/assets/images/parts/manesty/express/tamping-roll-bushing.webp,Existing catalog card and image-path model folder,Identity confirmed; detailed function pending technical review,Format and terminology variants generated from confirmed part name,/parts/pge-man-133/
PGE-MAN-134,Tamping Roll Pin,Manesty,Model unresolved,/assets/images/parts/manesty/express/tamping-roll-pin.webp,Existing catalog card and image-path model folder,Identity confirmed; detailed function pending technical review,Format and terminology variants generated from confirmed part name,/parts/pge-man-134/
PGE-MAN-135,Tamping Roll With Bushing Installed,Manesty,Model unresolved,/assets/images/parts/manesty/express/tamping-roll-with-bushing-installed.webp,Existing catalog card and image-path model folder,Identity confirmed; detailed function pending technical review,Format and terminology variants generated from confirmed part name,/parts/pge-man-135/
PGE-MAN-136,Thrust Washer,Manesty,Model unresolved,/assets/images/parts/manesty/express/thrust-washer.webp,Existing catalog card and image-path model folder,Identity confirmed; detailed function pending technical review,Format and terminology variants generated from confirmed part name,/parts/pge-man-136/
PGE-MAN-137,Upper Cam Track Body,Manesty,Model unresolved,/assets/images/parts/manesty/express/upper-cam-track-body.webp,Existing catalog card and image-path model folder,Identity confirmed; detailed function pending technical review,Format and terminology variants generated from confirmed part name,/parts/pge-man-137/
PGE-MAN-138,Upper Lifting Cam B,Manesty,Model unresolved,/assets/images/parts/manesty/express/upper-lifting-cam-b.webp,Existing catalog card and image-path model folder,Identity confirmed; detailed function pending technical review,Format and terminology variants generated from confirmed part name,/parts/pge-man-138/
PGE-MAN-139,Upper Lifting Cam Configuration To Be Confirmed,Manesty,Model unresolved,/assets/images/parts/manesty/express/upper-lifting-cam-configuration-to-be-confirmed.webp,Existing catalog card and image-path model folder,Identity confirmed; detailed function pending technical review,Format and terminology variants generated from confirmed part name,/parts/pge-man-139/
PGE-MAN-140,Upper Lifting Cam Eu Ipt D,Manesty,Model unresolved,/assets/images/parts/manesty/express/upper-lifting-cam-eu-ipt-d.webp,Existing catalog card and image-path model folder,Identity confirmed; detailed function pending technical review,Format and terminology variants generated from confirmed part name,/parts/pge-man-140/
PGE-MAN-141,Upper Lifting Cam Tsm D,Manesty,Model unresolved,/assets/images/parts/manesty/express/upper-lifting-cam-tsm-d.webp,Existing catalog card and image-path model folder,Identity confirmed; detailed function pending technical review,Format and terminology variants generated from confirmed part name,/parts/pge-man-141/
PGE-MAN-142,Upper or Lower Pressure Roll,Manesty,Express,/assets/images/parts/manesty/express/upper-lower-pressure-roller.webp,Existing catalog card and image-path model folder,Identity confirmed; detailed function pending technical review,Format and terminology variants generated from confirmed part name,/parts/pge-man-142/
PGE-MAN-143,Upper Lowering Cam Tsm D,Manesty,Model unresolved,/assets/images/parts/manesty/express/upper-lowering-cam-tsm-d.webp,Existing catalog card and image-path model folder,Identity confirmed; detailed function pending technical review,Format and terminology variants generated from confirmed part name,/parts/pge-man-143/
PGE-MAN-144,Weight Adjusting Sleeve,Manesty,Model unresolved,/assets/images/parts/manesty/express/weight-adjusting-sleeve.webp,Existing catalog card and image-path model folder,Identity confirmed; detailed function pending technical review,Format and terminology variants generated from confirmed part name,/parts/pge-man-144/
PGE-MAN-145,Weight Adjusting Wheel,Manesty,Model unresolved,/assets/images/parts/manesty/express/weight-adjusting-wheel.webp,Existing catalog card and image-path model folder,Identity confirmed; detailed function pending technical review,Format and terminology variants generated from confirmed part name,/parts/pge-man-145/
PGE-MAN-146,Large Acetal Feeder Paddle,Manesty,Model unresolved,/assets/images/parts/manesty/express-mk-iia/large-acetal-feeder-paddle.webp,Existing catalog card and image-path model folder,Identity confirmed; detailed function pending technical review,Format and terminology variants generated from confirmed part name,/parts/pge-man-146/
PGE-MAN-147,Small Acetal Feeder Paddle,Manesty,Model unresolved,/assets/images/parts/manesty/express-mk-iia/small-acetal-feeder-paddle.webp,Existing catalog card and image-path model folder,Identity confirmed; detailed function pending technical review,Format and terminology variants generated from confirmed part name,/parts/pge-man-147/
PGE-MAN-148,Feeder Platform Insert,Manesty,Model unresolved,/assets/images/parts/manesty/mk-iia/feeder-platform-insert.webp,Existing catalog card and image-path model folder,Identity confirmed; detailed function pending technical review,Format and terminology variants generated from confirmed part name,/parts/pge-man-148/
PGE-MAN-149,Bush in Roll,Manesty,MK I / MK II / Rotapress MK IIA,/assets/images/parts/manesty/mk-series/bush-in-roll.webp,Existing catalog card and image-path model folder,Identity confirmed; detailed function pending technical review,Format and terminology variants generated from confirmed part name,/parts/pge-man-149/
PGE-MAN-150,Ejection Cam - Bronze,Manesty,MK I / MK II / Rotapress MK IIA,/assets/images/parts/manesty/mk-series/ejection-cam-bronze.webp,Existing catalog card and image-path model folder,Identity confirmed; detailed function pending technical review,Format and terminology variants generated from confirmed part name,/parts/pge-man-150/
PGE-MAN-151,Ejection Cam - Steel,Manesty,MK I / MK II / Rotapress MK IIA,/assets/images/parts/manesty/mk-series/ejection-cam-steel.webp,Existing catalog card and image-path model folder,Identity confirmed; detailed function pending technical review,Format and terminology variants generated from confirmed part name,/parts/pge-man-151/
PGE-MAN-152,Pick Up Scraper,Manesty,Model unresolved,/assets/images/parts/manesty/mk-series/pick-up-scraper.webp,Existing catalog card and image-path model folder,Identity confirmed; detailed function pending technical review,Format and terminology variants generated from confirmed part name,/parts/pge-man-152/
PGE-MAN-153,Control Cam Ipt B,Manesty,Model unresolved,/assets/images/parts/manesty/mk4/control-cam-ipt-b.webp,Existing catalog card and image-path model folder,Identity confirmed; detailed function pending technical review,Format and terminology variants generated from confirmed part name,/parts/pge-man-153/
PGE-MAN-154,First Paddle Stainless Steel,Manesty,Model unresolved,/assets/images/parts/manesty/mkiv/first-paddle-stainless-steel.webp,Existing catalog card and image-path model folder,Identity confirmed; detailed function pending technical review,Format and terminology variants generated from confirmed part name,/parts/pge-man-154/
PGE-MAN-155,Feed Frame Cover,Manesty,Model unresolved,/assets/images/parts/manesty/model-unconfirmed/feed-frame-cover.webp,Existing catalog card and image-path model folder,Identity confirmed; detailed function pending technical review,Format and terminology variants generated from confirmed part name,/parts/pge-man-155/
PGE-MAN-156,Automatic Lubricator Reservoir,Manesty,Model unresolved,/assets/images/parts/manesty/model-unspecified/automatic-lubricator-reservoir.webp,Existing catalog card and image-path model folder,Identity confirmed; detailed function pending technical review,Format and terminology variants generated from confirmed part name,/parts/pge-man-156/
PGE-MAN-157,Large Feeder Paddle,Manesty,Model unresolved,/assets/images/parts/manesty/model-unspecified/large-feeder-paddle.webp,Existing catalog card and image-path model folder,Identity confirmed; detailed function pending technical review,Format and terminology variants generated from confirmed part name,/parts/pge-man-157/
PGE-MAN-158,Turret Cover,Manesty,Model unresolved,/assets/images/parts/manesty/model-unspecified/turret-cover.webp,Existing catalog card and image-path model folder,Identity confirmed; detailed function pending technical review,Format and terminology variants generated from confirmed part name,/parts/pge-man-158/
PGE-MAN-159,Variable Speed Cog Belt,Manesty,Model unresolved,/assets/images/parts/manesty/model-unspecified/variable-speed-cog-belt.webp,Existing catalog card and image-path model folder,Identity confirmed; detailed function pending technical review,Format and terminology variants generated from confirmed part name,/parts/pge-man-159/
PGE-MAN-160,Rubber Hopper Connector,Manesty,Model unresolved,/assets/images/parts/manesty/multi-model/rubber-hopper-connector.webp,Existing catalog card and image-path model folder,Identity confirmed; detailed function pending technical review,Format and terminology variants generated from confirmed part name,/parts/pge-man-160/
PGE-MAN-161,Speed Adjust Handwheel,Manesty,Model unresolved,/assets/images/parts/manesty/multi-model/speed-adjust-handwheel.webp,Existing catalog card and image-path model folder,Identity confirmed; detailed function pending technical review,Format and terminology variants generated from confirmed part name,/parts/pge-man-161/
PGE-MAN-162,Ejection Cam,Manesty,NOVAPRESS,/assets/images/parts/manesty/novapress/ejection-cam.webp,Existing catalog card and image-path model folder,Identity confirmed; detailed function pending technical review,Format and terminology variants generated from confirmed part name,/parts/pge-man-162/
PGE-MAN-163,Reject Gate,Manesty,Model unresolved,/assets/images/parts/manesty/novapress/reject-gate.webp,Existing catalog card and image-path model folder,Identity confirmed; detailed function pending technical review,Format and terminology variants generated from confirmed part name,/parts/pge-man-163/
PGE-MAN-164,Scraper Blade,Manesty,Novapress,/assets/images/parts/manesty/novapress/scraper-blade.webp,Existing catalog card and image-path model folder,Identity confirmed; detailed function pending technical review,Format and terminology variants generated from confirmed part name,/parts/pge-man-164/
PGE-MAN-165,Lower Fill Cam 16Mm - Eu D,Manesty,NOVAPRESS,/assets/images/parts/manesty/novapress-2/lower-fill-cam-16mm-eu-d.webp,Existing catalog card and image-path model folder,Identity confirmed; detailed function pending technical review,Format and terminology variants generated from confirmed part name,/parts/pge-man-165/
PGE-MAN-166,Upper Lowering Cam D,Manesty,Model unresolved,/assets/images/parts/manesty/novapress-2/upper-lowering-cam-d.webp,Existing catalog card and image-path model folder,Identity confirmed; detailed function pending technical review,Format and terminology variants generated from confirmed part name,/parts/pge-man-166/
PGE-MAN-167,Lower Fill Cam 13Mm Eu B,Manesty,Model unresolved,/assets/images/parts/manesty/novapress-diamond/lower-fill-cam-13mm-eu-b.webp,Existing catalog card and image-path model folder,Identity confirmed; detailed function pending technical review,Format and terminology variants generated from confirmed part name,/parts/pge-man-167/
PGE-MAN-168,Lower Fill Cam 15Mm,Manesty,Model unresolved,/assets/images/parts/manesty/novapress-diamond/lower-fill-cam-15mm.webp,Existing catalog card and image-path model folder,Identity confirmed; detailed function pending technical review,Format and terminology variants generated from confirmed part name,/parts/pge-man-168/
PGE-MAN-169,Double Drip Tray,Manesty,Model unresolved,/assets/images/parts/manesty/rotapress-mk-iia/double-drip-tray.webp,Existing catalog card and image-path model folder,Identity confirmed; detailed function pending technical review,Format and terminology variants generated from confirmed part name,/parts/pge-man-169/
PGE-MAN-170,Drip Tray,Manesty,Model unresolved,/assets/images/parts/manesty/rotapress-mk-iia/drip-tray.webp,Existing catalog card and image-path model folder,Identity confirmed; detailed function pending technical review,Format and terminology variants generated from confirmed part name,/parts/pge-man-170/
PGE-MAN-171,Feeder Motor,Manesty,Model unresolved,/assets/images/parts/manesty/rotapress-mk-iia/feeder-motor.webp,Existing catalog card and image-path model folder,Identity confirmed; detailed function pending technical review,Format and terminology variants generated from confirmed part name,/parts/pge-man-171/
PGE-MAN-172,Fill Cam 11 16 Ipt B,Manesty,Model unresolved,/assets/images/parts/manesty/rotapress-mk-iia/fill-cam-11-16-ipt-b.webp,Existing catalog card and image-path model folder,Identity confirmed; detailed function pending technical review,Format and terminology variants generated from confirmed part name,/parts/pge-man-172/
PGE-MAN-173,Guard Over Gears,Manesty,Model unresolved,/assets/images/parts/manesty/rotapress-mk-iia/guard-over-gears.webp,Existing catalog card and image-path model folder,Identity confirmed; detailed function pending technical review,Format and terminology variants generated from confirmed part name,/parts/pge-man-173/
PGE-MAN-174,Hopper Adjusting Screw Long,Manesty,Model unresolved,/assets/images/parts/manesty/rotapress-mk-iia/hopper-adjusting-screw-long.webp,Existing catalog card and image-path model folder,Identity confirmed; detailed function pending technical review,Format and terminology variants generated from confirmed part name,/parts/pge-man-174/
PGE-MAN-175,Hopper,Manesty,Model unresolved,/assets/images/parts/manesty/rotapress-mk-iia/hopper.webp,Existing catalog card and image-path model folder,Identity confirmed; detailed function pending technical review,Format and terminology variants generated from confirmed part name,/parts/pge-man-175/
PGE-MAN-176,Inlet Tube Assembly With Bracket,Manesty,Model unresolved,/assets/images/parts/manesty/rotapress-mk-iia/inlet-tube-assembly-with-bracket.webp,Existing catalog card and image-path model folder,Identity confirmed; detailed function pending technical review,Format and terminology variants generated from confirmed part name,/parts/pge-man-176/
PGE-MAN-177,Tablet Chute With Reject Mechanism,Manesty,Model unresolved,/assets/images/parts/manesty/rotapress-mk-iia/tablet-chute-with-reject-mechanism.webp,Existing catalog card and image-path model folder,Identity confirmed; detailed function pending technical review,Format and terminology variants generated from confirmed part name,/parts/pge-man-177/
PGE-MAN-178,Tablet Chute,Manesty,Model unresolved,/assets/images/parts/manesty/rotapress-mk-iia/tablet-chute.webp,Existing catalog card and image-path model folder,Identity confirmed; detailed function pending technical review,Format and terminology variants generated from confirmed part name,/parts/pge-man-178/
PGE-MAN-179,Upper Lifting Cam,Manesty,Model unresolved,/assets/images/parts/manesty/rotapress-mk-iia/upper-lifting-cam.webp,Existing catalog card and image-path model folder,Identity confirmed; detailed function pending technical review,Format and terminology variants generated from confirmed part name,/parts/pge-man-179/
PGE-MAN-180,Upper Lowering Cam Ipt B,Manesty,Model unresolved,/assets/images/parts/manesty/rotapress-mk-iia/upper-lowering-cam-ipt-b.webp,Existing catalog card and image-path model folder,Identity confirmed; detailed function pending technical review,Format and terminology variants generated from confirmed part name,/parts/pge-man-180/
PGE-MAN-181,13Mm Fill Cam B Type Bronze,Manesty,Model unresolved,/assets/images/parts/manesty/unipress/13mm-fill-cam-b-type-bronze.webp,Existing catalog card and image-path model folder,Identity confirmed; detailed function pending technical review,Format and terminology variants generated from confirmed part name,/parts/pge-man-181/
PGE-MAN-182,13Mm Fill Cam B Type,Manesty,Model unresolved,/assets/images/parts/manesty/unipress/13mm-fill-cam-b-type.webp,Existing catalog card and image-path model folder,Identity confirmed; detailed function pending technical review,Format and terminology variants generated from confirmed part name,/parts/pge-man-182/
PGE-MAN-183,18Mm Fill Cam B Type Bronze,Manesty,Model unresolved,/assets/images/parts/manesty/unipress/18mm-fill-cam-b-type-bronze.webp,Existing catalog card and image-path model folder,Identity confirmed; detailed function pending technical review,Format and terminology variants generated from confirmed part name,/parts/pge-man-183/
PGE-MAN-184,21Mm Fill Cam D Type Bronze,Manesty,Model unresolved,/assets/images/parts/manesty/unipress/21mm-fill-cam-d-type-bronze.webp,Existing catalog card and image-path model folder,Identity confirmed; detailed function pending technical review,Format and terminology variants generated from confirmed part name,/parts/pge-man-184/
PGE-MAN-185,Ejection Cam - B Tooling,Manesty,Unipress,/assets/images/parts/manesty/unipress/ejection-cam-b-tooling.webp,Existing catalog card and image-path model folder,Identity confirmed; detailed function pending technical review,Format and terminology variants generated from confirmed part name,/parts/pge-man-185/
PGE-MAN-186,Feeder Sole Plate Insert Acetal,Manesty,Model unresolved,/assets/images/parts/manesty/unipress-2/feeder-sole-plate-insert-acetal.webp,Existing catalog card and image-path model folder,Identity confirmed; detailed function pending technical review,Format and terminology variants generated from confirmed part name,/parts/pge-man-186/
PGE-MAN-187,Fill Cam 6Mm Eu B,Manesty,Model unresolved,/assets/images/parts/manesty/xpress-500/fill-cam-6mm-eu-b.webp,Existing catalog card and image-path model folder,Identity confirmed; detailed function pending technical review,Format and terminology variants generated from confirmed part name,/parts/pge-man-187/
PGE-MAN-188,Turret 39 Station,Manesty,Model unresolved,/assets/images/parts/manesty/xpress-500/turret-39-station.webp,Existing catalog card and image-path model folder,Identity confirmed; detailed function pending technical review,Format and terminology variants generated from confirmed part name,/parts/pge-man-188/
PGE-MAN-189,Turret 50 Station,Manesty,Model unresolved,/assets/images/parts/manesty/xpress-500/turret-50-station.webp,Existing catalog card and image-path model folder,Identity confirmed; detailed function pending technical review,Format and terminology variants generated from confirmed part name,/parts/pge-man-189/
PGE-MAN-190,First Paddle,Manesty,Model unresolved,/assets/images/parts/manesty/xpress-500-unipress-2/first-paddle.webp,Existing catalog card and image-path model folder,Identity confirmed; detailed function pending technical review,Format and terminology variants generated from confirmed part name,/parts/pge-man-190/
PGE-MAN-191,10Mm Bronze Fill Cam B,Manesty,Model unresolved,/assets/images/parts/manesty/xpress-700/10mm-bronze-fill-cam-b.webp,Existing catalog card and image-path model folder,Identity confirmed; detailed function pending technical review,Format and terminology variants generated from confirmed part name,/parts/pge-man-191/
PGE-MAN-192,14Mm Bronze Fill Cam B,Manesty,Model unresolved,/assets/images/parts/manesty/xpress-700/14mm-bronze-fill-cam-b.webp,Existing catalog card and image-path model folder,Identity confirmed; detailed function pending technical review,Format and terminology variants generated from confirmed part name,/parts/pge-man-192/
PGE-MAN-193,18Mm Bronze Fill Cam B,Manesty,Model unresolved,/assets/images/parts/manesty/xpress-700/18mm-bronze-fill-cam-b.webp,Existing catalog card and image-path model folder,Identity confirmed; detailed function pending technical review,Format and terminology variants generated from confirmed part name,/parts/pge-man-193/
PGE-MAN-194,6Mm Bronze Fill Cam B,Manesty,Model unresolved,/assets/images/parts/manesty/xpress-700/6mm-bronze-fill-cam-b.webp,Existing catalog card and image-path model folder,Identity confirmed; detailed function pending technical review,Format and terminology variants generated from confirmed part name,/parts/pge-man-194/
PGE-MAN-195,Bronze 8Mm Fill Cam B,Manesty,Model unresolved,/assets/images/parts/manesty/xpress-700/bronze-8mm-fill-cam-b.webp,Existing catalog card and image-path model folder,Identity confirmed; detailed function pending technical review,Format and terminology variants generated from confirmed part name,/parts/pge-man-195/
PGE-MAN-196,First Plow Paddle Stainless Steel,Manesty,Model unresolved,/assets/images/parts/manesty/xpress-700/first-plow-paddle-stainless-steel.webp,Existing catalog card and image-path model folder,Identity confirmed; detailed function pending technical review,Format and terminology variants generated from confirmed part name,/parts/pge-man-196/
PGE-MAN-197,Recirculating Feeder Sole Plate,Manesty,Model unresolved,/assets/images/parts/manesty/xpress-700/recirculating-feeder-sole-plate.webp,Existing catalog card and image-path model folder,Identity confirmed; detailed function pending technical review,Format and terminology variants generated from confirmed part name,/parts/pge-man-197/
PGE-MAN-198,Second Plow Paddle Stainless Steel,Manesty,Model unresolved,/assets/images/parts/manesty/xpress-700/second-plow-paddle-stainless-steel.webp,Existing catalog card and image-path model folder,Identity confirmed; detailed function pending technical review,Format and terminology variants generated from confirmed part name,/parts/pge-man-198/
PGE-MAN-199,Turret 61 Station,Manesty,Model unresolved,/assets/images/parts/manesty/xpress-700/turret-61-station.webp,Existing catalog card and image-path model folder,Identity confirmed; detailed function pending technical review,Format and terminology variants generated from confirmed part name,/parts/pge-man-199/
PGE-KIK-001,14 Pin Relay,Kikusui,Model unresolved,/assets/images/parts/kikusui/general/14-pin-relay.webp,Existing catalog card and image-path model folder,Identity confirmed; detailed function pending technical review,Format and terminology variants generated from confirmed part name,/parts/pge-kik-001/
PGE-KIK-002,8 Pin Relay,Kikusui,Model unresolved,/assets/images/parts/kikusui/general/8-pin-relay.webp,Existing catalog card and image-path model folder,Identity confirmed; detailed function pending technical review,Format and terminology variants generated from confirmed part name,/parts/pge-kik-002/
PGE-KIK-003,Acrylic Cover,Kikusui,Model unresolved,/assets/images/parts/kikusui/general/acrylic-cover.webp,Existing catalog card and image-path model folder,Identity confirmed; detailed function pending technical review,Format and terminology variants generated from confirmed part name,/parts/pge-kik-003/
PGE-KIK-004,Adjustment Shaft Flange Insert For Kikusui,Kikusui,Model unresolved,/assets/images/parts/kikusui/general/adjustment-shaft-flange-insert-for-kikusui.webp,Existing catalog card and image-path model folder,Identity confirmed; detailed function pending technical review,Format and terminology variants generated from confirmed part name,/parts/pge-kik-004/
PGE-KIK-005,Agitator Paddle For Idf,Kikusui,Model unresolved,/assets/images/parts/kikusui/general/agitator-paddle-for-idf.webp,Existing catalog card and image-path model folder,Identity confirmed; detailed function pending technical review,Format and terminology variants generated from confirmed part name,/parts/pge-kik-005/
PGE-KIK-006,Auto Reject Gate Clamp,Kikusui,Model unresolved,/assets/images/parts/kikusui/general/auto-reject-gate-clamp.webp,Existing catalog card and image-path model folder,Identity confirmed; detailed function pending technical review,Format and terminology variants generated from confirmed part name,/parts/pge-kik-006/
PGE-KIK-007,Circuit Board,Kikusui,Model unresolved,/assets/images/parts/kikusui/general/circuit-board.webp,Existing catalog card and image-path model folder,Identity confirmed; detailed function pending technical review,Format and terminology variants generated from confirmed part name,/parts/pge-kik-007/
PGE-KIK-008,Contact Load Cell,Kikusui,Model unresolved,/assets/images/parts/kikusui/general/contact-load-cell.webp,Existing catalog card and image-path model folder,Identity confirmed; detailed function pending technical review,Format and terminology variants generated from confirmed part name,/parts/pge-kik-008/
PGE-KIK-009,Cutoff Arm Reject Cover Original,Kikusui,Model unresolved,/assets/images/parts/kikusui/general/cutoff-arm-reject-cover-original.webp,Existing catalog card and image-path model folder,Identity confirmed; detailed function pending technical review,Format and terminology variants generated from confirmed part name,/parts/pge-kik-009/
PGE-KIK-010,Cutoff Arm Reject Cover Regular Size,Kikusui,Model unresolved,/assets/images/parts/kikusui/general/cutoff-arm-reject-cover-regular-size.webp,Existing catalog card and image-path model folder,Identity confirmed; detailed function pending technical review,Format and terminology variants generated from confirmed part name,/parts/pge-kik-010/
PGE-KIK-011,Digital Tachometer,Kikusui,Model unresolved,/assets/images/parts/kikusui/general/digital-tachometer.webp,Existing catalog card and image-path model folder,Identity confirmed; detailed function pending technical review,Format and terminology variants generated from confirmed part name,/parts/pge-kik-011/
PGE-KIK-012,Dosing Rail,Kikusui,Model unresolved,/assets/images/parts/kikusui/general/dosing-rail.webp,Existing catalog card and image-path model folder,Identity confirmed; detailed function pending technical review,Format and terminology variants generated from confirmed part name,/parts/pge-kik-012/
PGE-KIK-013,Drive Shaft Collar Set,Kikusui,Model unresolved,/assets/images/parts/kikusui/general/drive-shaft-collar-set.webp,Existing catalog card and image-path model folder,Identity confirmed; detailed function pending technical review,Format and terminology variants generated from confirmed part name,/parts/pge-kik-013/
PGE-KIK-014,Ejection Cam,Kikusui,Model unresolved,/assets/images/parts/kikusui/general/ejection-cam.webp,Existing catalog card and image-path model folder,Identity confirmed; detailed function pending technical review,Format and terminology variants generated from confirmed part name,/parts/pge-kik-014/
PGE-KIK-015,Gasket,Kikusui,Model unresolved,/assets/images/parts/kikusui/general/gasket.webp,Existing catalog card and image-path model folder,Identity confirmed; detailed function pending technical review,Format and terminology variants generated from confirmed part name,/parts/pge-kik-015/
PGE-KIK-016,Guide Component,Kikusui,Model unresolved,/assets/images/parts/kikusui/general/guide-component.webp,Existing catalog card and image-path model folder,Identity confirmed; detailed function pending technical review,Format and terminology variants generated from confirmed part name,/parts/pge-kik-016/
PGE-KIK-017,Hose Adapter For Kikusui,Kikusui,Model unresolved,/assets/images/parts/kikusui/general/hose-adapter-for-kikusui.webp,Existing catalog card and image-path model folder,Identity confirmed; detailed function pending technical review,Format and terminology variants generated from confirmed part name,/parts/pge-kik-017/
PGE-KIK-018,Idf Bushing For Kikusui,Kikusui,Model unresolved,/assets/images/parts/kikusui/general/idf-bushing-for-kikusui.webp,Existing catalog card and image-path model folder,Identity confirmed; detailed function pending technical review,Format and terminology variants generated from confirmed part name,/parts/pge-kik-018/
PGE-KIK-019,Idf Drive Gear,Kikusui,Model unresolved,/assets/images/parts/kikusui/general/idf-drive-gear.webp,Existing catalog card and image-path model folder,Identity confirmed; detailed function pending technical review,Format and terminology variants generated from confirmed part name,/parts/pge-kik-019/
PGE-KIK-020,Idf Inlet Gasket,Kikusui,Model unresolved,/assets/images/parts/kikusui/general/idf-inlet-gasket.webp,Existing catalog card and image-path model folder,Identity confirmed; detailed function pending technical review,Format and terminology variants generated from confirmed part name,/parts/pge-kik-020/
PGE-KIK-021,Idf Lower Drive Shaft,Kikusui,Model unresolved,/assets/images/parts/kikusui/general/idf-lower-drive-shaft.webp,Existing catalog card and image-path model folder,Identity confirmed; detailed function pending technical review,Format and terminology variants generated from confirmed part name,/parts/pge-kik-021/
PGE-KIK-022,Idf Potentiometer,Kikusui,Model unresolved,/assets/images/parts/kikusui/general/idf-potentiometer.webp,Existing catalog card and image-path model folder,Identity confirmed; detailed function pending technical review,Format and terminology variants generated from confirmed part name,/parts/pge-kik-022/
PGE-KIK-023,Idf Teflon Seal,Kikusui,Model unresolved,/assets/images/parts/kikusui/general/idf-teflon-seal.webp,Existing catalog card and image-path model folder,Identity confirmed; detailed function pending technical review,Format and terminology variants generated from confirmed part name,/parts/pge-kik-023/
PGE-KIK-024,Interior Vacuum Unit,Kikusui,Model unresolved,/assets/images/parts/kikusui/general/interior-vacuum-unit.webp,Existing catalog card and image-path model folder,Identity confirmed; detailed function pending technical review,Format and terminology variants generated from confirmed part name,/parts/pge-kik-024/
PGE-KIK-025,Limit Switch,Kikusui,Model unresolved,/assets/images/parts/kikusui/general/limit-switch.webp,Existing catalog card and image-path model folder,Identity confirmed; detailed function pending technical review,Format and terminology variants generated from confirmed part name,/parts/pge-kik-025/
PGE-KIK-026,Lower Guide Rail Knob,Kikusui,Model unresolved,/assets/images/parts/kikusui/general/lower-guide-rail-knob.webp,Existing catalog card and image-path model folder,Identity confirmed; detailed function pending technical review,Format and terminology variants generated from confirmed part name,/parts/pge-kik-026/
PGE-KIK-027,Lower Punch Dust Chute,Kikusui,Model unresolved,/assets/images/parts/kikusui/general/lower-punch-dust-chute.webp,Existing catalog card and image-path model folder,Identity confirmed; detailed function pending technical review,Format and terminology variants generated from confirmed part name,/parts/pge-kik-027/
PGE-KIK-028,Main Compression Adjustment Shaft,Kikusui,Model unresolved,/assets/images/parts/kikusui/general/main-compression-adjustment-shaft.webp,Existing catalog card and image-path model folder,Identity confirmed; detailed function pending technical review,Format and terminology variants generated from confirmed part name,/parts/pge-kik-028/
PGE-KIK-029,Main Compression Lower Roll Shaft,Kikusui,Model unresolved,/assets/images/parts/kikusui/general/main-compression-lower-roll-shaft.webp,Existing catalog card and image-path model folder,Identity confirmed; detailed function pending technical review,Format and terminology variants generated from confirmed part name,/parts/pge-kik-029/
PGE-KIK-030,Main Compression Upper Roll Shaft,Kikusui,Model unresolved,/assets/images/parts/kikusui/general/main-compression-upper-roll-shaft.webp,Existing catalog card and image-path model folder,Identity confirmed; detailed function pending technical review,Format and terminology variants generated from confirmed part name,/parts/pge-kik-030/
PGE-KIK-031,Main Pressure Adjusting Worm,Kikusui,Model unresolved,/assets/images/parts/kikusui/general/main-pressure-adjusting-worm.webp,Existing catalog card and image-path model folder,Identity confirmed; detailed function pending technical review,Format and terminology variants generated from confirmed part name,/parts/pge-kik-031/
PGE-KIK-032,Microswitch,Kikusui,Model unresolved,/assets/images/parts/kikusui/general/microswitch.webp,Existing catalog card and image-path model folder,Identity confirmed; detailed function pending technical review,Format and terminology variants generated from confirmed part name,/parts/pge-kik-032/
PGE-KIK-033,Motor Contactor,Kikusui,Model unresolved,/assets/images/parts/kikusui/general/motor-contactor.webp,Existing catalog card and image-path model folder,Identity confirmed; detailed function pending technical review,Format and terminology variants generated from confirmed part name,/parts/pge-kik-033/
PGE-KIK-034,Panel Meter,Kikusui,Model unresolved,/assets/images/parts/kikusui/general/panel-meter.webp,Existing catalog card and image-path model folder,Identity confirmed; detailed function pending technical review,Format and terminology variants generated from confirmed part name,/parts/pge-kik-034/
PGE-KIK-035,Potentiometer Fill Pre Main,Kikusui,Model unresolved,/assets/images/parts/kikusui/general/potentiometer-fill-pre-main.webp,Existing catalog card and image-path model folder,Identity confirmed; detailed function pending technical review,Format and terminology variants generated from confirmed part name,/parts/pge-kik-035/
PGE-KIK-036,Potentiometer Main Idf,Kikusui,Model unresolved,/assets/images/parts/kikusui/general/potentiometer-main-idf.webp,Existing catalog card and image-path model folder,Identity confirmed; detailed function pending technical review,Format and terminology variants generated from confirmed part name,/parts/pge-kik-036/
PGE-KIK-037,Powder Inlet Gasket For Kikusui,Kikusui,Model unresolved,/assets/images/parts/kikusui/general/powder-inlet-gasket-for-kikusui.webp,Existing catalog card and image-path model folder,Identity confirmed; detailed function pending technical review,Format and terminology variants generated from confirmed part name,/parts/pge-kik-037/
PGE-KIK-038,Pre Compression Adjustment Shaft,Kikusui,Model unresolved,/assets/images/parts/kikusui/general/pre-compression-adjustment-shaft.webp,Existing catalog card and image-path model folder,Identity confirmed; detailed function pending technical review,Format and terminology variants generated from confirmed part name,/parts/pge-kik-038/
PGE-KIK-039,Pre Compression Lower Roll Shaft,Kikusui,Model unresolved,/assets/images/parts/kikusui/general/pre-compression-lower-roll-shaft.webp,Existing catalog card and image-path model folder,Identity confirmed; detailed function pending technical review,Format and terminology variants generated from confirmed part name,/parts/pge-kik-039/
PGE-KIK-040,Pre Compression Upper Roll Shaft,Kikusui,Model unresolved,/assets/images/parts/kikusui/general/pre-compression-upper-roll-shaft.webp,Existing catalog card and image-path model folder,Identity confirmed; detailed function pending technical review,Format and terminology variants generated from confirmed part name,/parts/pge-kik-040/
PGE-KIK-041,Pre Pressure Adjusting Worm Wheel,Kikusui,Model unresolved,/assets/images/parts/kikusui/general/pre-pressure-adjusting-worm-wheel.webp,Existing catalog card and image-path model folder,Identity confirmed; detailed function pending technical review,Format and terminology variants generated from confirmed part name,/parts/pge-kik-041/
PGE-KIK-042,Product Chute,Kikusui,Model unresolved,/assets/images/parts/kikusui/general/product-chute.webp,Existing catalog card and image-path model folder,Identity confirmed; detailed function pending technical review,Format and terminology variants generated from confirmed part name,/parts/pge-kik-042/
PGE-KIK-043,Proximity Sensor,Kikusui,Model unresolved,/assets/images/parts/kikusui/general/proximity-sensor.webp,Existing catalog card and image-path model folder,Identity confirmed; detailed function pending technical review,Format and terminology variants generated from confirmed part name,/parts/pge-kik-043/
PGE-KIK-044,Pushbutton Switch For Filling Depth,Kikusui,Model unresolved,/assets/images/parts/kikusui/general/pushbutton-switch-for-filling-depth.webp,Existing catalog card and image-path model folder,Identity confirmed; detailed function pending technical review,Format and terminology variants generated from confirmed part name,/parts/pge-kik-044/
PGE-KIK-045,Rear Acrylic Cover,Kikusui,Model unresolved,/assets/images/parts/kikusui/general/rear-acrylic-cover.webp,Existing catalog card and image-path model folder,Identity confirmed; detailed function pending technical review,Format and terminology variants generated from confirmed part name,/parts/pge-kik-045/
PGE-KIK-046,Reject Air Regulator,Kikusui,Model unresolved,/assets/images/parts/kikusui/general/reject-air-regulator.webp,Existing catalog card and image-path model folder,Identity confirmed; detailed function pending technical review,Format and terminology variants generated from confirmed part name,/parts/pge-kik-046/
PGE-KIK-047,Reject Chute Cover,Kikusui,Model unresolved,/assets/images/parts/kikusui/general/reject-chute-cover.webp,Existing catalog card and image-path model folder,Identity confirmed; detailed function pending technical review,Format and terminology variants generated from confirmed part name,/parts/pge-kik-047/
PGE-KIK-048,Roller Limit Switch,Kikusui,Model unresolved,/assets/images/parts/kikusui/general/roller-limit-switch.webp,Existing catalog card and image-path model folder,Identity confirmed; detailed function pending technical review,Format and terminology variants generated from confirmed part name,/parts/pge-kik-048/
PGE-KIK-049,Seal Strip,Kikusui,Model unresolved,/assets/images/parts/kikusui/general/seal-strip.webp,Existing catalog card and image-path model folder,Identity confirmed; detailed function pending technical review,Format and terminology variants generated from confirmed part name,/parts/pge-kik-049/
PGE-KIK-050,Selector Switch With Keys,Kikusui,Model unresolved,/assets/images/parts/kikusui/general/selector-switch-with-keys.webp,Existing catalog card and image-path model folder,Identity confirmed; detailed function pending technical review,Format and terminology variants generated from confirmed part name,/parts/pge-kik-050/
PGE-KIK-051,Selector Switch,Kikusui,Model unresolved,/assets/images/parts/kikusui/general/selector-switch.webp,Existing catalog card and image-path model folder,Identity confirmed; detailed function pending technical review,Format and terminology variants generated from confirmed part name,/parts/pge-kik-051/
PGE-KIK-052,Tension Pulley Assembly For The Main Drive,Kikusui,Model unresolved,/assets/images/parts/kikusui/general/tension-pulley-assembly-for-the-main-drive.webp,Existing catalog card and image-path model folder,Identity confirmed; detailed function pending technical review,Format and terminology variants generated from confirmed part name,/parts/pge-kik-052/
PGE-KIK-053,Upper Chute Cover,Kikusui,Model unresolved,/assets/images/parts/kikusui/general/upper-chute-cover.webp,Existing catalog card and image-path model folder,Identity confirmed; detailed function pending technical review,Format and terminology variants generated from confirmed part name,/parts/pge-kik-053/
PGE-KIK-054,Upper Rejection Chute,Kikusui,Model unresolved,/assets/images/parts/kikusui/general/upper-rejection-chute.webp,Existing catalog card and image-path model folder,Identity confirmed; detailed function pending technical review,Format and terminology variants generated from confirmed part name,/parts/pge-kik-054/
PGE-KIK-055,Vacuum Hose Kit,Kikusui,Model unresolved,/assets/images/parts/kikusui/general/vacuum-hose-kit.webp,Existing catalog card and image-path model folder,Identity confirmed; detailed function pending technical review,Format and terminology variants generated from confirmed part name,/parts/pge-kik-055/
PGE-KIK-056,Vibration Switch Controller,Kikusui,Model unresolved,/assets/images/parts/kikusui/general/vibration-switch-controller.webp,Existing catalog card and image-path model folder,Identity confirmed; detailed function pending technical review,Format and terminology variants generated from confirmed part name,/parts/pge-kik-056/
PGE-KIK-057,Vibration Switch,Kikusui,Model unresolved,/assets/images/parts/kikusui/general/vibration-switch.webp,Existing catalog card and image-path model folder,Identity confirmed; detailed function pending technical review,Format and terminology variants generated from confirmed part name,/parts/pge-kik-057/
PGE-KIK-058,Bronze Ejection Cam,Kikusui,Model unresolved,/assets/images/parts/kikusui/libra/bronze-ejection-cam.webp,Existing catalog card and image-path model folder,Identity confirmed; detailed function pending technical review,Format and terminology variants generated from confirmed part name,/parts/pge-kik-058/
PGE-KIK-059,Cover For Tail Over Die,Kikusui,Model unresolved,/assets/images/parts/kikusui/libra/cover-for-tail-over-die.webp,Existing catalog card and image-path model folder,Identity confirmed; detailed function pending technical review,Format and terminology variants generated from confirmed part name,/parts/pge-kik-059/
PGE-KIK-060,Discharge Tube,Kikusui,Model unresolved,/assets/images/parts/kikusui/libra/discharge-tube.webp,Existing catalog card and image-path model folder,Identity confirmed; detailed function pending technical review,Format and terminology variants generated from confirmed part name,/parts/pge-kik-060/
PGE-KIK-061,Ejection Cam Base,Kikusui,Model unresolved,/assets/images/parts/kikusui/libra/ejection-cam-base.webp,Existing catalog card and image-path model folder,Identity confirmed; detailed function pending technical review,Format and terminology variants generated from confirmed part name,/parts/pge-kik-061/
PGE-KIK-062,Front Die Table Cover,Kikusui,Model unresolved,/assets/images/parts/kikusui/libra/front-die-table-cover.webp,Existing catalog card and image-path model folder,Identity confirmed; detailed function pending technical review,Format and terminology variants generated from confirmed part name,/parts/pge-kik-062/
PGE-KIK-063,Idf Base Scraper,Kikusui,Model unresolved,/assets/images/parts/kikusui/libra/idf-base-scraper.webp,Existing catalog card and image-path model folder,Identity confirmed; detailed function pending technical review,Format and terminology variants generated from confirmed part name,/parts/pge-kik-063/
PGE-KIK-064,Idf Exit Plate,Kikusui,Model unresolved,/assets/images/parts/kikusui/libra/idf-exit-plate.webp,Existing catalog card and image-path model folder,Identity confirmed; detailed function pending technical review,Format and terminology variants generated from confirmed part name,/parts/pge-kik-064/
PGE-KIK-065,Inlet Flange,Kikusui,Model unresolved,/assets/images/parts/kikusui/libra/inlet-flange.webp,Existing catalog card and image-path model folder,Identity confirmed; detailed function pending technical review,Format and terminology variants generated from confirmed part name,/parts/pge-kik-065/
PGE-KIK-066,Left Side Acrylic Cover,Kikusui,Model unresolved,/assets/images/parts/kikusui/libra/left-side-acrylic-cover.webp,Existing catalog card and image-path model folder,Identity confirmed; detailed function pending technical review,Format and terminology variants generated from confirmed part name,/parts/pge-kik-066/
PGE-KIK-067,Lower Fill Cam Guide,Kikusui,Model unresolved,/assets/images/parts/kikusui/libra/lower-fill-cam-guide.webp,Existing catalog card and image-path model folder,Identity confirmed; detailed function pending technical review,Format and terminology variants generated from confirmed part name,/parts/pge-kik-067/
PGE-KIK-068,Newlite Entrance Plate,Kikusui,Model unresolved,/assets/images/parts/kikusui/libra/newlite-entrance-plate.webp,Existing catalog card and image-path model folder,Identity confirmed; detailed function pending technical review,Format and terminology variants generated from confirmed part name,/parts/pge-kik-068/
PGE-KIK-069,Pipe Feeder,Kikusui,Model unresolved,/assets/images/parts/kikusui/libra/pipe-feeder.webp,Existing catalog card and image-path model folder,Identity confirmed; detailed function pending technical review,Format and terminology variants generated from confirmed part name,/parts/pge-kik-069/
PGE-KIK-070,Powder Inlet Sponge,Kikusui,Model unresolved,/assets/images/parts/kikusui/libra/powder-inlet-sponge.webp,Existing catalog card and image-path model folder,Identity confirmed; detailed function pending technical review,Format and terminology variants generated from confirmed part name,/parts/pge-kik-070/
PGE-KIK-071,Right Side Acrylic Cover,Kikusui,Model unresolved,/assets/images/parts/kikusui/libra/right-side-acrylic-cover.webp,Existing catalog card and image-path model folder,Identity confirmed; detailed function pending technical review,Format and terminology variants generated from confirmed part name,/parts/pge-kik-071/
PGE-KIK-072,Tail Over Die Exit Scraper,Kikusui,Model unresolved,/assets/images/parts/kikusui/libra/tail-over-die-exit-scraper.webp,Existing catalog card and image-path model folder,Identity confirmed; detailed function pending technical review,Format and terminology variants generated from confirmed part name,/parts/pge-kik-072/
PGE-KIK-073,Tail Over Die,Kikusui,Model unresolved,/assets/images/parts/kikusui/libra/tail-over-die.webp,Existing catalog card and image-path model folder,Identity confirmed; detailed function pending technical review,Format and terminology variants generated from confirmed part name,/parts/pge-kik-073/
PGE-KIK-074,Take Off Arm Scraper,Kikusui,Model unresolved,/assets/images/parts/kikusui/libra/take-off-arm-scraper.webp,Existing catalog card and image-path model folder,Identity confirmed; detailed function pending technical review,Format and terminology variants generated from confirmed part name,/parts/pge-kik-074/
PGE-KIK-075,Turret Scraper Long 225Mm,Kikusui,Model unresolved,/assets/images/parts/kikusui/libra/turret-scraper-long-225mm.webp,Existing catalog card and image-path model folder,Identity confirmed; detailed function pending technical review,Format and terminology variants generated from confirmed part name,/parts/pge-kik-075/
PGE-KIK-076,Turret Scraper Short 135Mm,Kikusui,Model unresolved,/assets/images/parts/kikusui/libra/turret-scraper-short-135mm.webp,Existing catalog card and image-path model folder,Identity confirmed; detailed function pending technical review,Format and terminology variants generated from confirmed part name,/parts/pge-kik-076/
PGE-KIK-077,Upper Chute Cover With Clasp,Kikusui,Model unresolved,/assets/images/parts/kikusui/libra/upper-chute-cover-with-clasp.webp,Existing catalog card and image-path model folder,Identity confirmed; detailed function pending technical review,Format and terminology variants generated from confirmed part name,/parts/pge-kik-077/
PGE-KIK-078,Upper Guide Rail Base,Kikusui,Model unresolved,/assets/images/parts/kikusui/libra/upper-guide-rail-base.webp,Existing catalog card and image-path model folder,Identity confirmed; detailed function pending technical review,Format and terminology variants generated from confirmed part name,/parts/pge-kik-078/
PGE-KIK-079,Vacuum Hose For Lf Acrylic Cover,Kikusui,Model unresolved,/assets/images/parts/kikusui/libra/vacuum-hose-for-lf-acrylic-cover.webp,Existing catalog card and image-path model folder,Identity confirmed; detailed function pending technical review,Format and terminology variants generated from confirmed part name,/parts/pge-kik-079/
PGE-KIK-080,Large 40 Tooth Idler Gear,Kikusui,Model unresolved,/assets/images/parts/kikusui/libra-2/large-40-tooth-idler-gear.webp,Existing catalog card and image-path model folder,Identity confirmed; detailed function pending technical review,Format and terminology variants generated from confirmed part name,/parts/pge-kik-080/
PGE-KIK-081,Lexan Dust Cover,Kikusui,Model unresolved,/assets/images/parts/kikusui/libra-2/lexan-dust-cover.webp,Existing catalog card and image-path model folder,Identity confirmed; detailed function pending technical review,Format and terminology variants generated from confirmed part name,/parts/pge-kik-081/
PGE-KIK-082,Safety Cam,Kikusui,Model unresolved,/assets/images/parts/kikusui/libra-2/safety-cam.webp,Existing catalog card and image-path model folder,Identity confirmed; detailed function pending technical review,Format and terminology variants generated from confirmed part name,/parts/pge-kik-082/
PGE-KIK-083,Upper Lowering Cam,Kikusui,Model unresolved,/assets/images/parts/kikusui/libra-2/upper-lowering-cam.webp,Existing catalog card and image-path model folder,Identity confirmed; detailed function pending technical review,Format and terminology variants generated from confirmed part name,/parts/pge-kik-083/
PGE-KIK-084,Lower Punch Plates,Kikusui,Model unresolved,/assets/images/parts/kikusui/libra-36-station/lower-punch-plates.webp,Existing catalog card and image-path model folder,Identity confirmed; detailed function pending technical review,Format and terminology variants generated from confirmed part name,/parts/pge-kik-084/
PGE-KIK-085,Upper Punch Plates,Kikusui,Model unresolved,/assets/images/parts/kikusui/libra-36-station/upper-punch-plates.webp,Existing catalog card and image-path model folder,Identity confirmed; detailed function pending technical review,Format and terminology variants generated from confirmed part name,/parts/pge-kik-085/
PGE-KIK-086,Fill Cam 4 11Mm,Kikusui,Model unresolved,/assets/images/parts/kikusui/libra-libra-2/fill-cam-4-11mm.webp,Existing catalog card and image-path model folder,Identity confirmed; detailed function pending technical review,Format and terminology variants generated from confirmed part name,/parts/pge-kik-086/
PGE-KIK-087,Fill Cam 9 16Mm,Kikusui,Model unresolved,/assets/images/parts/kikusui/libra-libra-2/fill-cam-9-16mm.webp,Existing catalog card and image-path model folder,Identity confirmed; detailed function pending technical review,Format and terminology variants generated from confirmed part name,/parts/pge-kik-087/
PGE-KIK-088,Agitator Paddles For Idf,Kikusui,Model unresolved,/assets/images/parts/kikusui/model-unconfirmed/agitator-paddles-for-idf.webp,Existing catalog card and image-path model folder,Identity confirmed; detailed function pending technical review,Format and terminology variants generated from confirmed part name,/parts/pge-kik-088/
PGE-KIK-089,Snw Assembly,Kikusui,Model unresolved,/assets/images/parts/kikusui/model-unconfirmed/snw-assembly.webp,Existing catalog card and image-path model folder,Identity confirmed; detailed function pending technical review,Format and terminology variants generated from confirmed part name,/parts/pge-kik-089/
PGE-STK-001,Bushing,Stokes,Model unresolved,/assets/images/parts/stokes/328/bushing.webp,Existing catalog card and image-path model folder,Identity confirmed; detailed function pending technical review,Format and terminology variants generated from confirmed part name,/parts/pge-stk-001/
PGE-STK-002,Dc Motor Controller,Stokes,Model unresolved,/assets/images/parts/stokes/328/dc-motor-controller.webp,Existing catalog card and image-path model folder,Identity confirmed; detailed function pending technical review,Format and terminology variants generated from confirmed part name,/parts/pge-stk-002/
PGE-STK-003,Die Lock Screw,Stokes,Model unresolved,/assets/images/parts/stokes/328/die-lock-screw.webp,Existing catalog card and image-path model folder,Identity confirmed; detailed function pending technical review,Format and terminology variants generated from confirmed part name,/parts/pge-stk-003/
PGE-STK-004,Feeder Cover Window,Stokes,Model unresolved,/assets/images/parts/stokes/328/feeder-cover-window.webp,Existing catalog card and image-path model folder,Identity confirmed; detailed function pending technical review,Format and terminology variants generated from confirmed part name,/parts/pge-stk-004/
PGE-STK-005,Feeder Pan,Stokes,Model unresolved,/assets/images/parts/stokes/328/feeder-pan.webp,Existing catalog card and image-path model folder,Identity confirmed; detailed function pending technical review,Format and terminology variants generated from confirmed part name,/parts/pge-stk-005/
PGE-STK-006,Flanged Idler Pulley,Stokes,328,/assets/images/parts/stokes/328/flanged-idler-pulley.webp,Existing catalog card and image-path model folder,Identity confirmed; detailed function pending technical review,Format and terminology variants generated from confirmed part name,/parts/pge-stk-006/
PGE-STK-007,Hold Down Cam,Stokes,Model unresolved,/assets/images/parts/stokes/328/hold-down-cam.webp,Existing catalog card and image-path model folder,Identity confirmed; detailed function pending technical review,Format and terminology variants generated from confirmed part name,/parts/pge-stk-007/
PGE-STK-008,Idler Bolt,Stokes,Model unresolved,/assets/images/parts/stokes/328/idler-bolt.webp,Existing catalog card and image-path model folder,Identity confirmed; detailed function pending technical review,Format and terminology variants generated from confirmed part name,/parts/pge-stk-008/
PGE-STK-009,Insert Cam Fill Variant,Stokes,Model unresolved,/assets/images/parts/stokes/328/insert-cam-fill-variant.webp,Existing catalog card and image-path model folder,Identity confirmed; detailed function pending technical review,Format and terminology variants generated from confirmed part name,/parts/pge-stk-009/
PGE-STK-010,Large Feeder Paddle With Plow,Stokes,Model unresolved,/assets/images/parts/stokes/328/large-feeder-paddle-with-plow.webp,Existing catalog card and image-path model folder,Identity confirmed; detailed function pending technical review,Format and terminology variants generated from confirmed part name,/parts/pge-stk-010/
PGE-STK-011,Large Stainless Feeder Paddle,Stokes,Model unresolved,/assets/images/parts/stokes/328/large-stainless-feeder-paddle.webp,Existing catalog card and image-path model folder,Identity confirmed; detailed function pending technical review,Format and terminology variants generated from confirmed part name,/parts/pge-stk-011/
PGE-STK-012,Leveling Eccentric,Stokes,Model unresolved,/assets/images/parts/stokes/328/leveling-eccentric.webp,Existing catalog card and image-path model folder,Identity confirmed; detailed function pending technical review,Format and terminology variants generated from confirmed part name,/parts/pge-stk-012/
PGE-STK-013,Lower Pull-Down Cam - 1-3/8 Inch Fill,Stokes,328,/assets/images/parts/stokes/328/lower-pull-down-cam-1-3-8-fill.webp,Existing catalog card and image-path model folder,Identity confirmed; detailed function pending technical review,Format and terminology variants generated from confirmed part name,/parts/pge-stk-013/
PGE-STK-014,Lower Pull-Down Cam - 11/16 Inch Fill,Stokes,328,/assets/images/parts/stokes/328/lower-pull-down-cam-11-16-fill.webp,Existing catalog card and image-path model folder,Identity confirmed; detailed function pending technical review,Format and terminology variants generated from confirmed part name,/parts/pge-stk-014/
PGE-STK-015,"Lower Pull-Down Cam - 7/8 Inch Fill, Series 33",Stokes,328,/assets/images/parts/stokes/328/lower-pull-down-cam-7-8-fill-series-33.webp,Existing catalog card and image-path model folder,Identity confirmed; detailed function pending technical review,Format and terminology variants generated from confirmed part name,/parts/pge-stk-015/
PGE-STK-016,Press Scraper,Stokes,Model unresolved,/assets/images/parts/stokes/328/press-scraper.webp,Existing catalog card and image-path model folder,Identity confirmed; detailed function pending technical review,Format and terminology variants generated from confirmed part name,/parts/pge-stk-016/
PGE-STK-017,Scraper Support Post,Stokes,Model unresolved,/assets/images/parts/stokes/328/scraper-support-post.webp,Existing catalog card and image-path model folder,Identity confirmed; detailed function pending technical review,Format and terminology variants generated from confirmed part name,/parts/pge-stk-017/
PGE-STK-018,Small Feeder Paddle With Plow,Stokes,Model unresolved,/assets/images/parts/stokes/328/small-feeder-paddle-with-plow.webp,Existing catalog card and image-path model folder,Identity confirmed; detailed function pending technical review,Format and terminology variants generated from confirmed part name,/parts/pge-stk-018/
PGE-STK-019,Small Feeder Paddle,Stokes,Model unresolved,/assets/images/parts/stokes/328/small-feeder-paddle.webp,Existing catalog card and image-path model folder,Identity confirmed; detailed function pending technical review,Format and terminology variants generated from confirmed part name,/parts/pge-stk-019/
PGE-STK-020,Small Stainless Feeder Paddle,Stokes,Model unresolved,/assets/images/parts/stokes/328/small-stainless-feeder-paddle.webp,Existing catalog card and image-path model folder,Identity confirmed; detailed function pending technical review,Format and terminology variants generated from confirmed part name,/parts/pge-stk-020/
PGE-STK-021,Sump Cleanout Gasket,Stokes,Model unresolved,/assets/images/parts/stokes/328/sump-cleanout-gasket.webp,Existing catalog card and image-path model folder,Identity confirmed; detailed function pending technical review,Format and terminology variants generated from confirmed part name,/parts/pge-stk-021/
PGE-STK-022,Upper Roll Thrust Plate,Stokes,Model unresolved,/assets/images/parts/stokes/328/upper-roll-thrust-plate.webp,Existing catalog card and image-path model folder,Identity confirmed; detailed function pending technical review,Format and terminology variants generated from confirmed part name,/parts/pge-stk-022/
PGE-STK-023,Weight Adjustment Handwheel,Stokes,Model unresolved,/assets/images/parts/stokes/328/weight-adjustment-handwheel.webp,Existing catalog card and image-path model folder,Identity confirmed; detailed function pending technical review,Format and terminology variants generated from confirmed part name,/parts/pge-stk-023/
PGE-STK-024,Inverter Ready Motor,Stokes,Model unresolved,/assets/images/parts/stokes/328-2/inverter-ready-motor.webp,Existing catalog card and image-path model folder,Identity confirmed; detailed function pending technical review,Format and terminology variants generated from confirmed part name,/parts/pge-stk-024/
PGE-STK-025,Clutch Shifter Lever Locking Sleeve,Stokes,Model unresolved,/assets/images/parts/stokes/328-new-style/clutch-shifter-lever-locking-sleeve.webp,Existing catalog card and image-path model folder,Identity confirmed; detailed function pending technical review,Format and terminology variants generated from confirmed part name,/parts/pge-stk-025/
PGE-STK-026,Oil Pump,Stokes,Model unresolved,/assets/images/parts/stokes/328-new-style/oil-pump.webp,Existing catalog card and image-path model folder,Identity confirmed; detailed function pending technical review,Format and terminology variants generated from confirmed part name,/parts/pge-stk-026/
PGE-STK-027,Pressure Roller,Stokes,Model unresolved,/assets/images/parts/stokes/328-new-style/pressure-roller.webp,Existing catalog card and image-path model folder,Identity confirmed; detailed function pending technical review,Format and terminology variants generated from confirmed part name,/parts/pge-stk-027/
PGE-STK-028,Pump Mounting Bracket,Stokes,Model unresolved,/assets/images/parts/stokes/328-new-style/pump-mounting-bracket.webp,Existing catalog card and image-path model folder,Identity confirmed; detailed function pending technical review,Format and terminology variants generated from confirmed part name,/parts/pge-stk-028/
PGE-STK-029,Dust Box,Stokes,Model unresolved,/assets/images/parts/stokes/747/dust-box.webp,Existing catalog card and image-path model folder,Identity confirmed; detailed function pending technical review,Format and terminology variants generated from confirmed part name,/parts/pge-stk-029/
PGE-STK-030,D Tooling Dwell Cam,Stokes,Model unresolved,/assets/images/parts/stokes/757-genesis/d-tooling-dwell-cam.webp,Existing catalog card and image-path model folder,Identity confirmed; detailed function pending technical review,Format and terminology variants generated from confirmed part name,/parts/pge-stk-030/
PGE-STK-031,Dwell Cam,Stokes,Model unresolved,/assets/images/parts/stokes/757-genesis/dwell-cam.webp,Existing catalog card and image-path model folder,Identity confirmed; detailed function pending technical review,Format and terminology variants generated from confirmed part name,/parts/pge-stk-031/
PGE-STK-032,Front Ejection Cam,Stokes,Model unresolved,/assets/images/parts/stokes/757-genesis/front-ejection-cam.webp,Existing catalog card and image-path model folder,Identity confirmed; detailed function pending technical review,Format and terminology variants generated from confirmed part name,/parts/pge-stk-032/
PGE-STK-033,Lower Pre Compression Cam,Stokes,Model unresolved,/assets/images/parts/stokes/757-genesis/lower-pre-compression-cam.webp,Existing catalog card and image-path model folder,Identity confirmed; detailed function pending technical review,Format and terminology variants generated from confirmed part name,/parts/pge-stk-033/
PGE-STK-034,Rear Ejection Cam,Stokes,Model unresolved,/assets/images/parts/stokes/757-genesis/rear-ejection-cam.webp,Existing catalog card and image-path model folder,Identity confirmed; detailed function pending technical review,Format and terminology variants generated from confirmed part name,/parts/pge-stk-034/
PGE-STK-035,Lower Gear Guard,Stokes,Model unresolved,/assets/images/parts/stokes/b2/lower-gear-guard.webp,Existing catalog card and image-path model folder,Identity confirmed; detailed function pending technical review,Format and terminology variants generated from confirmed part name,/parts/pge-stk-035/
PGE-STK-036,Belt Guard,Stokes,BB2,/assets/images/parts/stokes/bb2/belt-guard.webp,Existing catalog card and image-path model folder,Identity confirmed; detailed function pending technical review,Format and terminology variants generated from confirmed part name,/parts/pge-stk-036/
PGE-STK-037,Rear Guard Apron - 3 Point,Stokes,BB2,/assets/images/parts/stokes/bb2/rear-guard-apron-3-point.webp,Existing catalog card and image-path model folder,Identity confirmed; detailed function pending technical review,Format and terminology variants generated from confirmed part name,/parts/pge-stk-037/
PGE-STK-038,Weight Adjuster Cam,Stokes,Model unresolved,/assets/images/parts/stokes/bb2/weight-adjuster-cam.webp,Existing catalog card and image-path model folder,Identity confirmed; detailed function pending technical review,Format and terminology variants generated from confirmed part name,/parts/pge-stk-038/
PGE-STK-039,Hopper,Stokes,Model unresolved,/assets/images/parts/stokes/bb4/hopper.webp,Existing catalog card and image-path model folder,Identity confirmed; detailed function pending technical review,Format and terminology variants generated from confirmed part name,/parts/pge-stk-039/
PGE-STK-040,Clutch Plate Assembly Shaft Bearings,Stokes,Model unresolved,/assets/images/parts/stokes/model-unconfirmed/clutch-plate-assembly-shaft-bearings.webp,Existing catalog card and image-path model folder,Identity confirmed; detailed function pending technical review,Format and terminology variants generated from confirmed part name,/parts/pge-stk-040/
PGE-STK-041,Full Oval Punch Set Ipt B,Stokes,Model unresolved,/assets/images/parts/stokes/model-unconfirmed/full-oval-punch-set-ipt-b.webp,Existing catalog card and image-path model folder,Identity confirmed; detailed function pending technical review,Format and terminology variants generated from confirmed part name,/parts/pge-stk-041/
PGE-STK-042,Inverter Ready Tablet Press Motor,Stokes,Model unresolved,/assets/images/parts/stokes/model-unconfirmed/inverter-ready-tablet-press-motor.webp,Existing catalog card and image-path model folder,Identity confirmed; detailed function pending technical review,Format and terminology variants generated from confirmed part name,/parts/pge-stk-042/
PGE-STK-043,Large Feeder Paddle,Stokes,Model unresolved,/assets/images/parts/stokes/model-unconfirmed/large-feeder-paddle.webp,Existing catalog card and image-path model folder,Identity confirmed; detailed function pending technical review,Format and terminology variants generated from confirmed part name,/parts/pge-stk-043/
PGE-STK-044,Shaft,Stokes,Model unresolved,/assets/images/parts/stokes/model-unconfirmed/shaft.webp,Existing catalog card and image-path model folder,Identity confirmed; detailed function pending technical review,Format and terminology variants generated from confirmed part name,/parts/pge-stk-044/
PGE-STK-045,Tablet Press Electric Motor,Stokes,Model unresolved,/assets/images/parts/stokes/model-unconfirmed/tablet-press-electric-motor.webp,Existing catalog card and image-path model folder,Identity confirmed; detailed function pending technical review,Format and terminology variants generated from confirmed part name,/parts/pge-stk-045/
PGE-STK-046,Oil Reservoir Housing,Stokes,Model unresolved,/assets/images/parts/stokes/multi-model/oil-reservoir-housing.webp,Existing catalog card and image-path model folder,Identity confirmed; detailed function pending technical review,Format and terminology variants generated from confirmed part name,/parts/pge-stk-046/
PGE-STK-047,Tall Cylindrical Hopper,Stokes,Model unresolved,/assets/images/parts/stokes/multi-model/tall-cylindrical-hopper.webp,Existing catalog card and image-path model folder,Identity confirmed; detailed function pending technical review,Format and terminology variants generated from confirmed part name,/parts/pge-stk-047/
